
 /----------------------------------------------------------------------------\
 |  yosys -- Yosys Open SYnthesis Suite                                       |
 |  Copyright (C) 2012 - 2026  Claire Xenia Wolf <claire@yosyshq.com>         |
 |  Distributed under an ISC-like license, type "license" to see terms        |
 \----------------------------------------------------------------------------/
 Yosys 0.69+24 (git sha1 d0e71cfb7-dirty, Release, Clang /usr/bin/clang++ 21.1.8)
[TCL: yosys -import] Command name collision: found pre-existing command `cd' -> skip.
[TCL: yosys -import] Command name collision: found pre-existing command `eval' -> skip.
[TCL: yosys -import] Command name collision: found pre-existing command `exec' -> skip.
[TCL: yosys -import] Command name collision: found pre-existing command `read' -> skip.
[TCL: yosys -import] Command name collision: found pre-existing command `trace' -> skip.

1. Executing SLANG frontend.
Top level design units:
    axi4_dma_bridge


Build succeeded: 0 errors, 0 warnings

1.1. Executing PROC_CLEAN pass (remove empty switches from decision trees).
Found and cleaned up 1 empty switch in `\axi4_dma_bridge.$465'.
Found and cleaned up 1 empty switch in `\axi4_dma_bridge.$365'.
Found and cleaned up 1 empty switch in `\axi4_dma_bridge.$353'.
Found and cleaned up 1 empty switch in `\axi4_dma_bridge.$252'.
Removing empty process `axi4_dma_bridge.$239'.
Found and cleaned up 1 empty switch in `\axi4_dma_bridge.$178'.
Found and cleaned up 3 empty switches in `\axi4_dma_bridge.$161'.
Found and cleaned up 3 empty switches in `\axi4_dma_bridge.$138'.
Found and cleaned up 3 empty switches in `\axi4_dma_bridge.$107'.
Found and cleaned up 3 empty switches in `\axi4_dma_bridge.$76'.
Found and cleaned up 3 empty switches in `\axi4_dma_bridge.$52'.
Found and cleaned up 3 empty switches in `\axi4_dma_bridge.$36'.
Found and cleaned up 1 empty switch in `\axi4_dma_bridge.$2'.
Cleaned up 24 empty switches.

1.2. Executing PROC_RMDEAD pass (remove dead branches from decision trees).
Marked 14 switch rules as full_case in process $365 in module axi4_dma_bridge.
Marked 13 switch rules as full_case in process $252 in module axi4_dma_bridge.
Removed 1 dead cases from process $465 in module axi4_dma_bridge.
Marked 7 switch rules as full_case in process $465 in module axi4_dma_bridge.
Marked 8 switch rules as full_case in process $178 in module axi4_dma_bridge.
Marked 2 switch rules as full_case in process $161 in module axi4_dma_bridge.
Marked 2 switch rules as full_case in process $138 in module axi4_dma_bridge.
Marked 2 switch rules as full_case in process $107 in module axi4_dma_bridge.
Marked 2 switch rules as full_case in process $76 in module axi4_dma_bridge.
Marked 2 switch rules as full_case in process $52 in module axi4_dma_bridge.
Marked 2 switch rules as full_case in process $36 in module axi4_dma_bridge.
Marked 1 switch rules as full_case in process $2 in module axi4_dma_bridge.
Removed a total of 1 dead cases.

1.3. Executing PROC_PRUNE pass (remove redundant assignments in processes).
Removed 38 redundant assignments.
Promoted 0 assignments to connections.

1.4. Executing PROC_INIT pass (extract init attributes).

1.5. Executing PROC_ROM pass (convert switches to ROMs).
Converted 0 switches.
<suppressed ~88 debug messages>

1.6. Executing PROC_MUX pass (convert decision trees to multiplexers).
Creating decoders for process `\axi4_dma_bridge.$365'.
     1/61: $bresp_err$432
     2/61: $bresp_err$436
     3/61: $wstate$435
     4/61: $wr_acked$434
     5/61: $wlast$421
     6/61: $wstate$424
     7/61: $wr_issued$423
     8/61: $wvalid$422
     9/61: $wdata$420
    10/61: $w_beat_cnt$430
    11/61: $wstate$429
    12/61: $wr_issued$428
    13/61: $wvalid$427
    14/61: $wlast$426
    15/61: $wdata$425
    16/61: $wstate$409
    17/61: $wvalid$408
    18/61: $wlast$407
    19/61: $wdata$406
    20/61: $awvalid$405
    21/61: $wstate$445
    22/61: $w_beat_cnt$400
    23/61: $w_burst_len$399
    24/61: $wstate$398
    25/61: $awvalid$397
    26/61: $awlen$396
    27/61: $awaddr$395
    28/61: $bresp_err$448
    29/61: $w_beat_cnt$447
    30/61: $w_burst_len$446
    31/61: $wr_acked$444
    32/61: $wr_issued$443
    33/61: $wvalid$442
    34/61: $wlast$441
    35/61: $wdata$440
    36/61: $awvalid$439
    37/61: $awlen$438
    38/61: $awaddr$437
    39/61: $wr_acked$388
    40/61: $wr_issued$387
    41/61: $wr_total$386
    42/61: $wf_count$381
    43/61: $wf_rptr$377
    44/61: $wf_wptr$372
    45/61: $bresp_err$464
    46/61: $wstate$461
    47/61: $wr_acked$460
    48/61: $wr_issued$459
    49/61: $wr_total$458
    50/61: $wf_rptr$457
    51/61: $wf_wptr$456
    52/61: $wf_count$455
    53/61: $wvalid$454
    54/61: $wlast$453
    55/61: $awvalid$451
    56/61: $w_beat_cnt$463
    57/61: $w_burst_len$462
    58/61: $wdata$452
    59/61: $awlen$450
    60/61: $awaddr$449
    61/61: $367
Creating decoders for process `\axi4_dma_bridge.$353'.
     1/1: $next_wburst_len$358
Creating decoders for process `\axi4_dma_bridge.$252'.
     1/57: $rready$326
     2/57: $rstate$309
     3/57: $rready$308
     4/57: $rstate$312
     5/57: $rd_issued$311
     6/57: $rready$310
     7/57: $r_burst_len$300
     8/57: $rstate$299
     9/57: $arvalid$298
    10/57: $arlen$297
    11/57: $araddr$296
    12/57: $rstate$304
    13/57: $r_burst_len$305
    14/57: $arvalid$303
    15/57: $arlen$302
    16/57: $araddr$301
    17/57: $rstate$283
    18/57: $rd_issued$282
    19/57: $rd_total$281
    20/57: $c_base_lat$280
    21/57: $a_base_lat$279
    22/57: $w_base_lat$278
    23/57: $m_rows_lat$277
    24/57: $r_burst_len$324
    25/57: $rstate$323
    26/57: $rd_issued$322
    27/57: $rd_total$321
    28/57: $c_base_lat$320
    29/57: $a_base_lat$319
    30/57: $w_base_lat$318
    31/57: $m_rows_lat$317
    32/57: $rready$316
    33/57: $arvalid$315
    34/57: $arlen$314
    35/57: $araddr$313
    36/57: $rf_count$273
    37/57: $rf_wptr$269
    38/57: $rf_rptr$261
    39/57: $ctrl_rd_data$260
    40/57: $arvalid$254
    41/57: $rstate$341
    42/57: $rd_issued$340
    43/57: $rd_total$339
    44/57: $rf_rptr$334
    45/57: $rf_wptr$333
    46/57: $rf_count$332
    47/57: $rready$330
    48/57: $arvalid$329
    49/57: $r_burst_len$342
    50/57: $c_base_lat$338
    51/57: $a_base_lat$337
    52/57: $w_base_lat$336
    53/57: $m_rows_lat$335
    54/57: $ctrl_rd_data$331
    55/57: $arlen$328
    56/57: $araddr$327
    57/57: $264
Creating decoders for process `\axi4_dma_bridge.$465'.
     1/12: $bstate$472
     2/12: $done$471
     3/12: $bstate$469
     4/12: $bstate$468
     5/12: $ctrl_start$467
     6/12: $bstate$475
     7/12: $bstate$466
     8/12: $ctrl_start$474
     9/12: $done$473
    10/12: $bstate$478
    11/12: $ctrl_start$477
    12/12: $done$476
Creating decoders for process `\axi4_dma_bridge.$178'.
     1/28: $u_ctrl.cyc$200
     2/28: $u_ctrl.state$199
     3/28: $u_ctrl.state$194
     4/28: $u_ctrl.li$195
     5/28: $u_ctrl.state$202
     6/28: $u_ctrl.m_rows_r$184
     7/28: $u_ctrl.c_base_r$183
     8/28: $u_ctrl.a_base_r$182
     9/28: $u_ctrl.w_base_r$181
    10/28: $u_ctrl.li$180
    11/28: $u_ctrl.state$179
    12/28: $u_ctrl.weight_buf$209
    13/28: $u_ctrl.m_rows_r$208
    14/28: $u_ctrl.c_base_r$207
    15/28: $u_ctrl.a_base_r$206
    16/28: $u_ctrl.w_base_r$205
    17/28: $u_ctrl.cyc$204
    18/28: $u_ctrl.li$203
    19/28: $u_ctrl.done$201
    20/28: $u_ctrl.cyc$213
    21/28: $u_ctrl.li$212
    22/28: $u_ctrl.state$211
    23/28: $u_ctrl.done$210
    24/28: $u_ctrl.weight_buf$218
    25/28: $u_ctrl.m_rows_r$217
    26/28: $u_ctrl.c_base_r$216
    27/28: $u_ctrl.a_base_r$215
    28/28: $u_ctrl.w_base_r$214
Creating decoders for process `\axi4_dma_bridge.$161'.
     1/4: $u_ctrl.g_col_deskew[2].g_delay.j$169
     2/4: $u_ctrl.g_col_deskew[2].g_delay.j$170
     3/4: $167
     4/4: $163
Creating decoders for process `\axi4_dma_bridge.$138'.
     1/6: $u_ctrl.g_col_deskew[1].g_delay.j$154
     2/6: $u_ctrl.g_col_deskew[1].g_delay.j$155
     3/6: $152
     4/6: $147
     5/6: $143
     6/6: $140
Creating decoders for process `\axi4_dma_bridge.$107'.
     1/8: $u_ctrl.g_col_deskew[0].g_delay.j$131
     2/8: $u_ctrl.g_col_deskew[0].g_delay.j$132
     3/8: $129
     4/8: $124
     5/8: $119
     6/8: $115
     7/8: $112
     8/8: $109
Creating decoders for process `\axi4_dma_bridge.$76'.
     1/8: $u_ctrl.g_row_skew[3].g_delay.i$100
     2/8: $u_ctrl.g_row_skew[3].g_delay.i$101
     3/8: $98
     4/8: $93
     5/8: $88
     6/8: $84
     7/8: $81
     8/8: $78
Creating decoders for process `\axi4_dma_bridge.$52'.
     1/6: $u_ctrl.g_row_skew[2].g_delay.i$68
     2/6: $u_ctrl.g_row_skew[2].g_delay.i$69
     3/6: $66
     4/6: $61
     5/6: $57
     6/6: $54
Creating decoders for process `\axi4_dma_bridge.$36'.
     1/4: $u_ctrl.g_row_skew[1].g_delay.i$44
     2/4: $u_ctrl.g_row_skew[1].g_delay.i$45
     3/4: $42
     4/4: $38
Creating decoders for process `\axi4_dma_bridge.$2'.
     1/6: $u_ctrl.wr_en$15
     2/6: $u_ctrl.wr_addr$14
     3/6: $u_ctrl.wr_en$19
     4/6: $u_ctrl.wr_addr$18
     5/6: $u_ctrl.rd_en$17
     6/6: $u_ctrl.rd_addr$16

1.7. Executing PROC_CLEAN pass (remove empty switches from decision trees).
Found and cleaned up 23 empty switches in `\axi4_dma_bridge.$365'.
Removing empty process `axi4_dma_bridge.$365'.
Found and cleaned up 1 empty switch in `\axi4_dma_bridge.$353'.
Removing empty process `axi4_dma_bridge.$353'.
Found and cleaned up 23 empty switches in `\axi4_dma_bridge.$252'.
Removing empty process `axi4_dma_bridge.$252'.
Found and cleaned up 11 empty switches in `\axi4_dma_bridge.$465'.
Removing empty process `axi4_dma_bridge.$465'.
Found and cleaned up 9 empty switches in `\axi4_dma_bridge.$178'.
Removing empty process `axi4_dma_bridge.$178'.
Found and cleaned up 3 empty switches in `\axi4_dma_bridge.$161'.
Removing empty process `axi4_dma_bridge.$161'.
Found and cleaned up 3 empty switches in `\axi4_dma_bridge.$138'.
Removing empty process `axi4_dma_bridge.$138'.
Found and cleaned up 3 empty switches in `\axi4_dma_bridge.$107'.
Removing empty process `axi4_dma_bridge.$107'.
Found and cleaned up 3 empty switches in `\axi4_dma_bridge.$76'.
Removing empty process `axi4_dma_bridge.$76'.
Found and cleaned up 3 empty switches in `\axi4_dma_bridge.$52'.
Removing empty process `axi4_dma_bridge.$52'.
Found and cleaned up 3 empty switches in `\axi4_dma_bridge.$36'.
Removing empty process `axi4_dma_bridge.$36'.
Found and cleaned up 3 empty switches in `\axi4_dma_bridge.$2'.
Removing empty process `axi4_dma_bridge.$2'.
Cleaned up 88 empty switches.

1.8. Executing OPT_EXPR pass (perform const folding).
Optimizing module axi4_dma_bridge.
<suppressed ~48 debug messages>

2. Executing SYNTH pass.

2.1. Executing HIERARCHY pass (managing design hierarchy).

2.1.1. Analyzing design hierarchy..
Top module:  \axi4_dma_bridge

2.1.2. Analyzing design hierarchy..
Top module:  \axi4_dma_bridge
Removed 0 unused modules.

2.2. Executing PROC pass (convert processes to netlists).

2.2.1. Executing PROC_CLEAN pass (remove empty switches from decision trees).
Cleaned up 0 empty switches.

2.2.2. Executing PROC_RMDEAD pass (remove dead branches from decision trees).
Removed a total of 0 dead cases.

2.2.3. Executing PROC_PRUNE pass (remove redundant assignments in processes).
Removed 0 redundant assignments.
Promoted 0 assignments to connections.

2.2.4. Executing PROC_INIT pass (extract init attributes).

2.2.5. Executing PROC_ARST pass (detect async resets in processes).

2.2.6. Executing PROC_ROM pass (convert switches to ROMs).
Converted 0 switches.

2.2.7. Executing PROC_MUX pass (convert decision trees to multiplexers).

2.2.8. Executing PROC_DLATCH pass (convert process syncs to latches).

2.2.9. Executing PROC_DFF pass (convert process syncs to FFs).

2.2.10. Executing PROC_MEMWR pass (convert process memory writes to cells).

2.2.11. Executing PROC_CLEAN pass (remove empty switches from decision trees).
Cleaned up 0 empty switches.

2.2.12. Executing OPT_EXPR pass (perform const folding).
Optimizing module axi4_dma_bridge.

2.3. Executing OPT_EXPR pass (perform const folding).
Optimizing module axi4_dma_bridge.
<suppressed ~10 debug messages>

2.4. Executing CHECK pass (checking for obvious problems).
Checking module axi4_dma_bridge...
Found and reported 0 problems.

2.5. Executing OPT_CLEAN pass (remove unused cells and wires).
Finding unused cells or wires in module \axi4_dma_bridge..
Removed 105 unused cells and 646 unused wires.
<suppressed ~189 debug messages>

2.6. Executing OPT pass (performing simple optimizations).

2.6.1. Executing OPT_EXPR pass (perform const folding).
Optimizing module axi4_dma_bridge.

2.6.2. Executing OPT_MERGE pass (detect identical cells).
Finding identical cells in module `\axi4_dma_bridge'.
Computing hashes of 677 cells of `\axi4_dma_bridge'.
Finding duplicate cells in `\axi4_dma_bridge'.
Computing hashes of 563 cells of `\axi4_dma_bridge'.
Finding duplicate cells in `\axi4_dma_bridge'.
<suppressed ~342 debug messages>
Removed a total of 114 cells.

2.6.3. Executing OPT_MUXTREE pass (detect dead branches in mux trees).
Running muxtree optimizer on module \axi4_dma_bridge..
  Creating internal representation of mux trees.
  Evaluating internal representation of mux trees.
  Analyzing evaluation results.
    dead port 1/2 on $mux $procmux$630.
    dead port 2/2 on $mux $procmux$627.
    dead port 1/2 on $mux $procmux$621.
    dead port 2/2 on $mux $procmux$618.
    dead port 1/2 on $mux $procmux$611.
    dead port 2/2 on $mux $procmux$608.
    dead port 1/2 on $mux $procmux$601.
    dead port 2/2 on $mux $procmux$598.
    dead port 2/2 on $mux $procmux$1117.
    dead port 1/2 on $mux $procmux$1120.
    dead port 1/2 on $mux $procmux$581.
    dead port 2/2 on $mux $procmux$578.
    dead port 1/2 on $mux $procmux$571.
    dead port 2/2 on $mux $procmux$568.
    dead port 1/2 on $mux $procmux$1050.
    dead port 1/2 on $mux $procmux$566.
    dead port 1/2 on $mux $procmux$560.
    dead port 2/2 on $mux $procmux$557.
    dead port 1/2 on $mux $procmux$555.
    dead port 1/2 on $mux $procmux$549.
    dead port 2/2 on $mux $procmux$546.
    dead port 1/2 on $mux $procmux$544.
    dead port 1/2 on $mux $procmux$538.
    dead port 2/2 on $mux $procmux$535.
    dead port 1/2 on $mux $procmux$533.
    dead port 1/2 on $mux $procmux$1131.
    dead port 2/2 on $mux $procmux$1047.
    dead port 1/2 on $mux $procmux$1144.
    dead port 1/2 on $mux $procmux$516.
    dead port 2/2 on $mux $procmux$513.
    dead port 1/2 on $mux $procmux$508.
    dead port 2/2 on $mux $procmux$505.
    dead port 1/2 on $mux $procmux$500.
    dead port 2/2 on $mux $procmux$497.
    dead port 1/2 on $mux $procmux$492.
    dead port 2/2 on $mux $procmux$489.
    dead port 2/2 on $mux $procmux$487.
    dead port 1/2 on $mux $procmux$483.
    dead port 2/2 on $mux $procmux$480.
    dead port 2/2 on $mux $procmux$478.
    dead port 1/2 on $mux $procmux$474.
    dead port 1/2 on $mux $procmux$397.
    dead port 1/2 on $mux $procmux$392.
    dead port 1/2 on $mux $procmux$386.
    dead port 1/2 on $mux $procmux$379.
    dead port 1/2 on $mux $procmux$373.
    dead port 1/2 on $mux $procmux$367.
    dead port 1/2 on $mux $procmux$361.
    dead port 1/2 on $mux $procmux$351.
    dead port 1/2 on $mux $procmux$341.
    dead port 1/2 on $mux $procmux$330.
    dead port 1/2 on $mux $procmux$818.
    dead port 1/2 on $mux $procmux$320.
    dead port 1/2 on $mux $procmux$813.
    dead port 1/2 on $mux $procmux$310.
    dead port 1/2 on $mux $procmux$807.
    dead port 1/2 on $mux $procmux$300.
    dead port 1/2 on $mux $procmux$292.
    dead port 1/2 on $mux $procmux$285.
    dead port 1/2 on $mux $procmux$801.
    dead port 1/2 on $mux $procmux$275.
    dead port 1/2 on $mux $procmux$795.
    dead port 1/2 on $mux $procmux$258.
    dead port 2/2 on $mux $procmux$255.
    dead port 1/2 on $mux $procmux$248.
    dead port 2/2 on $mux $procmux$245.
    dead port 1/2 on $mux $procmux$238.
    dead port 2/2 on $mux $procmux$235.
    dead port 1/2 on $mux $procmux$228.
    dead port 2/2 on $mux $procmux$225.
    dead port 1/2 on $mux $procmux$788.
    dead port 1/2 on $mux $procmux$218.
    dead port 2/2 on $mux $procmux$215.
    dead port 1/2 on $mux $procmux$208.
    dead port 2/2 on $mux $procmux$205.
    dead port 1/2 on $mux $procmux$198.
    dead port 1/2 on $mux $procmux$780.
    dead port 1/2 on $mux $procmux$772.
    dead port 1/2 on $mux $procmux$186.
    dead port 2/2 on $mux $procmux$183.
    dead port 1/2 on $mux $procmux$177.
    dead port 2/2 on $mux $procmux$174.
    dead port 1/2 on $mux $procmux$168.
    dead port 2/2 on $mux $procmux$165.
    dead port 1/2 on $mux $procmux$764.
    dead port 1/2 on $mux $procmux$159.
    dead port 2/2 on $mux $procmux$156.
    dead port 1/2 on $mux $procmux$150.
    dead port 2/2 on $mux $procmux$147.
    dead port 1/2 on $mux $procmux$141.
    dead port 2/2 on $mux $procmux$138.
    dead port 1/2 on $mux $procmux$132.
    dead port 2/2 on $mux $procmux$129.
    dead port 1/2 on $mux $procmux$123.
    dead port 2/2 on $mux $procmux$120.
    dead port 1/2 on $mux $procmux$1036.
    dead port 1/2 on $mux $procmux$114.
    dead port 2/2 on $mux $procmux$111.
    dead port 1/2 on $mux $procmux$748.
    dead port 1/2 on $mux $procmux$105.
    dead port 2/2 on $mux $procmux$102.
    dead port 1/2 on $mux $procmux$96.
    dead port 2/2 on $mux $procmux$93.
    dead port 1/2 on $mux $procmux$87.
    dead port 2/2 on $mux $procmux$84.
    dead port 1/2 on $mux $procmux$739.
    dead port 2/2 on $mux $procmux$82.
    dead port 1/2 on $mux $procmux$76.
    dead port 2/2 on $mux $procmux$73.
    dead port 2/2 on $mux $procmux$71.
    dead port 1/2 on $mux $procmux$65.
    dead port 2/2 on $mux $procmux$62.
    dead port 1/2 on $mux $procmux$918.
    dead port 2/2 on $mux $procmux$60.
    dead port 1/2 on $mux $procmux$54.
    dead port 2/2 on $mux $procmux$51.
    dead port 1/2 on $mux $procmux$730.
    dead port 2/2 on $mux $procmux$49.
    dead port 1/2 on $mux $procmux$43.
    dead port 2/2 on $mux $procmux$40.
    dead port 2/2 on $mux $procmux$38.
    dead port 1/2 on $mux $procmux$32.
    dead port 2/2 on $mux $procmux$29.
    dead port 2/2 on $mux $procmux$915.
    dead port 1/2 on $mux $procmux$24.
    dead port 2/2 on $mux $procmux$21.
    dead port 1/2 on $mux $procmux$721.
    dead port 1/2 on $mux $procmux$1021.
    dead port 2/2 on $mux $procmux$1018.
    dead port 1/2 on $mux $procmux$712.
    dead port 1/2 on $mux $procmux$1192.
    dead port 1/2 on $mux $procmux$909.
    dead port 1/2 on $mux $procmux$703.
    dead port 2/2 on $mux $procmux$906.
    dead port 1/2 on $mux $procmux$901.
    dead port 1/2 on $mux $procmux$939.
    dead port 2/2 on $mux $procmux$946.
    dead port 1/2 on $mux $procmux$949.
    dead port 2/2 on $mux $procmux$898.
    dead port 1/2 on $mux $procmux$1205.
    dead port 2/2 on $mux $procmux$1103.
    dead port 1/2 on $mux $procmux$1106.
    dead port 1/2 on $mux $procmux$675.
    dead port 2/2 on $mux $procmux$672.
    dead port 2/2 on $mux $procmux$1401.
    dead port 1/2 on $mux $procmux$927.
    dead port 1/2 on $mux $procmux$666.
    dead port 1/2 on $mux $procmux$957.
    dead port 2/2 on $mux $procmux$663.
    dead port 1/2 on $mux $procmux$963.
    dead port 1/2 on $mux $procmux$1211.
    dead port 1/2 on $mux $procmux$657.
    dead port 2/2 on $mux $procmux$654.
    dead port 1/2 on $mux $procmux$894.
    dead port 1/2 on $mux $procmux$648.
    dead port 2/2 on $mux $procmux$645.
    dead port 2/2 on $mux $procmux$982.
    dead port 1/2 on $mux $procmux$1008.
    dead port 2/2 on $mux $procmux$891.
    dead port 1/2 on $mux $procmux$985.
    dead port 1/2 on $mux $procmux$639.
    dead port 2/2 on $mux $procmux$636.
    dead port 2/2 on $mux $procmux$1005.
    dead port 2/2 on $mux $procmux$924.
    dead port 1/2 on $mux $procmux$995.
    dead port 2/2 on $mux $procmux$992.
Removed 166 multiplexer ports.
<suppressed ~507 debug messages>

2.6.4. Executing OPT_REDUCE pass (consolidate $*mux and $reduce_* inputs).
  Optimizing cells in module \axi4_dma_bridge.
    New ctrl vector for $pmux cell $procmux$1414: { $procmux$1027_CMP $auto$opt_reduce.cc:137:opt_pmux$1424 }
    Consolidated identical input bits for $mux cell $368:
      Old ports: A=128'00000000000000000000000000000000000000000000000000000000000000000000000000000000000000000000000000000000000000000000000000000000, B=128'11111111111111111111111111111111111111111111111111111111111111111111111111111111111111111111111111111111111111111111111111111111, Y=$368y
      New ports: A=1'0, B=1'1, Y=$368y [0]
      New connections: $368y [127:1] = { $368y [0] $368y [0] $368y [0] $368y [0] $368y [0] $368y [0] $368y [0] $368y [0] $368y [0] $368y [0] $368y [0] $368y [0] $368y [0] $368y [0] $368y [0] $368y [0] $368y [0] $368y [0] $368y [0] $368y [0] $368y [0] $368y [0] $368y [0] $368y [0] $368y [0] $368y [0] $368y [0] $368y [0] $368y [0] $368y [0] $368y [0] $368y [0] $368y [0] $368y [0] $368y [0] $368y [0] $368y [0] $368y [0] $368y [0] $368y [0] $368y [0] $368y [0] $368y [0] $368y [0] $368y [0] $368y [0] $368y [0] $368y [0] $368y [0] $368y [0] $368y [0] $368y [0] $368y [0] $368y [0] $368y [0] $368y [0] $368y [0] $368y [0] $368y [0] $368y [0] $368y [0] $368y [0] $368y [0] $368y [0] $368y [0] $368y [0] $368y [0] $368y [0] $368y [0] $368y [0] $368y [0] $368y [0] $368y [0] $368y [0] $368y [0] $368y [0] $368y [0] $368y [0] $368y [0] $368y [0] $368y [0] $368y [0] $368y [0] $368y [0] $368y [0] $368y [0] $368y [0] $368y [0] $368y [0] $368y [0] $368y [0] $368y [0] $368y [0] $368y [0] $368y [0] $368y [0] $368y [0] $368y [0] $368y [0] $368y [0] $368y [0] $368y [0] $368y [0] $368y [0] $368y [0] $368y [0] $368y [0] $368y [0] $368y [0] $368y [0] $368y [0] $368y [0] $368y [0] $368y [0] $368y [0] $368y [0] $368y [0] $368y [0] $368y [0] $368y [0] $368y [0] $368y [0] $368y [0] $368y [0] $368y [0] $368y [0] $368y [0] }
    Consolidated identical input bits for $mux cell $265:
      Old ports: A=0, B=32'11111111111111111111111111111111, Y=$265y
      New ports: A=1'0, B=1'1, Y=$265y [0]
      New connections: $265y [31:1] = { $265y [0] $265y [0] $265y [0] $265y [0] $265y [0] $265y [0] $265y [0] $265y [0] $265y [0] $265y [0] $265y [0] $265y [0] $265y [0] $265y [0] $265y [0] $265y [0] $265y [0] $265y [0] $265y [0] $265y [0] $265y [0] $265y [0] $265y [0] $265y [0] $265y [0] $265y [0] $265y [0] $265y [0] $265y [0] $265y [0] $265y [0] }
    Consolidated identical input bits for $mux cell $168:
      Old ports: A=0, B=32'11111111111111111111111111111111, Y=$168y
      New ports: A=1'0, B=1'1, Y=$168y [0]
      New connections: $168y [31:1] = { $168y [0] $168y [0] $168y [0] $168y [0] $168y [0] $168y [0] $168y [0] $168y [0] $168y [0] $168y [0] $168y [0] $168y [0] $168y [0] $168y [0] $168y [0] $168y [0] $168y [0] $168y [0] $168y [0] $168y [0] $168y [0] $168y [0] $168y [0] $168y [0] $168y [0] $168y [0] $168y [0] $168y [0] $168y [0] $168y [0] $168y [0] }
    Consolidated identical input bits for $mux cell $164:
      Old ports: A=0, B=32'11111111111111111111111111111111, Y=$164y
      New ports: A=1'0, B=1'1, Y=$164y [0]
      New connections: $164y [31:1] = { $164y [0] $164y [0] $164y [0] $164y [0] $164y [0] $164y [0] $164y [0] $164y [0] $164y [0] $164y [0] $164y [0] $164y [0] $164y [0] $164y [0] $164y [0] $164y [0] $164y [0] $164y [0] $164y [0] $164y [0] $164y [0] $164y [0] $164y [0] $164y [0] $164y [0] $164y [0] $164y [0] $164y [0] $164y [0] $164y [0] $164y [0] }
    Consolidated identical input bits for $mux cell $153:
      Old ports: A=0, B=32'11111111111111111111111111111111, Y=$153y
      New ports: A=1'0, B=1'1, Y=$153y [0]
      New connections: $153y [31:1] = { $153y [0] $153y [0] $153y [0] $153y [0] $153y [0] $153y [0] $153y [0] $153y [0] $153y [0] $153y [0] $153y [0] $153y [0] $153y [0] $153y [0] $153y [0] $153y [0] $153y [0] $153y [0] $153y [0] $153y [0] $153y [0] $153y [0] $153y [0] $153y [0] $153y [0] $153y [0] $153y [0] $153y [0] $153y [0] $153y [0] $153y [0] }
    Consolidated identical input bits for $mux cell $148:
      Old ports: A=0, B=32'11111111111111111111111111111111, Y=$148y
      New ports: A=1'0, B=1'1, Y=$148y [0]
      New connections: $148y [31:1] = { $148y [0] $148y [0] $148y [0] $148y [0] $148y [0] $148y [0] $148y [0] $148y [0] $148y [0] $148y [0] $148y [0] $148y [0] $148y [0] $148y [0] $148y [0] $148y [0] $148y [0] $148y [0] $148y [0] $148y [0] $148y [0] $148y [0] $148y [0] $148y [0] $148y [0] $148y [0] $148y [0] $148y [0] $148y [0] $148y [0] $148y [0] }
    Consolidated identical input bits for $mux cell $144:
      Old ports: A=0, B=32'11111111111111111111111111111111, Y=$144y
      New ports: A=1'0, B=1'1, Y=$144y [0]
      New connections: $144y [31:1] = { $144y [0] $144y [0] $144y [0] $144y [0] $144y [0] $144y [0] $144y [0] $144y [0] $144y [0] $144y [0] $144y [0] $144y [0] $144y [0] $144y [0] $144y [0] $144y [0] $144y [0] $144y [0] $144y [0] $144y [0] $144y [0] $144y [0] $144y [0] $144y [0] $144y [0] $144y [0] $144y [0] $144y [0] $144y [0] $144y [0] $144y [0] }
    Consolidated identical input bits for $mux cell $141:
      Old ports: A=0, B=32'11111111111111111111111111111111, Y=$141y
      New ports: A=1'0, B=1'1, Y=$141y [0]
      New connections: $141y [31:1] = { $141y [0] $141y [0] $141y [0] $141y [0] $141y [0] $141y [0] $141y [0] $141y [0] $141y [0] $141y [0] $141y [0] $141y [0] $141y [0] $141y [0] $141y [0] $141y [0] $141y [0] $141y [0] $141y [0] $141y [0] $141y [0] $141y [0] $141y [0] $141y [0] $141y [0] $141y [0] $141y [0] $141y [0] $141y [0] $141y [0] $141y [0] }
    Consolidated identical input bits for $mux cell $130:
      Old ports: A=0, B=32'11111111111111111111111111111111, Y=$130y
      New ports: A=1'0, B=1'1, Y=$130y [0]
      New connections: $130y [31:1] = { $130y [0] $130y [0] $130y [0] $130y [0] $130y [0] $130y [0] $130y [0] $130y [0] $130y [0] $130y [0] $130y [0] $130y [0] $130y [0] $130y [0] $130y [0] $130y [0] $130y [0] $130y [0] $130y [0] $130y [0] $130y [0] $130y [0] $130y [0] $130y [0] $130y [0] $130y [0] $130y [0] $130y [0] $130y [0] $130y [0] $130y [0] }
    Consolidated identical input bits for $mux cell $125:
      Old ports: A=0, B=32'11111111111111111111111111111111, Y=$125y
      New ports: A=1'0, B=1'1, Y=$125y [0]
      New connections: $125y [31:1] = { $125y [0] $125y [0] $125y [0] $125y [0] $125y [0] $125y [0] $125y [0] $125y [0] $125y [0] $125y [0] $125y [0] $125y [0] $125y [0] $125y [0] $125y [0] $125y [0] $125y [0] $125y [0] $125y [0] $125y [0] $125y [0] $125y [0] $125y [0] $125y [0] $125y [0] $125y [0] $125y [0] $125y [0] $125y [0] $125y [0] $125y [0] }
    Consolidated identical input bits for $mux cell $120:
      Old ports: A=0, B=32'11111111111111111111111111111111, Y=$120y
      New ports: A=1'0, B=1'1, Y=$120y [0]
      New connections: $120y [31:1] = { $120y [0] $120y [0] $120y [0] $120y [0] $120y [0] $120y [0] $120y [0] $120y [0] $120y [0] $120y [0] $120y [0] $120y [0] $120y [0] $120y [0] $120y [0] $120y [0] $120y [0] $120y [0] $120y [0] $120y [0] $120y [0] $120y [0] $120y [0] $120y [0] $120y [0] $120y [0] $120y [0] $120y [0] $120y [0] $120y [0] $120y [0] }
    Consolidated identical input bits for $mux cell $116:
      Old ports: A=0, B=32'11111111111111111111111111111111, Y=$116y
      New ports: A=1'0, B=1'1, Y=$116y [0]
      New connections: $116y [31:1] = { $116y [0] $116y [0] $116y [0] $116y [0] $116y [0] $116y [0] $116y [0] $116y [0] $116y [0] $116y [0] $116y [0] $116y [0] $116y [0] $116y [0] $116y [0] $116y [0] $116y [0] $116y [0] $116y [0] $116y [0] $116y [0] $116y [0] $116y [0] $116y [0] $116y [0] $116y [0] $116y [0] $116y [0] $116y [0] $116y [0] $116y [0] }
    Consolidated identical input bits for $mux cell $113:
      Old ports: A=0, B=32'11111111111111111111111111111111, Y=$113y
      New ports: A=1'0, B=1'1, Y=$113y [0]
      New connections: $113y [31:1] = { $113y [0] $113y [0] $113y [0] $113y [0] $113y [0] $113y [0] $113y [0] $113y [0] $113y [0] $113y [0] $113y [0] $113y [0] $113y [0] $113y [0] $113y [0] $113y [0] $113y [0] $113y [0] $113y [0] $113y [0] $113y [0] $113y [0] $113y [0] $113y [0] $113y [0] $113y [0] $113y [0] $113y [0] $113y [0] $113y [0] $113y [0] }
    Consolidated identical input bits for $mux cell $110:
      Old ports: A=0, B=32'11111111111111111111111111111111, Y=$110y
      New ports: A=1'0, B=1'1, Y=$110y [0]
      New connections: $110y [31:1] = { $110y [0] $110y [0] $110y [0] $110y [0] $110y [0] $110y [0] $110y [0] $110y [0] $110y [0] $110y [0] $110y [0] $110y [0] $110y [0] $110y [0] $110y [0] $110y [0] $110y [0] $110y [0] $110y [0] $110y [0] $110y [0] $110y [0] $110y [0] $110y [0] $110y [0] $110y [0] $110y [0] $110y [0] $110y [0] $110y [0] $110y [0] }
    Consolidated identical input bits for $mux cell $99:
      Old ports: A=8'00000000, B=8'11111111, Y=$99y
      New ports: A=1'0, B=1'1, Y=$99y [0]
      New connections: $99y [7:1] = { $99y [0] $99y [0] $99y [0] $99y [0] $99y [0] $99y [0] $99y [0] }
    Consolidated identical input bits for $mux cell $94:
      Old ports: A=8'00000000, B=8'11111111, Y=$94y
      New ports: A=1'0, B=1'1, Y=$94y [0]
      New connections: $94y [7:1] = { $94y [0] $94y [0] $94y [0] $94y [0] $94y [0] $94y [0] $94y [0] }
    Consolidated identical input bits for $mux cell $89:
      Old ports: A=8'00000000, B=8'11111111, Y=$89y
      New ports: A=1'0, B=1'1, Y=$89y [0]
      New connections: $89y [7:1] = { $89y [0] $89y [0] $89y [0] $89y [0] $89y [0] $89y [0] $89y [0] }
    Consolidated identical input bits for $mux cell $85:
      Old ports: A=8'00000000, B=8'11111111, Y=$85y
      New ports: A=1'0, B=1'1, Y=$85y [0]
      New connections: $85y [7:1] = { $85y [0] $85y [0] $85y [0] $85y [0] $85y [0] $85y [0] $85y [0] }
    Consolidated identical input bits for $mux cell $82:
      Old ports: A=8'00000000, B=8'11111111, Y=$82y
      New ports: A=1'0, B=1'1, Y=$82y [0]
      New connections: $82y [7:1] = { $82y [0] $82y [0] $82y [0] $82y [0] $82y [0] $82y [0] $82y [0] }
    Consolidated identical input bits for $mux cell $79:
      Old ports: A=8'00000000, B=8'11111111, Y=$79y
      New ports: A=1'0, B=1'1, Y=$79y [0]
      New connections: $79y [7:1] = { $79y [0] $79y [0] $79y [0] $79y [0] $79y [0] $79y [0] $79y [0] }
    Consolidated identical input bits for $mux cell $67:
      Old ports: A=8'00000000, B=8'11111111, Y=$67y
      New ports: A=1'0, B=1'1, Y=$67y [0]
      New connections: $67y [7:1] = { $67y [0] $67y [0] $67y [0] $67y [0] $67y [0] $67y [0] $67y [0] }
    Consolidated identical input bits for $mux cell $62:
      Old ports: A=8'00000000, B=8'11111111, Y=$62y
      New ports: A=1'0, B=1'1, Y=$62y [0]
      New connections: $62y [7:1] = { $62y [0] $62y [0] $62y [0] $62y [0] $62y [0] $62y [0] $62y [0] }
    Consolidated identical input bits for $mux cell $58:
      Old ports: A=8'00000000, B=8'11111111, Y=$58y
      New ports: A=1'0, B=1'1, Y=$58y [0]
      New connections: $58y [7:1] = { $58y [0] $58y [0] $58y [0] $58y [0] $58y [0] $58y [0] $58y [0] }
    Consolidated identical input bits for $mux cell $55:
      Old ports: A=8'00000000, B=8'11111111, Y=$55y
      New ports: A=1'0, B=1'1, Y=$55y [0]
      New connections: $55y [7:1] = { $55y [0] $55y [0] $55y [0] $55y [0] $55y [0] $55y [0] $55y [0] }
    Consolidated identical input bits for $mux cell $43:
      Old ports: A=8'00000000, B=8'11111111, Y=$43y
      New ports: A=1'0, B=1'1, Y=$43y [0]
      New connections: $43y [7:1] = { $43y [0] $43y [0] $43y [0] $43y [0] $43y [0] $43y [0] $43y [0] }
    Consolidated identical input bits for $mux cell $39:
      Old ports: A=8'00000000, B=8'11111111, Y=$39y
      New ports: A=1'0, B=1'1, Y=$39y [0]
      New connections: $39y [7:1] = { $39y [0] $39y [0] $39y [0] $39y [0] $39y [0] $39y [0] $39y [0] }
  Optimizing cells in module \axi4_dma_bridge.
Performed a total of 27 changes.

2.6.5. Executing OPT_MERGE pass (detect identical cells).
Finding identical cells in module `\axi4_dma_bridge'.
Computing hashes of 398 cells of `\axi4_dma_bridge'.
Finding duplicate cells in `\axi4_dma_bridge'.
Computing hashes of 375 cells of `\axi4_dma_bridge'.
Finding duplicate cells in `\axi4_dma_bridge'.
Computing hashes of 353 cells of `\axi4_dma_bridge'.
Finding duplicate cells in `\axi4_dma_bridge'.
Computing hashes of 342 cells of `\axi4_dma_bridge'.
Finding duplicate cells in `\axi4_dma_bridge'.
<suppressed ~168 debug messages>
Removed a total of 56 cells.

2.6.6. Executing OPT_DFF pass (perform DFF optimizations).

2.6.7. Executing OPT_CLEAN pass (remove unused cells and wires).
Finding unused cells or wires in module \axi4_dma_bridge..
Removed 0 unused cells and 336 unused wires.
<suppressed ~1 debug messages>

2.6.8. Executing OPT_EXPR pass (perform const folding).
Optimizing module axi4_dma_bridge.

2.6.9. Rerunning OPT passes. (Maybe there is more to do..)

2.6.10. Executing OPT_MUXTREE pass (detect dead branches in mux trees).
Running muxtree optimizer on module \axi4_dma_bridge..
  Creating internal representation of mux trees.
  Evaluating internal representation of mux trees.
  Analyzing evaluation results.
Removed 0 multiplexer ports.
<suppressed ~233 debug messages>

2.6.11. Executing OPT_REDUCE pass (consolidate $*mux and $reduce_* inputs).
  Optimizing cells in module \axi4_dma_bridge.
Performed a total of 0 changes.

2.6.12. Executing OPT_MERGE pass (detect identical cells).
Finding identical cells in module `\axi4_dma_bridge'.
Computing hashes of 342 cells of `\axi4_dma_bridge'.
Finding duplicate cells in `\axi4_dma_bridge'.
Removed a total of 0 cells.

2.6.13. Executing OPT_DFF pass (perform DFF optimizations).

2.6.14. Executing OPT_CLEAN pass (remove unused cells and wires).
Finding unused cells or wires in module \axi4_dma_bridge..

2.6.15. Executing OPT_EXPR pass (perform const folding).
Optimizing module axi4_dma_bridge.

2.6.16. Finished fast OPT passes. (There is nothing left to do.)

2.7. Executing FSM pass (extract and optimize FSM).

2.7.1. Executing FSM_DETECT pass (finding FSMs in design).
Not marking axi4_dma_bridge.bstate as FSM state register:
    Users of register don't seem to benefit from recoding.
Found FSM state register axi4_dma_bridge.wstate.
Found FSM state register axi4_dma_bridge.rstate.
Found FSM state register axi4_dma_bridge.u_ctrl.state.

2.7.2. Executing FSM_EXTRACT pass (extracting FSM from design).
Extracting FSM `\wstate' from module `\axi4_dma_bridge'.
  found $dff cell for state register: $driver$wstate
  root of input selection tree: $procmux$405_Y
  found reset state: 2'00 (guessed from mux tree)
  found ctrl input: \rst
  found ctrl input: $procmux$190_CMP
  found ctrl input: $procmux$103_CMP
  found ctrl input: $procmux$148_CMP
  found ctrl input: $procmux$196_CMP
  found ctrl input: \bvalid
  found state code: 2'00
  found ctrl input: $373y
  found ctrl input: \wlast
  found state code: 2'11
  found ctrl input: $401y
  found state code: 2'10
  found ctrl input: $391y
  found state code: 2'01
  found ctrl output: $procmux$190_CMP
  found ctrl output: $procmux$103_CMP
  found ctrl output: $procmux$148_CMP
  found ctrl output: $procmux$196_CMP
  ctrl inputs: { $401y $391y $373y \bvalid \wlast \rst }
  ctrl outputs: { $procmux$405_Y $procmux$196_CMP $procmux$190_CMP $procmux$148_CMP $procmux$103_CMP }
  transition:       2'00 6'-0---0 ->       2'00 6'001000
  transition:       2'00 6'-1---0 ->       2'01 6'011000
  transition:       2'00 6'-----1 ->       2'00 6'001000
  transition:       2'10 6'--0--0 ->       2'10 6'100001
  transition:       2'10 6'--1-00 ->       2'10 6'100001
  transition:       2'10 6'--1-10 ->       2'11 6'110001
  transition:       2'10 6'-----1 ->       2'00 6'000001
  transition:       2'01 6'0----0 ->       2'01 6'010010
  transition:       2'01 6'1----0 ->       2'10 6'100010
  transition:       2'01 6'-----1 ->       2'00 6'000010
  transition:       2'11 6'---0-0 ->       2'11 6'110100
  transition:       2'11 6'---1-0 ->       2'00 6'000100
  transition:       2'11 6'-----1 ->       2'00 6'000100
Extracting FSM `\rstate' from module `\axi4_dma_bridge'.
  found $dff cell for state register: $driver$rstate
  root of input selection tree: $procmux$822_Y
  found reset state: 2'00 (guessed from mux tree)
  found ctrl input: \rst
  found ctrl input: $procmux$481_CMP
  found ctrl input: $procmux$536_CMP
  found ctrl input: $346y
  found ctrl input: $262y
  found ctrl input: \rlast
  found state code: 2'01
  found ctrl input: $284y
  found ctrl input: $287y
  found state code: 2'10
  found state code: 2'00
  found ctrl input: $275y
  found ctrl output: $325y
  found ctrl output: $346y
  found ctrl output: $procmux$481_CMP
  found ctrl output: $procmux$536_CMP
  ctrl inputs: { $287y $284y $275y $262y \rlast \rst }
  ctrl outputs: { $procmux$822_Y $procmux$536_CMP $procmux$481_CMP $346y $325y }
  transition:       2'00 6'--0--0 ->       2'00 6'000011
  transition:       2'00 6'--1--0 ->       2'01 6'010011
  transition:       2'00 6'-----1 ->       2'00 6'000011
  transition:       2'10 6'---0-0 ->       2'10 6'100100
  transition:       2'10 6'---100 ->       2'10 6'100100
  transition:       2'10 6'---110 ->       2'01 6'010100
  transition:       2'10 6'-----1 ->       2'00 6'000100
  transition:       2'01 6'00---0 ->       2'01 6'011001
  transition:       2'01 6'10---0 ->       2'10 6'101001
  transition:       2'01 6'-1---0 ->       2'00 6'001001
  transition:       2'01 6'-----1 ->       2'00 6'001001
Extracting FSM `\u_ctrl.state' from module `\axi4_dma_bridge'.
  found $dff cell for state register: $driver$u_ctrl.state
  root of input selection tree: $procmux$1223_Y
  found reset state: 3'000 (guessed from mux tree)
  found ctrl input: \rst
  found ctrl input: $117y
  found ctrl input: $procmux$1028_CMP
  found ctrl input: \weight_load
  found ctrl input: $procmux$1006_CMP
  found ctrl input: $procmux$1032_CMP
  found ctrl input: $procmux$1034_CMP
  found state code: 3'000
  found ctrl input: $197y
  found state code: 3'110
  found state code: 3'101
  found state code: 3'100
  found ctrl input: $192y
  found state code: 3'001
  found state code: 3'011
  found state code: 3'010
  found ctrl input: \ctrl_start
  found ctrl output: $117y
  found ctrl output: $procmux$1028_CMP
  found ctrl output: \weight_load
  found ctrl output: $procmux$1032_CMP
  found ctrl output: $procmux$1034_CMP
  found ctrl output: $procmux$1006_CMP
  found ctrl output: $procmux$1209_CMP
  ctrl inputs: { $197y $192y \ctrl_start \rst }
  ctrl outputs: { $procmux$1223_Y $procmux$1209_CMP $procmux$1034_CMP $procmux$1032_CMP $procmux$1028_CMP $procmux$1006_CMP $117y \weight_load }
  transition:      3'000 4'--00 ->      3'000 10'0000100000
  transition:      3'000 4'--10 ->      3'001 10'0010100000
  transition:      3'000 4'---1 ->      3'000 10'0000100000
  transition:      3'100 4'---0 ->      3'101 10'1010001000
  transition:      3'100 4'---1 ->      3'000 10'0000001000
  transition:      3'010 4'-0-0 ->      3'001 10'0010000100
  transition:      3'010 4'-1-0 ->      3'011 10'0110000100
  transition:      3'010 4'---1 ->      3'000 10'0000000100
  transition:      3'110 4'---0 ->      3'000 10'0001000000
  transition:      3'110 4'---1 ->      3'000 10'0001000000
  transition:      3'001 4'---0 ->      3'010 10'0100010000
  transition:      3'001 4'---1 ->      3'000 10'0000010000
  transition:      3'101 4'0--0 ->      3'101 10'1010000010
  transition:      3'101 4'1--0 ->      3'110 10'1100000010
  transition:      3'101 4'---1 ->      3'000 10'0000000010
  transition:      3'011 4'---0 ->      3'100 10'1000000001
  transition:      3'011 4'---1 ->      3'000 10'0000000001

2.7.3. Executing FSM_OPT pass (simple optimizations of FSMs).
Optimizing FSM `$fsm$\u_ctrl.state$1437' from module `\axi4_dma_bridge'.
  Merging pattern 4'---0 and 4'---1 from group (3 0 10'0001000000).
  Merging pattern 4'---1 and 4'---0 from group (3 0 10'0001000000).
Optimizing FSM `$fsm$\rstate$1431' from module `\axi4_dma_bridge'.
Optimizing FSM `$fsm$\wstate$1425' from module `\axi4_dma_bridge'.

2.7.4. Executing OPT_CLEAN pass (remove unused cells and wires).
Finding unused cells or wires in module \axi4_dma_bridge..
Removed 37 unused cells and 37 unused wires.
<suppressed ~38 debug messages>

2.7.5. Executing FSM_OPT pass (simple optimizations of FSMs).
Optimizing FSM `$fsm$\wstate$1425' from module `\axi4_dma_bridge'.
  Removing unused output signal $procmux$405_Y [0].
  Removing unused output signal $procmux$405_Y [1].
Optimizing FSM `$fsm$\rstate$1431' from module `\axi4_dma_bridge'.
  Removing unused output signal $procmux$822_Y [0].
  Removing unused output signal $procmux$822_Y [1].
Optimizing FSM `$fsm$\u_ctrl.state$1437' from module `\axi4_dma_bridge'.
  Removing unused output signal $procmux$1223_Y [0].
  Removing unused output signal $procmux$1223_Y [1].
  Removing unused output signal $procmux$1223_Y [2].

2.7.6. Executing FSM_RECODE pass (re-assigning FSM state encoding).
Recoding FSM `$fsm$\wstate$1425' from module `\axi4_dma_bridge' using `auto' encoding:
  mapping auto encoding to `one-hot` for this FSM.
  00 -> ---1
  10 -> --1-
  01 -> -1--
  11 -> 1---
Recoding FSM `$fsm$\rstate$1431' from module `\axi4_dma_bridge' using `auto' encoding:
  mapping auto encoding to `one-hot` for this FSM.
  00 -> --1
  10 -> -1-
  01 -> 1--
Recoding FSM `$fsm$\u_ctrl.state$1437' from module `\axi4_dma_bridge' using `auto' encoding:
  mapping auto encoding to `one-hot` for this FSM.
  000 -> ------1
  100 -> -----1-
  010 -> ----1--
  110 -> ---1---
  001 -> --1----
  101 -> -1-----
  011 -> 1------

2.7.7. Executing FSM_INFO pass (dumping all available information on FSM cells).

FSM `$fsm$\wstate$1425' from module `axi4_dma_bridge':
-------------------------------------

  Information on FSM $fsm$\wstate$1425 (\wstate):

  Number of input signals:    6
  Number of output signals:   4
  Number of state bits:       4

  Input signals:
    0: \rst
    1: \wlast
    2: \bvalid
    3: $373y
    4: $391y
    5: $401y

  Output signals:
    0: $procmux$103_CMP
    1: $procmux$148_CMP
    2: $procmux$190_CMP
    3: $procmux$196_CMP

  State encoding:
    0:     4'---1  <RESET STATE>
    1:     4'--1-
    2:     4'-1--
    3:     4'1---

  Transition Table (state_in, ctrl_in, state_out, ctrl_out):
      0:     0 6'-0---0   ->     0 4'1000
      1:     0 6'-----1   ->     0 4'1000
      2:     0 6'-1---0   ->     2 4'1000
      3:     1 6'-----1   ->     0 4'0001
      4:     1 6'--1-00   ->     1 4'0001
      5:     1 6'--0--0   ->     1 4'0001
      6:     1 6'--1-10   ->     3 4'0001
      7:     2 6'-----1   ->     0 4'0010
      8:     2 6'1----0   ->     1 4'0010
      9:     2 6'0----0   ->     2 4'0010
     10:     3 6'---1-0   ->     0 4'0100
     11:     3 6'-----1   ->     0 4'0100
     12:     3 6'---0-0   ->     3 4'0100

-------------------------------------

FSM `$fsm$\rstate$1431' from module `axi4_dma_bridge':
-------------------------------------

  Information on FSM $fsm$\rstate$1431 (\rstate):

  Number of input signals:    6
  Number of output signals:   4
  Number of state bits:       3

  Input signals:
    0: \rst
    1: \rlast
    2: $262y
    3: $275y
    4: $284y
    5: $287y

  Output signals:
    0: $325y
    1: $346y
    2: $procmux$481_CMP
    3: $procmux$536_CMP

  State encoding:
    0:      3'--1  <RESET STATE>
    1:      3'-1-
    2:      3'1--

  Transition Table (state_in, ctrl_in, state_out, ctrl_out):
      0:     0 6'--0--0   ->     0 4'0011
      1:     0 6'-----1   ->     0 4'0011
      2:     0 6'--1--0   ->     2 4'0011
      3:     1 6'-----1   ->     0 4'0100
      4:     1 6'---100   ->     1 4'0100
      5:     1 6'---0-0   ->     1 4'0100
      6:     1 6'---110   ->     2 4'0100
      7:     2 6'-1---0   ->     0 4'1001
      8:     2 6'-----1   ->     0 4'1001
      9:     2 6'10---0   ->     1 4'1001
     10:     2 6'00---0   ->     2 4'1001

-------------------------------------

FSM `$fsm$\u_ctrl.state$1437' from module `axi4_dma_bridge':
-------------------------------------

  Information on FSM $fsm$\u_ctrl.state$1437 (\u_ctrl.state):

  Number of input signals:    4
  Number of output signals:   7
  Number of state bits:       7

  Input signals:
    0: \rst
    1: \ctrl_start
    2: $192y
    3: $197y

  Output signals:
    0: \weight_load
    1: $117y
    2: $procmux$1006_CMP
    3: $procmux$1028_CMP
    4: $procmux$1032_CMP
    5: $procmux$1034_CMP
    6: $procmux$1209_CMP

  State encoding:
    0:  7'------1  <RESET STATE>
    1:  7'-----1-
    2:  7'----1--
    3:  7'---1---
    4:  7'--1----
    5:  7'-1-----
    6:  7'1------

  Transition Table (state_in, ctrl_in, state_out, ctrl_out):
      0:     0 4'--00   ->     0 7'0100000
      1:     0 4'---1   ->     0 7'0100000
      2:     0 4'--10   ->     4 7'0100000
      3:     1 4'---1   ->     0 7'0001000
      4:     1 4'---0   ->     5 7'0001000
      5:     2 4'---1   ->     0 7'0000100
      6:     2 4'-0-0   ->     4 7'0000100
      7:     2 4'-1-0   ->     6 7'0000100
      8:     3 4'----   ->     0 7'1000000
      9:     4 4'---1   ->     0 7'0010000
     10:     4 4'---0   ->     2 7'0010000
     11:     5 4'---1   ->     0 7'0000010
     12:     5 4'1--0   ->     3 7'0000010
     13:     5 4'0--0   ->     5 7'0000010
     14:     6 4'---1   ->     0 7'0000001
     15:     6 4'---0   ->     1 7'0000001

-------------------------------------

2.7.8. Executing FSM_MAP pass (mapping FSMs to basic logic).
Mapping FSM `$fsm$\wstate$1425' from module `\axi4_dma_bridge'.
Mapping FSM `$fsm$\rstate$1431' from module `\axi4_dma_bridge'.
Mapping FSM `$fsm$\u_ctrl.state$1437' from module `\axi4_dma_bridge'.

2.8. Executing OPT pass (performing simple optimizations).

2.8.1. Executing OPT_EXPR pass (perform const folding).
Optimizing module axi4_dma_bridge.
<suppressed ~16 debug messages>

2.8.2. Executing OPT_MERGE pass (detect identical cells).
Finding identical cells in module `\axi4_dma_bridge'.
Computing hashes of 371 cells of `\axi4_dma_bridge'.
Finding duplicate cells in `\axi4_dma_bridge'.
Computing hashes of 369 cells of `\axi4_dma_bridge'.
Finding duplicate cells in `\axi4_dma_bridge'.
<suppressed ~6 debug messages>
Removed a total of 2 cells.

2.8.3. Executing OPT_MUXTREE pass (detect dead branches in mux trees).
Running muxtree optimizer on module \axi4_dma_bridge..
  Creating internal representation of mux trees.
  Evaluating internal representation of mux trees.
  Analyzing evaluation results.
Removed 0 multiplexer ports.
<suppressed ~211 debug messages>

2.8.4. Executing OPT_REDUCE pass (consolidate $*mux and $reduce_* inputs).
  Optimizing cells in module \axi4_dma_bridge.
Performed a total of 0 changes.

2.8.5. Executing OPT_MERGE pass (detect identical cells).
Finding identical cells in module `\axi4_dma_bridge'.
Computing hashes of 369 cells of `\axi4_dma_bridge'.
Finding duplicate cells in `\axi4_dma_bridge'.
Removed a total of 0 cells.

2.8.6. Executing OPT_DFF pass (perform DFF optimizations).
Adding SRST signal on $driver$u_ctrl.done ($dff) from module axi4_dma_bridge (D = $procmux$1208_Y, Q = \u_ctrl.done, rval = 1'0).
Adding SRST signal on $driver$u_ctrl.li ($dff) from module axi4_dma_bridge (D = $procmux$1200_Y, Q = \u_ctrl.li, rval = 0).
Adding EN signal on $auto$ff.cc:337:slice$1580 ($sdff) from module axi4_dma_bridge (D = $procmux$1200_Y, Q = \u_ctrl.li).
Adding SRST signal on $driver$u_ctrl.cyc ($dff) from module axi4_dma_bridge (D = $procmux$1188_Y, Q = \u_ctrl.cyc, rval = 0).
Adding EN signal on $auto$ff.cc:337:slice$1590 ($sdff) from module axi4_dma_bridge (D = $procmux$1188_Y, Q = \u_ctrl.cyc).
Adding EN signal on $driver$u_ctrl.m_rows_r ($dff) from module axi4_dma_bridge (D = \m_rows, Q = \u_ctrl.m_rows_r).
Adding EN signal on $driver$u_ctrl.weight_buf ($dff) from module axi4_dma_bridge (D = $191y, Q = \u_ctrl.weight_buf).
Adding EN signal on $driver$araddr ($dff) from module axi4_dma_bridge (D = $294y, Q = \araddr).
Adding EN signal on $driver$arlen ($dff) from module axi4_dma_bridge (D = $295y, Q = \arlen).
Adding SRST signal on $driver$arvalid ($dff) from module axi4_dma_bridge (D = $arvalid$315, Q = \arvalid, rval = 1'0).
Adding SRST signal on $driver$rready ($dff) from module axi4_dma_bridge (D = $procmux$761_Y, Q = \rready, rval = 1'0).
Adding EN signal on $auto$ff.cc:337:slice$1623 ($sdff) from module axi4_dma_bridge (D = $procmux$511_Y, Q = \rready).
Adding EN signal on $driver$ctrl_rd_data ($dff) from module axi4_dma_bridge (D = $256, Q = \ctrl_rd_data).
Adding SRST signal on $driver$rf_count ($dff) from module axi4_dma_bridge (D = $procmux$791_Y, Q = \rf_count, rval = 0).
Adding EN signal on $auto$ff.cc:337:slice$1632 ($sdff) from module axi4_dma_bridge (D = $procmux$791_Y, Q = \rf_count).
Adding SRST signal on $driver$rf_wptr ($dff) from module axi4_dma_bridge (D = $procmux$798_Y, Q = \rf_wptr, rval = 0).
Adding EN signal on $auto$ff.cc:337:slice$1636 ($sdff) from module axi4_dma_bridge (D = $268y, Q = \rf_wptr).
Adding SRST signal on $driver$rf_rptr ($dff) from module axi4_dma_bridge (D = $procmux$804_Y, Q = \rf_rptr, rval = 0).
Adding EN signal on $auto$ff.cc:337:slice$1638 ($sdff) from module axi4_dma_bridge (D = $259y, Q = \rf_rptr).
Adding EN signal on $driver$w_base_lat ($dff) from module axi4_dma_bridge (D = \w_base, Q = \w_base_lat).
Adding EN signal on $driver$a_base_lat ($dff) from module axi4_dma_bridge (D = \a_base, Q = \a_base_lat).
Adding EN signal on $driver$c_base_lat ($dff) from module axi4_dma_bridge (D = \c_base, Q = \c_base_lat).
Adding SRST signal on $driver$rd_total ($dff) from module axi4_dma_bridge (D = $procmux$718_Y, Q = \rd_total, rval = 0).
Adding EN signal on $auto$ff.cc:337:slice$1655 ($sdff) from module axi4_dma_bridge (D = $276y, Q = \rd_total).
Adding SRST signal on $driver$rd_issued ($dff) from module axi4_dma_bridge (D = $procmux$707_Y, Q = \rd_issued, rval = 0).
Adding EN signal on $auto$ff.cc:337:slice$1659 ($sdff) from module axi4_dma_bridge (D = $procmux$707_Y, Q = \rd_issued).
Adding EN signal on $driver$awaddr ($dff) from module axi4_dma_bridge (D = $393y, Q = \awaddr).
Adding EN signal on $driver$awlen ($dff) from module axi4_dma_bridge (D = $394y, Q = \awlen).
Adding SRST signal on $driver$awvalid ($dff) from module axi4_dma_bridge (D = $awvalid$439, Q = \awvalid, rval = 1'0).
Adding EN signal on $auto$ff.cc:337:slice$1679 ($sdff) from module axi4_dma_bridge (D = $awvalid$439, Q = \awvalid).
Adding EN signal on $driver$wdata ($dff) from module axi4_dma_bridge (D = $procmux$325_Y, Q = \wdata).
Adding SRST signal on $driver$wlast ($dff) from module axi4_dma_bridge (D = $procmux$315_Y, Q = \wlast, rval = 1'0).
Adding EN signal on $auto$ff.cc:337:slice$1702 ($sdff) from module axi4_dma_bridge (D = $procmux$315_Y, Q = \wlast).
Adding SRST signal on $driver$wvalid ($dff) from module axi4_dma_bridge (D = $procmux$305_Y, Q = \wvalid, rval = 1'0).
Adding EN signal on $auto$ff.cc:337:slice$1712 ($sdff) from module axi4_dma_bridge (D = $procmux$305_Y, Q = \wvalid).
Adding SRST signal on $driver$wf_count ($dff) from module axi4_dma_bridge (D = $procmux$382_Y, Q = \wf_count, rval = 0).
Adding EN signal on $auto$ff.cc:337:slice$1724 ($sdff) from module axi4_dma_bridge (D = $procmux$382_Y, Q = \wf_count).
Adding SRST signal on $driver$wf_wptr ($dff) from module axi4_dma_bridge (D = $procmux$394_Y, Q = \wf_wptr, rval = 0).
Adding EN signal on $auto$ff.cc:337:slice$1728 ($sdff) from module axi4_dma_bridge (D = $371y, Q = \wf_wptr).
Adding SRST signal on $driver$wf_rptr ($dff) from module axi4_dma_bridge (D = $procmux$389_Y, Q = \wf_rptr, rval = 0).
Adding EN signal on $auto$ff.cc:337:slice$1730 ($sdff) from module axi4_dma_bridge (D = $376y, Q = \wf_rptr).
Adding SRST signal on $driver$wr_total ($dff) from module axi4_dma_bridge (D = $procmux$376_Y, Q = \wr_total, rval = 0).
Adding EN signal on $auto$ff.cc:337:slice$1732 ($sdff) from module axi4_dma_bridge (D = \m_rows, Q = \wr_total).
Adding SRST signal on $driver$wr_issued ($dff) from module axi4_dma_bridge (D = $procmux$297_Y, Q = \wr_issued, rval = 0).
Adding SRST signal on $driver$wr_acked ($dff) from module axi4_dma_bridge (D = $procmux$289_Y, Q = \wr_acked, rval = 0).
Adding EN signal on $driver$w_burst_len ($dff) from module axi4_dma_bridge (D = \next_wburst_len, Q = \w_burst_len).
Adding EN signal on $driver$w_beat_cnt ($dff) from module axi4_dma_bridge (D = $procmux$270_Y, Q = \w_beat_cnt).
Adding SRST signal on $driver$done ($dff) from module axi4_dma_bridge (D = $done$471, Q = \done, rval = 1'0).
Adding SRST signal on $driver$ctrl_start ($dff) from module axi4_dma_bridge (D = $ctrl_start$467, Q = \ctrl_start, rval = 1'0).
Adding SRST signal on $driver$bstate ($dff) from module axi4_dma_bridge (D = $bstate$475, Q = \bstate, rval = 2'00).
Adding EN signal on $auto$ff.cc:337:slice$1762 ($sdff) from module axi4_dma_bridge (D = $bstate$475, Q = \bstate).

2.8.7. Executing OPT_CLEAN pass (remove unused cells and wires).
Finding unused cells or wires in module \axi4_dma_bridge..
Removed 68 unused cells and 95 unused wires.
<suppressed ~69 debug messages>

2.8.8. Executing OPT_EXPR pass (perform const folding).
Optimizing module axi4_dma_bridge.
<suppressed ~10 debug messages>

2.8.9. Rerunning OPT passes. (Maybe there is more to do..)

2.8.10. Executing OPT_MUXTREE pass (detect dead branches in mux trees).
Running muxtree optimizer on module \axi4_dma_bridge..
  Creating internal representation of mux trees.
  Evaluating internal representation of mux trees.
  Analyzing evaluation results.
Removed 0 multiplexer ports.
<suppressed ~130 debug messages>

2.8.11. Executing OPT_REDUCE pass (consolidate $*mux and $reduce_* inputs).
  Optimizing cells in module \axi4_dma_bridge.
    New input vector for $reduce_or cell $auto$simple.cc:236:combine_resets$1625: { \rstate [2] \rstate [0] \rst }
  Optimizing cells in module \axi4_dma_bridge.
Performed a total of 1 changes.

2.8.12. Executing OPT_MERGE pass (detect identical cells).
Finding identical cells in module `\axi4_dma_bridge'.
Computing hashes of 373 cells of `\axi4_dma_bridge'.
Finding duplicate cells in `\axi4_dma_bridge'.
Computing hashes of 350 cells of `\axi4_dma_bridge'.
Finding duplicate cells in `\axi4_dma_bridge'.
Computing hashes of 345 cells of `\axi4_dma_bridge'.
Finding duplicate cells in `\axi4_dma_bridge'.
<suppressed ~84 debug messages>
Removed a total of 28 cells.

2.8.13. Executing OPT_DFF pass (perform DFF optimizations).

2.8.14. Executing OPT_CLEAN pass (remove unused cells and wires).
Finding unused cells or wires in module \axi4_dma_bridge..
Removed 1 unused cells and 29 unused wires.
<suppressed ~2 debug messages>

2.8.15. Executing OPT_EXPR pass (perform const folding).
Optimizing module axi4_dma_bridge.

2.8.16. Rerunning OPT passes. (Maybe there is more to do..)

2.8.17. Executing OPT_MUXTREE pass (detect dead branches in mux trees).
Running muxtree optimizer on module \axi4_dma_bridge..
  Creating internal representation of mux trees.
  Evaluating internal representation of mux trees.
  Analyzing evaluation results.
Removed 0 multiplexer ports.
<suppressed ~130 debug messages>

2.8.18. Executing OPT_REDUCE pass (consolidate $*mux and $reduce_* inputs).
  Optimizing cells in module \axi4_dma_bridge.
Performed a total of 0 changes.

2.8.19. Executing OPT_MERGE pass (detect identical cells).
Finding identical cells in module `\axi4_dma_bridge'.
Computing hashes of 344 cells of `\axi4_dma_bridge'.
Finding duplicate cells in `\axi4_dma_bridge'.
Removed a total of 0 cells.

2.8.20. Executing OPT_DFF pass (perform DFF optimizations).

2.8.21. Executing OPT_CLEAN pass (remove unused cells and wires).
Finding unused cells or wires in module \axi4_dma_bridge..

2.8.22. Executing OPT_EXPR pass (perform const folding).
Optimizing module axi4_dma_bridge.

2.8.23. Finished fast OPT passes. (There is nothing left to do.)

2.9. Executing WREDUCE pass (reducing word size of cells).
Removed top 24 address bits (of 32) from memory init port axi4_dma_bridge.$413 (wfifo).
Removed top 24 address bits (of 32) from memory init port axi4_dma_bridge.$402 (wfifo).
Removed top 24 address bits (of 32) from memory init port axi4_dma_bridge.$366 (wfifo).
Removed top 24 address bits (of 32) from memory init port axi4_dma_bridge.$263 (rfifo).
Removed top 24 address bits (of 32) from memory init port axi4_dma_bridge.$255 (rfifo).
Removed top 32 address bits (of 32) from memory init port axi4_dma_bridge.$171 (u_ctrl.g_col_deskew[2].g_delay.sk).
Removed top 32 address bits (of 32) from memory init port axi4_dma_bridge.$166 (u_ctrl.g_col_deskew[2].g_delay.sk).
Removed top 32 address bits (of 32) from memory init port axi4_dma_bridge.$162 (u_ctrl.g_col_deskew[2].g_delay.sk).
Removed top 31 address bits (of 32) from memory init port axi4_dma_bridge.$156 (u_ctrl.g_col_deskew[1].g_delay.sk).
Removed top 31 address bits (of 32) from memory init port axi4_dma_bridge.$151 (u_ctrl.g_col_deskew[1].g_delay.sk).
Removed top 31 address bits (of 32) from memory init port axi4_dma_bridge.$149 (u_ctrl.g_col_deskew[1].g_delay.sk).
Removed top 31 address bits (of 32) from memory init port axi4_dma_bridge.$146 (u_ctrl.g_col_deskew[1].g_delay.sk).
Removed top 31 address bits (of 32) from memory init port axi4_dma_bridge.$142 (u_ctrl.g_col_deskew[1].g_delay.sk).
Removed top 31 address bits (of 32) from memory init port axi4_dma_bridge.$139 (u_ctrl.g_col_deskew[1].g_delay.sk).
Removed top 30 address bits (of 32) from memory init port axi4_dma_bridge.$133 (u_ctrl.g_col_deskew[0].g_delay.sk).
Removed top 30 address bits (of 32) from memory init port axi4_dma_bridge.$128 (u_ctrl.g_col_deskew[0].g_delay.sk).
Removed top 30 address bits (of 32) from memory init port axi4_dma_bridge.$126 (u_ctrl.g_col_deskew[0].g_delay.sk).
Removed top 30 address bits (of 32) from memory init port axi4_dma_bridge.$123 (u_ctrl.g_col_deskew[0].g_delay.sk).
Removed top 30 address bits (of 32) from memory init port axi4_dma_bridge.$121 (u_ctrl.g_col_deskew[0].g_delay.sk).
Removed top 30 address bits (of 32) from memory init port axi4_dma_bridge.$118 (u_ctrl.g_col_deskew[0].g_delay.sk).
Removed top 30 address bits (of 32) from memory init port axi4_dma_bridge.$114 (u_ctrl.g_col_deskew[0].g_delay.sk).
Removed top 30 address bits (of 32) from memory init port axi4_dma_bridge.$111 (u_ctrl.g_col_deskew[0].g_delay.sk).
Removed top 30 address bits (of 32) from memory init port axi4_dma_bridge.$108 (u_ctrl.g_col_deskew[0].g_delay.sk).
Removed top 30 address bits (of 32) from memory init port axi4_dma_bridge.$102 (u_ctrl.g_row_skew[3].g_delay.sk).
Removed top 30 address bits (of 32) from memory init port axi4_dma_bridge.$97 (u_ctrl.g_row_skew[3].g_delay.sk).
Removed top 30 address bits (of 32) from memory init port axi4_dma_bridge.$95 (u_ctrl.g_row_skew[3].g_delay.sk).
Removed top 30 address bits (of 32) from memory init port axi4_dma_bridge.$92 (u_ctrl.g_row_skew[3].g_delay.sk).
Removed top 30 address bits (of 32) from memory init port axi4_dma_bridge.$90 (u_ctrl.g_row_skew[3].g_delay.sk).
Removed top 30 address bits (of 32) from memory init port axi4_dma_bridge.$87 (u_ctrl.g_row_skew[3].g_delay.sk).
Removed top 30 address bits (of 32) from memory init port axi4_dma_bridge.$83 (u_ctrl.g_row_skew[3].g_delay.sk).
Removed top 30 address bits (of 32) from memory init port axi4_dma_bridge.$80 (u_ctrl.g_row_skew[3].g_delay.sk).
Removed top 30 address bits (of 32) from memory init port axi4_dma_bridge.$77 (u_ctrl.g_row_skew[3].g_delay.sk).
Removed top 31 address bits (of 32) from memory init port axi4_dma_bridge.$70 (u_ctrl.g_row_skew[2].g_delay.sk).
Removed top 31 address bits (of 32) from memory init port axi4_dma_bridge.$65 (u_ctrl.g_row_skew[2].g_delay.sk).
Removed top 31 address bits (of 32) from memory init port axi4_dma_bridge.$63 (u_ctrl.g_row_skew[2].g_delay.sk).
Removed top 31 address bits (of 32) from memory init port axi4_dma_bridge.$60 (u_ctrl.g_row_skew[2].g_delay.sk).
Removed top 31 address bits (of 32) from memory init port axi4_dma_bridge.$56 (u_ctrl.g_row_skew[2].g_delay.sk).
Removed top 31 address bits (of 32) from memory init port axi4_dma_bridge.$53 (u_ctrl.g_row_skew[2].g_delay.sk).
Removed top 32 address bits (of 32) from memory init port axi4_dma_bridge.$46 (u_ctrl.g_row_skew[1].g_delay.sk).
Removed top 32 address bits (of 32) from memory init port axi4_dma_bridge.$41 (u_ctrl.g_row_skew[1].g_delay.sk).
Removed top 32 address bits (of 32) from memory init port axi4_dma_bridge.$37 (u_ctrl.g_row_skew[1].g_delay.sk).
Removed top 1 bits (of 2) from port B of cell axi4_dma_bridge.$auto$simple.cc:194:make_patterns_logic$1707 ($ne).
Removed top 1 bits (of 2) from port B of cell axi4_dma_bridge.$auto$simple.cc:194:make_patterns_logic$1686 ($ne).
Removed top 1 bits (of 2) from port B of cell axi4_dma_bridge.$auto$simple.cc:194:make_patterns_logic$1684 ($ne).
Removed top 1 bits (of 2) from port B of cell axi4_dma_bridge.$auto$simple.cc:194:make_patterns_logic$1666 ($ne).
Removed top 1 bits (of 2) from port B of cell axi4_dma_bridge.$auto$simple.cc:194:make_patterns_logic$1664 ($ne).
Removed top 29 bits (of 32) from port B of cell axi4_dma_bridge.$0 ($add).
Removed top 29 bits (of 32) from port B of cell axi4_dma_bridge.$8 ($ge).
Removed top 29 bits (of 32) from port B of cell axi4_dma_bridge.$9 ($sub).
Converting cell axi4_dma_bridge.$189 ($neg) from signed to unsigned.
Removed top 1 bits (of 33) from port A of cell axi4_dma_bridge.$189 ($neg).
Removed top 30 bits (of 32) from port B of cell axi4_dma_bridge.$192 ($eq).
Removed top 31 bits (of 32) from port B of cell axi4_dma_bridge.$193 ($add).
Removed top 31 bits (of 32) from port B of cell axi4_dma_bridge.$196 ($sub).
Removed top 31 bits (of 32) from port B of cell axi4_dma_bridge.$198 ($add).
Removed top 23 bits (of 32) from port A of cell axi4_dma_bridge.$237 ($sub).
Removed top 29 bits (of 32) from port A of cell axi4_dma_bridge.$241 ($sub).
Removed top 27 bits (of 32) from port B of cell axi4_dma_bridge.$244 ($gt).
Removed top 23 bits (of 32) from port B of cell axi4_dma_bridge.$257 ($eq).
Removed top 30 bits (of 32) from port B of cell axi4_dma_bridge.$258 ($add).
Removed top 23 bits (of 32) from port B of cell axi4_dma_bridge.$266 ($eq).
Removed top 30 bits (of 32) from port B of cell axi4_dma_bridge.$267 ($add).
Removed top 31 bits (of 32) from port B of cell axi4_dma_bridge.$271 ($sub).
Removed top 31 bits (of 32) from port B of cell axi4_dma_bridge.$272 ($add).
Removed top 29 bits (of 32) from port A of cell axi4_dma_bridge.$276 ($add).
Removed top 29 bits (of 32) from port B of cell axi4_dma_bridge.$288 ($lt).
Removed top 29 bits (of 32) from port B of cell axi4_dma_bridge.$291 ($sub).
Removed top 2 bits (of 32) from port Y of cell axi4_dma_bridge.$291 ($sub).
Removed top 2 bits (of 32) from port A of cell axi4_dma_bridge.$291 ($sub).
Removed top 7 bits (of 8) from port B of cell axi4_dma_bridge.$295 ($sub).
Removed top 31 bits (of 32) from port B of cell axi4_dma_bridge.$307 ($add).
Removed top 24 bits (of 32) from port Y of cell axi4_dma_bridge.$354 ($sub).
Removed top 24 bits (of 32) from port A of cell axi4_dma_bridge.$354 ($sub).
Removed top 24 bits (of 32) from port B of cell axi4_dma_bridge.$354 ($sub).
Removed top 27 bits (of 32) from port B of cell axi4_dma_bridge.$355 ($lt).
Removed top 23 bits (of 32) from port B of cell axi4_dma_bridge.$369 ($eq).
Removed top 30 bits (of 32) from port B of cell axi4_dma_bridge.$370 ($add).
Removed top 31 bits (of 32) from port B of cell axi4_dma_bridge.$379 ($add).
Removed top 31 bits (of 32) from port B of cell axi4_dma_bridge.$380 ($sub).
Removed top 7 bits (of 8) from port B of cell axi4_dma_bridge.$394 ($sub).
Removed top 7 bits (of 8) from port B of cell axi4_dma_bridge.$404 ($eq).
Removed top 7 bits (of 8) from port B of cell axi4_dma_bridge.$411 ($add).
Removed top 24 bits (of 32) from port B of cell axi4_dma_bridge.$412 ($add).
Removed top 23 bits (of 32) from port B of cell axi4_dma_bridge.$414 ($eq).
Removed top 30 bits (of 32) from port B of cell axi4_dma_bridge.$415 ($add).
Removed top 24 bits (of 32) from port A of cell axi4_dma_bridge.$418 ($add).
Removed top 30 bits (of 32) from port B of cell axi4_dma_bridge.$418 ($add).
Removed top 23 bits (of 32) from port Y of cell axi4_dma_bridge.$418 ($add).
Removed top 23 bits (of 32) from port A of cell axi4_dma_bridge.$419 ($eq).
Removed top 24 bits (of 32) from port B of cell axi4_dma_bridge.$419 ($eq).
Removed top 24 bits (of 32) from port B of cell axi4_dma_bridge.$433 ($add).
Removed top 1 bits (of 2) from port B of cell axi4_dma_bridge.$procmux$383_CMP0 ($eq).
Removed top 1 bits (of 2) from port B of cell axi4_dma_bridge.$procmux$792_CMP0 ($eq).
Removed top 1 bits (of 2) from port B of cell axi4_dma_bridge.$procmux$925_CMP0 ($eq).
Removed top 2 bits (of 32) from wire axi4_dma_bridge.$291y.
Removed top 23 bits (of 32) from wire axi4_dma_bridge.$418y.

2.10. Executing PEEPOPT pass (run peephole optimizers).

2.11. Executing OPT_CLEAN pass (remove unused cells and wires).
Finding unused cells or wires in module \axi4_dma_bridge..
Removed 0 unused cells and 2 unused wires.
<suppressed ~1 debug messages>

2.12. Executing ALUMACC pass (create $alu and $macc cells).
Extracting $alu and $macc cells in module axi4_dma_bridge:
  creating $macc model for $433 ($add).
  creating $macc model for $418 ($add).
  creating $macc model for $415 ($add).
  creating $macc model for $412 ($add).
  creating $macc model for $411 ($add).
  creating $macc model for $394 ($sub).
  creating $macc model for $393 ($add).
  creating $macc model for $380 ($sub).
  creating $macc model for $379 ($add).
  creating $macc model for $370 ($add).
  creating $macc model for $354 ($sub).
  creating $macc model for $307 ($add).
  creating $macc model for $295 ($sub).
  creating $macc model for $293 ($add).
  creating $macc model for $291 ($sub).
  creating $macc model for $290 ($add).
  creating $macc model for $276 ($add).
  creating $macc model for $272 ($add).
  creating $macc model for $271 ($sub).
  creating $macc model for $267 ($add).
  creating $macc model for $258 ($add).
  creating $macc model for $242 ($sub).
  creating $macc model for $241 ($sub).
  creating $macc model for $237 ($sub).
  creating $macc model for $198 ($add).
  creating $macc model for $196 ($sub).
  creating $macc model for $193 ($add).
  creating $macc model for $189 ($neg).
  creating $macc model for $9 ($sub).
  creating $macc model for $0 ($add).
  merging $macc model for $0 into $196.
  creating $alu model for $macc $9.
  creating $alu model for $macc $189.
  creating $alu model for $macc $193.
  creating $alu model for $macc $198.
  creating $alu model for $macc $237.
  creating $alu model for $macc $241.
  creating $alu model for $macc $242.
  creating $alu model for $macc $258.
  creating $alu model for $macc $267.
  creating $alu model for $macc $271.
  creating $alu model for $macc $272.
  creating $alu model for $macc $276.
  creating $alu model for $macc $290.
  creating $alu model for $macc $291.
  creating $alu model for $macc $293.
  creating $alu model for $macc $295.
  creating $alu model for $macc $307.
  creating $alu model for $macc $354.
  creating $alu model for $macc $370.
  creating $alu model for $macc $379.
  creating $alu model for $macc $380.
  creating $alu model for $macc $393.
  creating $alu model for $macc $394.
  creating $alu model for $macc $411.
  creating $alu model for $macc $412.
  creating $alu model for $macc $415.
  creating $alu model for $macc $418.
  creating $alu model for $macc $433.
  creating $macc cell for $196: $auto$alumacc.cc:399:replace_macc$1776
  creating $alu model for $470 ($ge): new $alu
  creating $alu model for $389 ($lt): new $alu
  creating $alu model for $357 ($gt): new $alu
  creating $alu model for $355 ($lt): new $alu
  creating $alu model for $288 ($lt): merged with $241.
  creating $alu model for $284 ($ge): merged with $242.
  creating $alu model for $246 ($lt): new $alu
  creating $alu model for $244 ($gt): new $alu
  creating $alu model for $27 ($lt): new $alu
  creating $alu model for $10 ($lt): new $alu
  creating $alu model for $8 ($ge): merged with $9.
  creating $alu model for $7 ($lt): new $alu
  creating $alu model for $344 ($eq): merged with $242.
  creating $alu cell for $7: $auto$alumacc.cc:548:replace_alu$1786
  creating $alu cell for $10: $auto$alumacc.cc:548:replace_alu$1791
  creating $alu cell for $27: $auto$alumacc.cc:548:replace_alu$1796
  creating $alu cell for $244: $auto$alumacc.cc:548:replace_alu$1801
  creating $alu cell for $246: $auto$alumacc.cc:548:replace_alu$1812
  creating $alu cell for $355: $auto$alumacc.cc:548:replace_alu$1817
  creating $alu cell for $357: $auto$alumacc.cc:548:replace_alu$1822
  creating $alu cell for $389: $auto$alumacc.cc:548:replace_alu$1833
  creating $alu cell for $470: $auto$alumacc.cc:548:replace_alu$1838
  creating $alu cell for $433: $auto$alumacc.cc:548:replace_alu$1851
  creating $alu cell for $418: $auto$alumacc.cc:548:replace_alu$1854
  creating $alu cell for $415: $auto$alumacc.cc:548:replace_alu$1857
  creating $alu cell for $412: $auto$alumacc.cc:548:replace_alu$1860
  creating $alu cell for $411: $auto$alumacc.cc:548:replace_alu$1863
  creating $alu cell for $394: $auto$alumacc.cc:548:replace_alu$1866
  creating $alu cell for $393: $auto$alumacc.cc:548:replace_alu$1869
  creating $alu cell for $380: $auto$alumacc.cc:548:replace_alu$1872
  creating $alu cell for $379: $auto$alumacc.cc:548:replace_alu$1875
  creating $alu cell for $370: $auto$alumacc.cc:548:replace_alu$1878
  creating $alu cell for $354: $auto$alumacc.cc:548:replace_alu$1881
  creating $alu cell for $307: $auto$alumacc.cc:548:replace_alu$1884
  creating $alu cell for $295: $auto$alumacc.cc:548:replace_alu$1887
  creating $alu cell for $293: $auto$alumacc.cc:548:replace_alu$1890
  creating $alu cell for $291: $auto$alumacc.cc:548:replace_alu$1893
  creating $alu cell for $290: $auto$alumacc.cc:548:replace_alu$1896
  creating $alu cell for $276: $auto$alumacc.cc:548:replace_alu$1899
  creating $alu cell for $272: $auto$alumacc.cc:548:replace_alu$1902
  creating $alu cell for $271: $auto$alumacc.cc:548:replace_alu$1905
  creating $alu cell for $267: $auto$alumacc.cc:548:replace_alu$1908
  creating $alu cell for $258: $auto$alumacc.cc:548:replace_alu$1911
  creating $alu cell for $242, $284, $344: $auto$alumacc.cc:548:replace_alu$1914
  creating $alu cell for $241, $288: $auto$alumacc.cc:548:replace_alu$1923
  creating $alu cell for $237: $auto$alumacc.cc:548:replace_alu$1934
  creating $alu cell for $198: $auto$alumacc.cc:548:replace_alu$1937
  creating $alu cell for $193: $auto$alumacc.cc:548:replace_alu$1940
  creating $alu cell for $189: $auto$alumacc.cc:548:replace_alu$1943
  creating $alu cell for $9, $8: $auto$alumacc.cc:548:replace_alu$1946
  created 37 $alu and 1 $macc cells.

2.13. Executing SHARE pass (SAT-based resource sharing).
Found 2 cells in module axi4_dma_bridge that may be considered for resource sharing.
  Analyzing resource sharing options for $402 ($memrd_v2):
    Found 1 activation_patterns using ctrl signal { $401y \wstate [2] }.
    Found 1 candidates: $413
    Analyzing resource sharing with $413 ($memrd_v2):
      Found 1 activation_patterns using ctrl signal { $373y \wstate [1] \wlast }.
      Activation pattern for cell $402: { $401y \wstate [2] } = 2'11
      Activation pattern for cell $413: { $373y \wstate [1] \wlast } = 3'110
      Size of SAT problem: 2 cells, 42 variables, 106 clauses
      According to the SAT solver this pair of cells can be shared.
      Activation signal for $402: $auto$share.cc:1066:make_cell_activation_logic$1959
      New cell: $auto$share.cc:711:make_supercell$1961 ($memrd_v2)
  Analyzing resource sharing options for $auto$share.cc:711:make_supercell$1961 ($memrd_v2):
    Found 2 activation_patterns using ctrl signal { $401y $373y \wstate [2:1] \wlast }.
    No candidates found.
Removing 2 cells in module axi4_dma_bridge:
  Removing cell $413 ($memrd_v2).
  Removing cell $402 ($memrd_v2).

2.14. Executing OPT pass (performing simple optimizations).

2.14.1. Executing OPT_EXPR pass (perform const folding).
Optimizing module axi4_dma_bridge.
<suppressed ~6 debug messages>

2.14.2. Executing OPT_MERGE pass (detect identical cells).
Finding identical cells in module `\axi4_dma_bridge'.
Computing hashes of 373 cells of `\axi4_dma_bridge'.
Finding duplicate cells in `\axi4_dma_bridge'.
Removed a total of 0 cells.

2.14.3. Executing OPT_MUXTREE pass (detect dead branches in mux trees).
Running muxtree optimizer on module \axi4_dma_bridge..
  Creating internal representation of mux trees.
  Evaluating internal representation of mux trees.
  Analyzing evaluation results.
Removed 0 multiplexer ports.
<suppressed ~132 debug messages>

2.14.4. Executing OPT_REDUCE pass (consolidate $*mux and $reduce_* inputs).
  Optimizing cells in module \axi4_dma_bridge.
Performed a total of 0 changes.

2.14.5. Executing OPT_MERGE pass (detect identical cells).
Finding identical cells in module `\axi4_dma_bridge'.
Computing hashes of 373 cells of `\axi4_dma_bridge'.
Finding duplicate cells in `\axi4_dma_bridge'.
Removed a total of 0 cells.

2.14.6. Executing OPT_DFF pass (perform DFF optimizations).

2.14.7. Executing OPT_CLEAN pass (remove unused cells and wires).
Finding unused cells or wires in module \axi4_dma_bridge..
Removed 6 unused cells and 20 unused wires.
<suppressed ~9 debug messages>

2.14.8. Executing OPT_EXPR pass (perform const folding).
Optimizing module axi4_dma_bridge.

2.14.9. Rerunning OPT passes. (Maybe there is more to do..)

2.14.10. Executing OPT_MUXTREE pass (detect dead branches in mux trees).
Running muxtree optimizer on module \axi4_dma_bridge..
  Creating internal representation of mux trees.
  Evaluating internal representation of mux trees.
  Analyzing evaluation results.
Removed 0 multiplexer ports.
<suppressed ~132 debug messages>

2.14.11. Executing OPT_REDUCE pass (consolidate $*mux and $reduce_* inputs).
  Optimizing cells in module \axi4_dma_bridge.
Performed a total of 0 changes.

2.14.12. Executing OPT_MERGE pass (detect identical cells).
Finding identical cells in module `\axi4_dma_bridge'.
Computing hashes of 366 cells of `\axi4_dma_bridge'.
Finding duplicate cells in `\axi4_dma_bridge'.
Removed a total of 0 cells.

2.14.13. Executing OPT_DFF pass (perform DFF optimizations).

2.14.14. Executing OPT_CLEAN pass (remove unused cells and wires).
Finding unused cells or wires in module \axi4_dma_bridge..

2.14.15. Executing OPT_EXPR pass (perform const folding).
Optimizing module axi4_dma_bridge.

2.14.16. Finished fast OPT passes. (There is nothing left to do.)

2.15. Executing MEMORY pass.

2.15.1. Executing OPT_MEM pass (optimize memories).
Performed a total of 0 transformations.

2.15.2. Executing OPT_MEM_PRIORITY pass (removing unnecessary memory write priority relations).
Performed a total of 44 transformations.

2.15.3. Executing OPT_MEM_FEEDBACK pass (finding memory read-to-write feedback paths).
  Analyzing axi4_dma_bridge.wfifo write port 0.
  Analyzing axi4_dma_bridge.rfifo write port 0.
  Analyzing axi4_dma_bridge.u_ctrl.g_col_deskew[2].g_delay.sk write port 0.
  Analyzing axi4_dma_bridge.u_ctrl.g_col_deskew[2].g_delay.sk write port 1.
  Analyzing axi4_dma_bridge.u_ctrl.g_col_deskew[1].g_delay.sk write port 0.
  Analyzing axi4_dma_bridge.u_ctrl.g_col_deskew[1].g_delay.sk write port 1.
  Analyzing axi4_dma_bridge.u_ctrl.g_col_deskew[1].g_delay.sk write port 2.
  Analyzing axi4_dma_bridge.u_ctrl.g_col_deskew[1].g_delay.sk write port 3.
  Analyzing axi4_dma_bridge.u_ctrl.g_col_deskew[0].g_delay.sk write port 0.
  Analyzing axi4_dma_bridge.u_ctrl.g_col_deskew[0].g_delay.sk write port 1.
  Analyzing axi4_dma_bridge.u_ctrl.g_col_deskew[0].g_delay.sk write port 2.
  Analyzing axi4_dma_bridge.u_ctrl.g_col_deskew[0].g_delay.sk write port 3.
  Analyzing axi4_dma_bridge.u_ctrl.g_col_deskew[0].g_delay.sk write port 4.
  Analyzing axi4_dma_bridge.u_ctrl.g_col_deskew[0].g_delay.sk write port 5.
  Analyzing axi4_dma_bridge.u_ctrl.g_row_skew[3].g_delay.sk write port 0.
  Analyzing axi4_dma_bridge.u_ctrl.g_row_skew[3].g_delay.sk write port 1.
  Analyzing axi4_dma_bridge.u_ctrl.g_row_skew[3].g_delay.sk write port 2.
  Analyzing axi4_dma_bridge.u_ctrl.g_row_skew[3].g_delay.sk write port 3.
  Analyzing axi4_dma_bridge.u_ctrl.g_row_skew[3].g_delay.sk write port 4.
  Analyzing axi4_dma_bridge.u_ctrl.g_row_skew[3].g_delay.sk write port 5.
  Analyzing axi4_dma_bridge.u_ctrl.g_row_skew[2].g_delay.sk write port 0.
  Analyzing axi4_dma_bridge.u_ctrl.g_row_skew[2].g_delay.sk write port 1.
  Analyzing axi4_dma_bridge.u_ctrl.g_row_skew[2].g_delay.sk write port 2.
  Analyzing axi4_dma_bridge.u_ctrl.g_row_skew[2].g_delay.sk write port 3.
  Analyzing axi4_dma_bridge.u_ctrl.g_row_skew[1].g_delay.sk write port 0.
  Analyzing axi4_dma_bridge.u_ctrl.g_row_skew[1].g_delay.sk write port 1.

2.15.4. Executing MEMORY_BMUX2ROM pass (converting muxes to ROMs).

2.15.5. Executing MEMORY_DFF pass (merging $dff cells to $memrd).
Checking read port `\wfifo'[0] in module `\axi4_dma_bridge': no output FF found.
Checking read port `\rfifo'[0] in module `\axi4_dma_bridge': merging output FF to cell.
    Write port 0: non-transparent.
Checking read port `\u_ctrl.g_col_deskew[2].g_delay.sk'[0] in module `\axi4_dma_bridge': no output FF found.
Checking read port `\u_ctrl.g_col_deskew[1].g_delay.sk'[0] in module `\axi4_dma_bridge': no output FF found.
Checking read port `\u_ctrl.g_col_deskew[1].g_delay.sk'[1] in module `\axi4_dma_bridge': no output FF found.
Checking read port `\u_ctrl.g_col_deskew[0].g_delay.sk'[0] in module `\axi4_dma_bridge': no output FF found.
Checking read port `\u_ctrl.g_col_deskew[0].g_delay.sk'[1] in module `\axi4_dma_bridge': no output FF found.
Checking read port `\u_ctrl.g_col_deskew[0].g_delay.sk'[2] in module `\axi4_dma_bridge': no output FF found.
Checking read port `\u_ctrl.g_row_skew[3].g_delay.sk'[0] in module `\axi4_dma_bridge': no output FF found.
Checking read port `\u_ctrl.g_row_skew[3].g_delay.sk'[1] in module `\axi4_dma_bridge': no output FF found.
Checking read port `\u_ctrl.g_row_skew[3].g_delay.sk'[2] in module `\axi4_dma_bridge': no output FF found.
Checking read port `\u_ctrl.g_row_skew[2].g_delay.sk'[0] in module `\axi4_dma_bridge': no output FF found.
Checking read port `\u_ctrl.g_row_skew[2].g_delay.sk'[1] in module `\axi4_dma_bridge': no output FF found.
Checking read port `\u_ctrl.g_row_skew[1].g_delay.sk'[0] in module `\axi4_dma_bridge': no output FF found.
Checking read port address `\wfifo'[0] in module `\axi4_dma_bridge': no address FF found.
Checking read port address `\u_ctrl.g_col_deskew[2].g_delay.sk'[0] in module `\axi4_dma_bridge': no address FF found.
Checking read port address `\u_ctrl.g_col_deskew[1].g_delay.sk'[0] in module `\axi4_dma_bridge': no address FF found.
Checking read port address `\u_ctrl.g_col_deskew[1].g_delay.sk'[1] in module `\axi4_dma_bridge': no address FF found.
Checking read port address `\u_ctrl.g_col_deskew[0].g_delay.sk'[0] in module `\axi4_dma_bridge': no address FF found.
Checking read port address `\u_ctrl.g_col_deskew[0].g_delay.sk'[1] in module `\axi4_dma_bridge': no address FF found.
Checking read port address `\u_ctrl.g_col_deskew[0].g_delay.sk'[2] in module `\axi4_dma_bridge': no address FF found.
Checking read port address `\u_ctrl.g_row_skew[3].g_delay.sk'[0] in module `\axi4_dma_bridge': no address FF found.
Checking read port address `\u_ctrl.g_row_skew[3].g_delay.sk'[1] in module `\axi4_dma_bridge': no address FF found.
Checking read port address `\u_ctrl.g_row_skew[3].g_delay.sk'[2] in module `\axi4_dma_bridge': no address FF found.
Checking read port address `\u_ctrl.g_row_skew[2].g_delay.sk'[0] in module `\axi4_dma_bridge': no address FF found.
Checking read port address `\u_ctrl.g_row_skew[2].g_delay.sk'[1] in module `\axi4_dma_bridge': no address FF found.
Checking read port address `\u_ctrl.g_row_skew[1].g_delay.sk'[0] in module `\axi4_dma_bridge': no address FF found.

2.15.6. Executing OPT_CLEAN pass (remove unused cells and wires).
Finding unused cells or wires in module \axi4_dma_bridge..
Removed 1 unused cells and 33 unused wires.
<suppressed ~2 debug messages>

2.15.7. Executing MEMORY_SHARE pass (consolidating $memrd/$memwr cells).
Consolidating write ports of memory axi4_dma_bridge.u_ctrl.g_col_deskew[2].g_delay.sk by address:
Consolidating read ports of memory axi4_dma_bridge.u_ctrl.g_col_deskew[1].g_delay.sk by address:
  Merging ports 0, 1 (address 1'0).
Consolidating write ports of memory axi4_dma_bridge.u_ctrl.g_col_deskew[1].g_delay.sk by address:
  Merging ports 0, 1 (address 1'0).
  Merging ports 2, 3 (address 1'0).
Consolidating write ports of memory axi4_dma_bridge.u_ctrl.g_col_deskew[1].g_delay.sk by address:
Consolidating read ports of memory axi4_dma_bridge.u_ctrl.g_col_deskew[0].g_delay.sk by address:
  Merging ports 0, 1 (address 2'00).
  Merging ports 0, 2 (address 2'00).
Consolidating write ports of memory axi4_dma_bridge.u_ctrl.g_col_deskew[0].g_delay.sk by address:
  Merging ports 0, 1 (address 2'00).
  Merging ports 0, 2 (address 2'00).
  Merging ports 3, 4 (address 2'00).
  Merging ports 3, 5 (address 2'00).
Consolidating write ports of memory axi4_dma_bridge.u_ctrl.g_col_deskew[0].g_delay.sk by address:
Consolidating read ports of memory axi4_dma_bridge.u_ctrl.g_row_skew[3].g_delay.sk by address:
  Merging ports 0, 1 (address 2'00).
  Merging ports 0, 2 (address 2'00).
Consolidating write ports of memory axi4_dma_bridge.u_ctrl.g_row_skew[3].g_delay.sk by address:
  Merging ports 0, 1 (address 2'00).
  Merging ports 0, 2 (address 2'00).
  Merging ports 3, 4 (address 2'00).
  Merging ports 3, 5 (address 2'00).
Consolidating write ports of memory axi4_dma_bridge.u_ctrl.g_row_skew[3].g_delay.sk by address:
Consolidating read ports of memory axi4_dma_bridge.u_ctrl.g_row_skew[2].g_delay.sk by address:
  Merging ports 0, 1 (address 1'0).
Consolidating write ports of memory axi4_dma_bridge.u_ctrl.g_row_skew[2].g_delay.sk by address:
  Merging ports 0, 1 (address 1'0).
  Merging ports 2, 3 (address 1'0).
Consolidating write ports of memory axi4_dma_bridge.u_ctrl.g_row_skew[2].g_delay.sk by address:
Consolidating write ports of memory axi4_dma_bridge.u_ctrl.g_row_skew[1].g_delay.sk by address:
Consolidating write ports of memory axi4_dma_bridge.u_ctrl.g_col_deskew[2].g_delay.sk using sat-based resource sharing:
  Checking group clocked with posedge \clk, width 32: ports 0, 1.
  Common input cone for all EN signals: 5 cells.
  Size of unconstrained SAT problem: 41 variables, 127 clauses
  Merging port 1 into port 0.
Consolidating write ports of memory axi4_dma_bridge.u_ctrl.g_col_deskew[1].g_delay.sk using sat-based resource sharing:
  Checking group clocked with posedge \clk, width 64: ports 0, 1.
  Common input cone for all EN signals: 5 cells.
  Size of unconstrained SAT problem: 41 variables, 127 clauses
  Merging port 1 into port 0.
Consolidating write ports of memory axi4_dma_bridge.u_ctrl.g_col_deskew[0].g_delay.sk using sat-based resource sharing:
  Checking group clocked with posedge \clk, width 128: ports 0, 1.
  Common input cone for all EN signals: 5 cells.
  Size of unconstrained SAT problem: 41 variables, 127 clauses
  Merging port 1 into port 0.
Consolidating write ports of memory axi4_dma_bridge.u_ctrl.g_row_skew[3].g_delay.sk using sat-based resource sharing:
  Checking group clocked with posedge \clk, width 32: ports 0, 1.
  Common input cone for all EN signals: 5 cells.
  Size of unconstrained SAT problem: 41 variables, 127 clauses
  Merging port 1 into port 0.
Consolidating write ports of memory axi4_dma_bridge.u_ctrl.g_row_skew[2].g_delay.sk using sat-based resource sharing:
  Checking group clocked with posedge \clk, width 16: ports 0, 1.
  Common input cone for all EN signals: 5 cells.
  Size of unconstrained SAT problem: 41 variables, 127 clauses
  Merging port 1 into port 0.
Consolidating write ports of memory axi4_dma_bridge.u_ctrl.g_row_skew[1].g_delay.sk using sat-based resource sharing:
  Checking group clocked with posedge \clk, width 8: ports 0, 1.
  Common input cone for all EN signals: 5 cells.
  Size of unconstrained SAT problem: 41 variables, 127 clauses
  Merging port 1 into port 0.

2.15.8. Executing OPT_MEM_WIDEN pass (optimize memories where all ports are wide).
Widening base width of memory u_ctrl.g_col_deskew[1].g_delay.sk in module axi4_dma_bridge by factor 2.
Widening base width of memory u_ctrl.g_col_deskew[0].g_delay.sk in module axi4_dma_bridge by factor 4.
Widening base width of memory u_ctrl.g_row_skew[3].g_delay.sk in module axi4_dma_bridge by factor 4.
Widening base width of memory u_ctrl.g_row_skew[2].g_delay.sk in module axi4_dma_bridge by factor 2.
Performed a total of 4 transformations.

2.15.9. Executing OPT_CLEAN pass (remove unused cells and wires).
Finding unused cells or wires in module \axi4_dma_bridge..
Removed 6 unused cells and 10 unused wires.
<suppressed ~7 debug messages>

2.15.10. Executing MEMORY_COLLECT pass (generating $mem cells).

2.16. Executing OPT_CLEAN pass (remove unused cells and wires).
Finding unused cells or wires in module \axi4_dma_bridge..

2.17. Executing OPT pass (performing simple optimizations).

2.17.1. Executing OPT_EXPR pass (perform const folding).
Optimizing module axi4_dma_bridge.
<suppressed ~62 debug messages>

2.17.2. Executing OPT_MERGE pass (detect identical cells).
Finding identical cells in module `\axi4_dma_bridge'.
Computing hashes of 321 cells of `\axi4_dma_bridge'.
Finding duplicate cells in `\axi4_dma_bridge'.
Computing hashes of 317 cells of `\axi4_dma_bridge'.
Finding duplicate cells in `\axi4_dma_bridge'.
<suppressed ~12 debug messages>
Removed a total of 4 cells.

2.17.3. Executing OPT_DFF pass (perform DFF optimizations).
Adding SRST signal on $auto$ff.cc:337:slice$1741 ($dffe) from module axi4_dma_bridge (D = $procmux$91_Y, Q = \w_beat_cnt, rval = 8'00000000).

2.17.4. Executing OPT_CLEAN pass (remove unused cells and wires).
Finding unused cells or wires in module \axi4_dma_bridge..
Removed 7 unused cells and 55 unused wires.
<suppressed ~8 debug messages>

2.17.5. Rerunning OPT passes. (Removed registers in this run.)

2.17.6. Executing OPT_EXPR pass (perform const folding).
Optimizing module axi4_dma_bridge.
<suppressed ~2 debug messages>

2.17.7. Executing OPT_MERGE pass (detect identical cells).
Finding identical cells in module `\axi4_dma_bridge'.
Computing hashes of 310 cells of `\axi4_dma_bridge'.
Finding duplicate cells in `\axi4_dma_bridge'.
Removed a total of 0 cells.

2.17.8. Executing OPT_DFF pass (perform DFF optimizations).

2.17.9. Executing OPT_CLEAN pass (remove unused cells and wires).
Finding unused cells or wires in module \axi4_dma_bridge..

2.17.10. Finished fast OPT passes.

2.18. Executing MEMORY_MAP pass (converting memories to logic and flip-flops).
Mapping memory \wfifo in module \axi4_dma_bridge:
  created 256 $dff cells and 0 static cells of width 128.
  read interface: 0 $dff and 255 $mux cells.
  write interface: 256 write mux blocks.
Mapping memory \rfifo in module \axi4_dma_bridge:
  created 256 $dff cells and 0 static cells of width 32.
Extracted data FF from read port 0 of axi4_dma_bridge.rfifo: $\rfifo$rdreg[0]
  read interface: 1 $dff and 255 $mux cells.
  write interface: 256 write mux blocks.
Mapping memory \u_ctrl.g_col_deskew[2].g_delay.sk in module \axi4_dma_bridge:
  created 1 $dff cells and 0 static cells of width 32.
  read interface: 0 $dff and 0 $mux cells.
  write interface: 1 write mux blocks.
Mapping memory \u_ctrl.g_col_deskew[1].g_delay.sk in module \axi4_dma_bridge:
  created 1 $dff cells and 0 static cells of width 64.
  read interface: 0 $dff and 0 $mux cells.
  write interface: 1 write mux blocks.
Mapping memory \u_ctrl.g_col_deskew[0].g_delay.sk in module \axi4_dma_bridge:
  created 1 $dff cells and 0 static cells of width 128.
  read interface: 0 $dff and 0 $mux cells.
  write interface: 2 write mux blocks.
Mapping memory \u_ctrl.g_row_skew[3].g_delay.sk in module \axi4_dma_bridge:
  created 1 $dff cells and 0 static cells of width 32.
  read interface: 0 $dff and 0 $mux cells.
  write interface: 2 write mux blocks.
Mapping memory \u_ctrl.g_row_skew[2].g_delay.sk in module \axi4_dma_bridge:
  created 1 $dff cells and 0 static cells of width 16.
  read interface: 0 $dff and 0 $mux cells.
  write interface: 1 write mux blocks.
Mapping memory \u_ctrl.g_row_skew[1].g_delay.sk in module \axi4_dma_bridge:
  created 1 $dff cells and 0 static cells of width 8.
  read interface: 0 $dff and 0 $mux cells.
  write interface: 1 write mux blocks.

2.19. Executing OPT pass (performing simple optimizations).

2.19.1. Executing OPT_EXPR pass (perform const folding).
Optimizing module axi4_dma_bridge.
<suppressed ~41 debug messages>

2.19.2. Executing OPT_MERGE pass (detect identical cells).
Finding identical cells in module `\axi4_dma_bridge'.
Computing hashes of 2987 cells of `\axi4_dma_bridge'.
Finding duplicate cells in `\axi4_dma_bridge'.
Removed a total of 0 cells.

2.19.3. Executing OPT_MUXTREE pass (detect dead branches in mux trees).
Running muxtree optimizer on module \axi4_dma_bridge..
  Creating internal representation of mux trees.
  Evaluating internal representation of mux trees.
      Replacing known input bits on port B of cell $auto$memory_share.cc:454:consolidate_wr_using_sat$2037: $119 -> 1'1
      Replacing known input bits on port B of cell $auto$memory_share.cc:454:consolidate_wr_using_sat$2053: { 1'0 $119 } -> 2'01
  Analyzing evaluation results.
Removed 0 multiplexer ports.
<suppressed ~1643 debug messages>

2.19.4. Executing OPT_REDUCE pass (consolidate $*mux and $reduce_* inputs).
  Optimizing cells in module \axi4_dma_bridge.
    Consolidated identical input bits for $mux cell $auto$memory_share.cc:437:consolidate_wr_using_sat$2058:
      Old ports: A=32'xxxxxxxx000000000000000000000000, B={ 8'x $96 $91 \u_ctrl.act_push [7:0] }, Y=$auto$rtlil.cc:3369:Mux$2059
      New ports: A=24'000000000000000000000000, B={ \u_ctrl.g_row_skew[3].g_delay.sk[0] [15:0] \u_ctrl.act_push [7:0] }, Y=$auto$rtlil.cc:3369:Mux$2059 [23:0]
      New connections: $auto$rtlil.cc:3369:Mux$2059 [31:24] = 8'x
    Consolidated identical input bits for $mux cell $auto$memory_share.cc:437:consolidate_wr_using_sat$2050:
      Old ports: A=128'xxxxxxxxxxxxxxxxxxxxxxxxxxxxxxxx000000000000000000000000000000000000000000000000000000000000000000000000000000000000000000000000, B={ 32'x $127 $122 \psum_out [31:0] }, Y=$auto$rtlil.cc:3369:Mux$2051
      New ports: A=96'000000000000000000000000000000000000000000000000000000000000000000000000000000000000000000000000, B={ \u_ctrl.g_col_deskew[0].g_delay.sk[0] [63:0] \psum_out [31:0] }, Y=$auto$rtlil.cc:3369:Mux$2051 [95:0]
      New connections: $auto$rtlil.cc:3369:Mux$2051 [127:96] = 32'x
    Consolidated identical input bits for $mux cell $auto$memory_share.cc:454:consolidate_wr_using_sat$2053:
      Old ports: A={ 1'0 \rst }, B=2'01, Y=$auto$memory_share.cc:441:consolidate_wr_using_sat$2052
      New ports: A=\rst, B=1'1, Y=$auto$memory_share.cc:441:consolidate_wr_using_sat$2052 [0]
      New connections: $auto$memory_share.cc:441:consolidate_wr_using_sat$2052 [1] = 1'0
  Optimizing cells in module \axi4_dma_bridge.
Performed a total of 3 changes.

2.19.5. Executing OPT_MERGE pass (detect identical cells).
Finding identical cells in module `\axi4_dma_bridge'.
Computing hashes of 2987 cells of `\axi4_dma_bridge'.
Finding duplicate cells in `\axi4_dma_bridge'.
Computing hashes of 2986 cells of `\axi4_dma_bridge'.
Finding duplicate cells in `\axi4_dma_bridge'.
<suppressed ~3 debug messages>
Removed a total of 1 cells.

2.19.6. Executing OPT_SHARE pass.
    Found cells that share an operand and can be merged by moving the $mux $procmux$791 in front of them:
        $auto$alumacc.cc:548:replace_alu$1902
        $auto$alumacc.cc:548:replace_alu$1905

    Found cells that share an operand and can be merged by moving the $mux $procmux$382 in front of them:
        $auto$alumacc.cc:548:replace_alu$1872
        $auto$alumacc.cc:548:replace_alu$1875

2.19.7. Executing OPT_DFF pass (perform DFF optimizations).

2.19.8. Executing OPT_CLEAN pass (remove unused cells and wires).
Finding unused cells or wires in module \axi4_dma_bridge..
Removed 0 unused cells and 1076 unused wires.
<suppressed ~1 debug messages>

2.19.9. Executing OPT_EXPR pass (perform const folding).
Optimizing module axi4_dma_bridge.
<suppressed ~7 debug messages>

2.19.10. Rerunning OPT passes. (Maybe there is more to do..)

2.19.11. Executing OPT_MUXTREE pass (detect dead branches in mux trees).
Running muxtree optimizer on module \axi4_dma_bridge..
  Creating internal representation of mux trees.
  Evaluating internal representation of mux trees.
  Analyzing evaluation results.
Removed 0 multiplexer ports.
<suppressed ~1627 debug messages>

2.19.12. Executing OPT_REDUCE pass (consolidate $*mux and $reduce_* inputs).
  Optimizing cells in module \axi4_dma_bridge.
    Consolidated identical input bits for $mux cell $auto$opt_share.cc:244:merge_operators$8037:
      Old ports: A=32'11111111111111111111111111111111, B=1, Y=$auto$rtlil.cc:3369:Mux$8038
      New ports: A=1'1, B=1'0, Y=$auto$rtlil.cc:3369:Mux$8038 [1]
      New connections: { $auto$rtlil.cc:3369:Mux$8038 [31:2] $auto$rtlil.cc:3369:Mux$8038 [0] } = { $auto$rtlil.cc:3369:Mux$8038 [1] $auto$rtlil.cc:3369:Mux$8038 [1] $auto$rtlil.cc:3369:Mux$8038 [1] $auto$rtlil.cc:3369:Mux$8038 [1] $auto$rtlil.cc:3369:Mux$8038 [1] $auto$rtlil.cc:3369:Mux$8038 [1] $auto$rtlil.cc:3369:Mux$8038 [1] $auto$rtlil.cc:3369:Mux$8038 [1] $auto$rtlil.cc:3369:Mux$8038 [1] $auto$rtlil.cc:3369:Mux$8038 [1] $auto$rtlil.cc:3369:Mux$8038 [1] $auto$rtlil.cc:3369:Mux$8038 [1] $auto$rtlil.cc:3369:Mux$8038 [1] $auto$rtlil.cc:3369:Mux$8038 [1] $auto$rtlil.cc:3369:Mux$8038 [1] $auto$rtlil.cc:3369:Mux$8038 [1] $auto$rtlil.cc:3369:Mux$8038 [1] $auto$rtlil.cc:3369:Mux$8038 [1] $auto$rtlil.cc:3369:Mux$8038 [1] $auto$rtlil.cc:3369:Mux$8038 [1] $auto$rtlil.cc:3369:Mux$8038 [1] $auto$rtlil.cc:3369:Mux$8038 [1] $auto$rtlil.cc:3369:Mux$8038 [1] $auto$rtlil.cc:3369:Mux$8038 [1] $auto$rtlil.cc:3369:Mux$8038 [1] $auto$rtlil.cc:3369:Mux$8038 [1] $auto$rtlil.cc:3369:Mux$8038 [1] $auto$rtlil.cc:3369:Mux$8038 [1] $auto$rtlil.cc:3369:Mux$8038 [1] $auto$rtlil.cc:3369:Mux$8038 [1] 1'1 }
    Consolidated identical input bits for $mux cell $auto$opt_share.cc:244:merge_operators$8030:
      Old ports: A=32'11111111111111111111111111111111, B=1, Y=$auto$rtlil.cc:3369:Mux$8031
      New ports: A=1'1, B=1'0, Y=$auto$rtlil.cc:3369:Mux$8031 [1]
      New connections: { $auto$rtlil.cc:3369:Mux$8031 [31:2] $auto$rtlil.cc:3369:Mux$8031 [0] } = { $auto$rtlil.cc:3369:Mux$8031 [1] $auto$rtlil.cc:3369:Mux$8031 [1] $auto$rtlil.cc:3369:Mux$8031 [1] $auto$rtlil.cc:3369:Mux$8031 [1] $auto$rtlil.cc:3369:Mux$8031 [1] $auto$rtlil.cc:3369:Mux$8031 [1] $auto$rtlil.cc:3369:Mux$8031 [1] $auto$rtlil.cc:3369:Mux$8031 [1] $auto$rtlil.cc:3369:Mux$8031 [1] $auto$rtlil.cc:3369:Mux$8031 [1] $auto$rtlil.cc:3369:Mux$8031 [1] $auto$rtlil.cc:3369:Mux$8031 [1] $auto$rtlil.cc:3369:Mux$8031 [1] $auto$rtlil.cc:3369:Mux$8031 [1] $auto$rtlil.cc:3369:Mux$8031 [1] $auto$rtlil.cc:3369:Mux$8031 [1] $auto$rtlil.cc:3369:Mux$8031 [1] $auto$rtlil.cc:3369:Mux$8031 [1] $auto$rtlil.cc:3369:Mux$8031 [1] $auto$rtlil.cc:3369:Mux$8031 [1] $auto$rtlil.cc:3369:Mux$8031 [1] $auto$rtlil.cc:3369:Mux$8031 [1] $auto$rtlil.cc:3369:Mux$8031 [1] $auto$rtlil.cc:3369:Mux$8031 [1] $auto$rtlil.cc:3369:Mux$8031 [1] $auto$rtlil.cc:3369:Mux$8031 [1] $auto$rtlil.cc:3369:Mux$8031 [1] $auto$rtlil.cc:3369:Mux$8031 [1] $auto$rtlil.cc:3369:Mux$8031 [1] $auto$rtlil.cc:3369:Mux$8031 [1] 1'1 }
  Optimizing cells in module \axi4_dma_bridge.
Performed a total of 2 changes.

2.19.13. Executing OPT_MERGE pass (detect identical cells).
Finding identical cells in module `\axi4_dma_bridge'.
Computing hashes of 2982 cells of `\axi4_dma_bridge'.
Finding duplicate cells in `\axi4_dma_bridge'.
Removed a total of 0 cells.

2.19.14. Executing OPT_SHARE pass.

2.19.15. Executing OPT_DFF pass (perform DFF optimizations).
Adding EN signal on $memory\wfifo[0]$2099 ($dff) from module axi4_dma_bridge (D = { \psum_out [127:96] \u_ctrl.g_col_deskew[2].g_delay.sk[0] \u_ctrl.g_col_deskew[1].g_delay.sk[0] [63:32] \u_ctrl.g_col_deskew[0].g_delay.sk[0] [95:64] }, Q = \wfifo[0]).
Adding EN signal on $memory\wfifo[1]$2101 ($dff) from module axi4_dma_bridge (D = { \psum_out [127:96] \u_ctrl.g_col_deskew[2].g_delay.sk[0] \u_ctrl.g_col_deskew[1].g_delay.sk[0] [63:32] \u_ctrl.g_col_deskew[0].g_delay.sk[0] [95:64] }, Q = \wfifo[1]).
Adding EN signal on $memory\wfifo[2]$2103 ($dff) from module axi4_dma_bridge (D = { \psum_out [127:96] \u_ctrl.g_col_deskew[2].g_delay.sk[0] \u_ctrl.g_col_deskew[1].g_delay.sk[0] [63:32] \u_ctrl.g_col_deskew[0].g_delay.sk[0] [95:64] }, Q = \wfifo[2]).
Adding EN signal on $memory\wfifo[3]$2105 ($dff) from module axi4_dma_bridge (D = { \psum_out [127:96] \u_ctrl.g_col_deskew[2].g_delay.sk[0] \u_ctrl.g_col_deskew[1].g_delay.sk[0] [63:32] \u_ctrl.g_col_deskew[0].g_delay.sk[0] [95:64] }, Q = \wfifo[3]).
Adding EN signal on $memory\wfifo[4]$2107 ($dff) from module axi4_dma_bridge (D = { \psum_out [127:96] \u_ctrl.g_col_deskew[2].g_delay.sk[0] \u_ctrl.g_col_deskew[1].g_delay.sk[0] [63:32] \u_ctrl.g_col_deskew[0].g_delay.sk[0] [95:64] }, Q = \wfifo[4]).
Adding EN signal on $memory\wfifo[5]$2109 ($dff) from module axi4_dma_bridge (D = { \psum_out [127:96] \u_ctrl.g_col_deskew[2].g_delay.sk[0] \u_ctrl.g_col_deskew[1].g_delay.sk[0] [63:32] \u_ctrl.g_col_deskew[0].g_delay.sk[0] [95:64] }, Q = \wfifo[5]).
Adding EN signal on $memory\wfifo[6]$2111 ($dff) from module axi4_dma_bridge (D = { \psum_out [127:96] \u_ctrl.g_col_deskew[2].g_delay.sk[0] \u_ctrl.g_col_deskew[1].g_delay.sk[0] [63:32] \u_ctrl.g_col_deskew[0].g_delay.sk[0] [95:64] }, Q = \wfifo[6]).
Adding EN signal on $memory\wfifo[7]$2113 ($dff) from module axi4_dma_bridge (D = { \psum_out [127:96] \u_ctrl.g_col_deskew[2].g_delay.sk[0] \u_ctrl.g_col_deskew[1].g_delay.sk[0] [63:32] \u_ctrl.g_col_deskew[0].g_delay.sk[0] [95:64] }, Q = \wfifo[7]).
Adding EN signal on $memory\wfifo[8]$2115 ($dff) from module axi4_dma_bridge (D = { \psum_out [127:96] \u_ctrl.g_col_deskew[2].g_delay.sk[0] \u_ctrl.g_col_deskew[1].g_delay.sk[0] [63:32] \u_ctrl.g_col_deskew[0].g_delay.sk[0] [95:64] }, Q = \wfifo[8]).
Adding EN signal on $memory\wfifo[9]$2117 ($dff) from module axi4_dma_bridge (D = { \psum_out [127:96] \u_ctrl.g_col_deskew[2].g_delay.sk[0] \u_ctrl.g_col_deskew[1].g_delay.sk[0] [63:32] \u_ctrl.g_col_deskew[0].g_delay.sk[0] [95:64] }, Q = \wfifo[9]).
Adding EN signal on $memory\wfifo[10]$2119 ($dff) from module axi4_dma_bridge (D = { \psum_out [127:96] \u_ctrl.g_col_deskew[2].g_delay.sk[0] \u_ctrl.g_col_deskew[1].g_delay.sk[0] [63:32] \u_ctrl.g_col_deskew[0].g_delay.sk[0] [95:64] }, Q = \wfifo[10]).
Adding EN signal on $memory\wfifo[11]$2121 ($dff) from module axi4_dma_bridge (D = { \psum_out [127:96] \u_ctrl.g_col_deskew[2].g_delay.sk[0] \u_ctrl.g_col_deskew[1].g_delay.sk[0] [63:32] \u_ctrl.g_col_deskew[0].g_delay.sk[0] [95:64] }, Q = \wfifo[11]).
Adding EN signal on $memory\wfifo[12]$2123 ($dff) from module axi4_dma_bridge (D = { \psum_out [127:96] \u_ctrl.g_col_deskew[2].g_delay.sk[0] \u_ctrl.g_col_deskew[1].g_delay.sk[0] [63:32] \u_ctrl.g_col_deskew[0].g_delay.sk[0] [95:64] }, Q = \wfifo[12]).
Adding EN signal on $memory\wfifo[13]$2125 ($dff) from module axi4_dma_bridge (D = { \psum_out [127:96] \u_ctrl.g_col_deskew[2].g_delay.sk[0] \u_ctrl.g_col_deskew[1].g_delay.sk[0] [63:32] \u_ctrl.g_col_deskew[0].g_delay.sk[0] [95:64] }, Q = \wfifo[13]).
Adding EN signal on $memory\wfifo[14]$2127 ($dff) from module axi4_dma_bridge (D = { \psum_out [127:96] \u_ctrl.g_col_deskew[2].g_delay.sk[0] \u_ctrl.g_col_deskew[1].g_delay.sk[0] [63:32] \u_ctrl.g_col_deskew[0].g_delay.sk[0] [95:64] }, Q = \wfifo[14]).
Adding EN signal on $memory\wfifo[15]$2129 ($dff) from module axi4_dma_bridge (D = { \psum_out [127:96] \u_ctrl.g_col_deskew[2].g_delay.sk[0] \u_ctrl.g_col_deskew[1].g_delay.sk[0] [63:32] \u_ctrl.g_col_deskew[0].g_delay.sk[0] [95:64] }, Q = \wfifo[15]).
Adding EN signal on $memory\wfifo[16]$2131 ($dff) from module axi4_dma_bridge (D = { \psum_out [127:96] \u_ctrl.g_col_deskew[2].g_delay.sk[0] \u_ctrl.g_col_deskew[1].g_delay.sk[0] [63:32] \u_ctrl.g_col_deskew[0].g_delay.sk[0] [95:64] }, Q = \wfifo[16]).
Adding EN signal on $memory\wfifo[17]$2133 ($dff) from module axi4_dma_bridge (D = { \psum_out [127:96] \u_ctrl.g_col_deskew[2].g_delay.sk[0] \u_ctrl.g_col_deskew[1].g_delay.sk[0] [63:32] \u_ctrl.g_col_deskew[0].g_delay.sk[0] [95:64] }, Q = \wfifo[17]).
Adding EN signal on $memory\wfifo[18]$2135 ($dff) from module axi4_dma_bridge (D = { \psum_out [127:96] \u_ctrl.g_col_deskew[2].g_delay.sk[0] \u_ctrl.g_col_deskew[1].g_delay.sk[0] [63:32] \u_ctrl.g_col_deskew[0].g_delay.sk[0] [95:64] }, Q = \wfifo[18]).
Adding EN signal on $memory\wfifo[19]$2137 ($dff) from module axi4_dma_bridge (D = { \psum_out [127:96] \u_ctrl.g_col_deskew[2].g_delay.sk[0] \u_ctrl.g_col_deskew[1].g_delay.sk[0] [63:32] \u_ctrl.g_col_deskew[0].g_delay.sk[0] [95:64] }, Q = \wfifo[19]).
Adding EN signal on $memory\wfifo[20]$2139 ($dff) from module axi4_dma_bridge (D = { \psum_out [127:96] \u_ctrl.g_col_deskew[2].g_delay.sk[0] \u_ctrl.g_col_deskew[1].g_delay.sk[0] [63:32] \u_ctrl.g_col_deskew[0].g_delay.sk[0] [95:64] }, Q = \wfifo[20]).
Adding EN signal on $memory\wfifo[21]$2141 ($dff) from module axi4_dma_bridge (D = { \psum_out [127:96] \u_ctrl.g_col_deskew[2].g_delay.sk[0] \u_ctrl.g_col_deskew[1].g_delay.sk[0] [63:32] \u_ctrl.g_col_deskew[0].g_delay.sk[0] [95:64] }, Q = \wfifo[21]).
Adding EN signal on $memory\wfifo[22]$2143 ($dff) from module axi4_dma_bridge (D = { \psum_out [127:96] \u_ctrl.g_col_deskew[2].g_delay.sk[0] \u_ctrl.g_col_deskew[1].g_delay.sk[0] [63:32] \u_ctrl.g_col_deskew[0].g_delay.sk[0] [95:64] }, Q = \wfifo[22]).
Adding EN signal on $memory\wfifo[23]$2145 ($dff) from module axi4_dma_bridge (D = { \psum_out [127:96] \u_ctrl.g_col_deskew[2].g_delay.sk[0] \u_ctrl.g_col_deskew[1].g_delay.sk[0] [63:32] \u_ctrl.g_col_deskew[0].g_delay.sk[0] [95:64] }, Q = \wfifo[23]).
Adding EN signal on $memory\wfifo[24]$2147 ($dff) from module axi4_dma_bridge (D = { \psum_out [127:96] \u_ctrl.g_col_deskew[2].g_delay.sk[0] \u_ctrl.g_col_deskew[1].g_delay.sk[0] [63:32] \u_ctrl.g_col_deskew[0].g_delay.sk[0] [95:64] }, Q = \wfifo[24]).
Adding EN signal on $memory\wfifo[25]$2149 ($dff) from module axi4_dma_bridge (D = { \psum_out [127:96] \u_ctrl.g_col_deskew[2].g_delay.sk[0] \u_ctrl.g_col_deskew[1].g_delay.sk[0] [63:32] \u_ctrl.g_col_deskew[0].g_delay.sk[0] [95:64] }, Q = \wfifo[25]).
Adding EN signal on $memory\wfifo[26]$2151 ($dff) from module axi4_dma_bridge (D = { \psum_out [127:96] \u_ctrl.g_col_deskew[2].g_delay.sk[0] \u_ctrl.g_col_deskew[1].g_delay.sk[0] [63:32] \u_ctrl.g_col_deskew[0].g_delay.sk[0] [95:64] }, Q = \wfifo[26]).
Adding EN signal on $memory\wfifo[27]$2153 ($dff) from module axi4_dma_bridge (D = { \psum_out [127:96] \u_ctrl.g_col_deskew[2].g_delay.sk[0] \u_ctrl.g_col_deskew[1].g_delay.sk[0] [63:32] \u_ctrl.g_col_deskew[0].g_delay.sk[0] [95:64] }, Q = \wfifo[27]).
Adding EN signal on $memory\wfifo[28]$2155 ($dff) from module axi4_dma_bridge (D = { \psum_out [127:96] \u_ctrl.g_col_deskew[2].g_delay.sk[0] \u_ctrl.g_col_deskew[1].g_delay.sk[0] [63:32] \u_ctrl.g_col_deskew[0].g_delay.sk[0] [95:64] }, Q = \wfifo[28]).
Adding EN signal on $memory\wfifo[29]$2157 ($dff) from module axi4_dma_bridge (D = { \psum_out [127:96] \u_ctrl.g_col_deskew[2].g_delay.sk[0] \u_ctrl.g_col_deskew[1].g_delay.sk[0] [63:32] \u_ctrl.g_col_deskew[0].g_delay.sk[0] [95:64] }, Q = \wfifo[29]).
Adding EN signal on $memory\wfifo[30]$2159 ($dff) from module axi4_dma_bridge (D = { \psum_out [127:96] \u_ctrl.g_col_deskew[2].g_delay.sk[0] \u_ctrl.g_col_deskew[1].g_delay.sk[0] [63:32] \u_ctrl.g_col_deskew[0].g_delay.sk[0] [95:64] }, Q = \wfifo[30]).
Adding EN signal on $memory\wfifo[31]$2161 ($dff) from module axi4_dma_bridge (D = { \psum_out [127:96] \u_ctrl.g_col_deskew[2].g_delay.sk[0] \u_ctrl.g_col_deskew[1].g_delay.sk[0] [63:32] \u_ctrl.g_col_deskew[0].g_delay.sk[0] [95:64] }, Q = \wfifo[31]).
Adding EN signal on $memory\wfifo[32]$2163 ($dff) from module axi4_dma_bridge (D = { \psum_out [127:96] \u_ctrl.g_col_deskew[2].g_delay.sk[0] \u_ctrl.g_col_deskew[1].g_delay.sk[0] [63:32] \u_ctrl.g_col_deskew[0].g_delay.sk[0] [95:64] }, Q = \wfifo[32]).
Adding EN signal on $memory\wfifo[33]$2165 ($dff) from module axi4_dma_bridge (D = { \psum_out [127:96] \u_ctrl.g_col_deskew[2].g_delay.sk[0] \u_ctrl.g_col_deskew[1].g_delay.sk[0] [63:32] \u_ctrl.g_col_deskew[0].g_delay.sk[0] [95:64] }, Q = \wfifo[33]).
Adding EN signal on $memory\wfifo[34]$2167 ($dff) from module axi4_dma_bridge (D = { \psum_out [127:96] \u_ctrl.g_col_deskew[2].g_delay.sk[0] \u_ctrl.g_col_deskew[1].g_delay.sk[0] [63:32] \u_ctrl.g_col_deskew[0].g_delay.sk[0] [95:64] }, Q = \wfifo[34]).
Adding EN signal on $memory\wfifo[35]$2169 ($dff) from module axi4_dma_bridge (D = { \psum_out [127:96] \u_ctrl.g_col_deskew[2].g_delay.sk[0] \u_ctrl.g_col_deskew[1].g_delay.sk[0] [63:32] \u_ctrl.g_col_deskew[0].g_delay.sk[0] [95:64] }, Q = \wfifo[35]).
Adding EN signal on $memory\wfifo[36]$2171 ($dff) from module axi4_dma_bridge (D = { \psum_out [127:96] \u_ctrl.g_col_deskew[2].g_delay.sk[0] \u_ctrl.g_col_deskew[1].g_delay.sk[0] [63:32] \u_ctrl.g_col_deskew[0].g_delay.sk[0] [95:64] }, Q = \wfifo[36]).
Adding EN signal on $memory\wfifo[37]$2173 ($dff) from module axi4_dma_bridge (D = { \psum_out [127:96] \u_ctrl.g_col_deskew[2].g_delay.sk[0] \u_ctrl.g_col_deskew[1].g_delay.sk[0] [63:32] \u_ctrl.g_col_deskew[0].g_delay.sk[0] [95:64] }, Q = \wfifo[37]).
Adding EN signal on $memory\wfifo[38]$2175 ($dff) from module axi4_dma_bridge (D = { \psum_out [127:96] \u_ctrl.g_col_deskew[2].g_delay.sk[0] \u_ctrl.g_col_deskew[1].g_delay.sk[0] [63:32] \u_ctrl.g_col_deskew[0].g_delay.sk[0] [95:64] }, Q = \wfifo[38]).
Adding EN signal on $memory\wfifo[39]$2177 ($dff) from module axi4_dma_bridge (D = { \psum_out [127:96] \u_ctrl.g_col_deskew[2].g_delay.sk[0] \u_ctrl.g_col_deskew[1].g_delay.sk[0] [63:32] \u_ctrl.g_col_deskew[0].g_delay.sk[0] [95:64] }, Q = \wfifo[39]).
Adding EN signal on $memory\wfifo[40]$2179 ($dff) from module axi4_dma_bridge (D = { \psum_out [127:96] \u_ctrl.g_col_deskew[2].g_delay.sk[0] \u_ctrl.g_col_deskew[1].g_delay.sk[0] [63:32] \u_ctrl.g_col_deskew[0].g_delay.sk[0] [95:64] }, Q = \wfifo[40]).
Adding EN signal on $memory\wfifo[41]$2181 ($dff) from module axi4_dma_bridge (D = { \psum_out [127:96] \u_ctrl.g_col_deskew[2].g_delay.sk[0] \u_ctrl.g_col_deskew[1].g_delay.sk[0] [63:32] \u_ctrl.g_col_deskew[0].g_delay.sk[0] [95:64] }, Q = \wfifo[41]).
Adding EN signal on $memory\wfifo[42]$2183 ($dff) from module axi4_dma_bridge (D = { \psum_out [127:96] \u_ctrl.g_col_deskew[2].g_delay.sk[0] \u_ctrl.g_col_deskew[1].g_delay.sk[0] [63:32] \u_ctrl.g_col_deskew[0].g_delay.sk[0] [95:64] }, Q = \wfifo[42]).
Adding EN signal on $memory\wfifo[43]$2185 ($dff) from module axi4_dma_bridge (D = { \psum_out [127:96] \u_ctrl.g_col_deskew[2].g_delay.sk[0] \u_ctrl.g_col_deskew[1].g_delay.sk[0] [63:32] \u_ctrl.g_col_deskew[0].g_delay.sk[0] [95:64] }, Q = \wfifo[43]).
Adding EN signal on $memory\wfifo[44]$2187 ($dff) from module axi4_dma_bridge (D = { \psum_out [127:96] \u_ctrl.g_col_deskew[2].g_delay.sk[0] \u_ctrl.g_col_deskew[1].g_delay.sk[0] [63:32] \u_ctrl.g_col_deskew[0].g_delay.sk[0] [95:64] }, Q = \wfifo[44]).
Adding EN signal on $memory\wfifo[45]$2189 ($dff) from module axi4_dma_bridge (D = { \psum_out [127:96] \u_ctrl.g_col_deskew[2].g_delay.sk[0] \u_ctrl.g_col_deskew[1].g_delay.sk[0] [63:32] \u_ctrl.g_col_deskew[0].g_delay.sk[0] [95:64] }, Q = \wfifo[45]).
Adding EN signal on $memory\wfifo[46]$2191 ($dff) from module axi4_dma_bridge (D = { \psum_out [127:96] \u_ctrl.g_col_deskew[2].g_delay.sk[0] \u_ctrl.g_col_deskew[1].g_delay.sk[0] [63:32] \u_ctrl.g_col_deskew[0].g_delay.sk[0] [95:64] }, Q = \wfifo[46]).
Adding EN signal on $memory\wfifo[47]$2193 ($dff) from module axi4_dma_bridge (D = { \psum_out [127:96] \u_ctrl.g_col_deskew[2].g_delay.sk[0] \u_ctrl.g_col_deskew[1].g_delay.sk[0] [63:32] \u_ctrl.g_col_deskew[0].g_delay.sk[0] [95:64] }, Q = \wfifo[47]).
Adding EN signal on $memory\wfifo[48]$2195 ($dff) from module axi4_dma_bridge (D = { \psum_out [127:96] \u_ctrl.g_col_deskew[2].g_delay.sk[0] \u_ctrl.g_col_deskew[1].g_delay.sk[0] [63:32] \u_ctrl.g_col_deskew[0].g_delay.sk[0] [95:64] }, Q = \wfifo[48]).
Adding EN signal on $memory\wfifo[49]$2197 ($dff) from module axi4_dma_bridge (D = { \psum_out [127:96] \u_ctrl.g_col_deskew[2].g_delay.sk[0] \u_ctrl.g_col_deskew[1].g_delay.sk[0] [63:32] \u_ctrl.g_col_deskew[0].g_delay.sk[0] [95:64] }, Q = \wfifo[49]).
Adding EN signal on $memory\wfifo[50]$2199 ($dff) from module axi4_dma_bridge (D = { \psum_out [127:96] \u_ctrl.g_col_deskew[2].g_delay.sk[0] \u_ctrl.g_col_deskew[1].g_delay.sk[0] [63:32] \u_ctrl.g_col_deskew[0].g_delay.sk[0] [95:64] }, Q = \wfifo[50]).
Adding EN signal on $memory\wfifo[51]$2201 ($dff) from module axi4_dma_bridge (D = { \psum_out [127:96] \u_ctrl.g_col_deskew[2].g_delay.sk[0] \u_ctrl.g_col_deskew[1].g_delay.sk[0] [63:32] \u_ctrl.g_col_deskew[0].g_delay.sk[0] [95:64] }, Q = \wfifo[51]).
Adding EN signal on $memory\wfifo[52]$2203 ($dff) from module axi4_dma_bridge (D = { \psum_out [127:96] \u_ctrl.g_col_deskew[2].g_delay.sk[0] \u_ctrl.g_col_deskew[1].g_delay.sk[0] [63:32] \u_ctrl.g_col_deskew[0].g_delay.sk[0] [95:64] }, Q = \wfifo[52]).
Adding EN signal on $memory\wfifo[53]$2205 ($dff) from module axi4_dma_bridge (D = { \psum_out [127:96] \u_ctrl.g_col_deskew[2].g_delay.sk[0] \u_ctrl.g_col_deskew[1].g_delay.sk[0] [63:32] \u_ctrl.g_col_deskew[0].g_delay.sk[0] [95:64] }, Q = \wfifo[53]).
Adding EN signal on $memory\wfifo[54]$2207 ($dff) from module axi4_dma_bridge (D = { \psum_out [127:96] \u_ctrl.g_col_deskew[2].g_delay.sk[0] \u_ctrl.g_col_deskew[1].g_delay.sk[0] [63:32] \u_ctrl.g_col_deskew[0].g_delay.sk[0] [95:64] }, Q = \wfifo[54]).
Adding EN signal on $memory\wfifo[55]$2209 ($dff) from module axi4_dma_bridge (D = { \psum_out [127:96] \u_ctrl.g_col_deskew[2].g_delay.sk[0] \u_ctrl.g_col_deskew[1].g_delay.sk[0] [63:32] \u_ctrl.g_col_deskew[0].g_delay.sk[0] [95:64] }, Q = \wfifo[55]).
Adding EN signal on $memory\wfifo[56]$2211 ($dff) from module axi4_dma_bridge (D = { \psum_out [127:96] \u_ctrl.g_col_deskew[2].g_delay.sk[0] \u_ctrl.g_col_deskew[1].g_delay.sk[0] [63:32] \u_ctrl.g_col_deskew[0].g_delay.sk[0] [95:64] }, Q = \wfifo[56]).
Adding EN signal on $memory\wfifo[57]$2213 ($dff) from module axi4_dma_bridge (D = { \psum_out [127:96] \u_ctrl.g_col_deskew[2].g_delay.sk[0] \u_ctrl.g_col_deskew[1].g_delay.sk[0] [63:32] \u_ctrl.g_col_deskew[0].g_delay.sk[0] [95:64] }, Q = \wfifo[57]).
Adding EN signal on $memory\wfifo[58]$2215 ($dff) from module axi4_dma_bridge (D = { \psum_out [127:96] \u_ctrl.g_col_deskew[2].g_delay.sk[0] \u_ctrl.g_col_deskew[1].g_delay.sk[0] [63:32] \u_ctrl.g_col_deskew[0].g_delay.sk[0] [95:64] }, Q = \wfifo[58]).
Adding EN signal on $memory\wfifo[59]$2217 ($dff) from module axi4_dma_bridge (D = { \psum_out [127:96] \u_ctrl.g_col_deskew[2].g_delay.sk[0] \u_ctrl.g_col_deskew[1].g_delay.sk[0] [63:32] \u_ctrl.g_col_deskew[0].g_delay.sk[0] [95:64] }, Q = \wfifo[59]).
Adding EN signal on $memory\wfifo[60]$2219 ($dff) from module axi4_dma_bridge (D = { \psum_out [127:96] \u_ctrl.g_col_deskew[2].g_delay.sk[0] \u_ctrl.g_col_deskew[1].g_delay.sk[0] [63:32] \u_ctrl.g_col_deskew[0].g_delay.sk[0] [95:64] }, Q = \wfifo[60]).
Adding EN signal on $memory\wfifo[61]$2221 ($dff) from module axi4_dma_bridge (D = { \psum_out [127:96] \u_ctrl.g_col_deskew[2].g_delay.sk[0] \u_ctrl.g_col_deskew[1].g_delay.sk[0] [63:32] \u_ctrl.g_col_deskew[0].g_delay.sk[0] [95:64] }, Q = \wfifo[61]).
Adding EN signal on $memory\wfifo[62]$2223 ($dff) from module axi4_dma_bridge (D = { \psum_out [127:96] \u_ctrl.g_col_deskew[2].g_delay.sk[0] \u_ctrl.g_col_deskew[1].g_delay.sk[0] [63:32] \u_ctrl.g_col_deskew[0].g_delay.sk[0] [95:64] }, Q = \wfifo[62]).
Adding EN signal on $memory\wfifo[63]$2225 ($dff) from module axi4_dma_bridge (D = { \psum_out [127:96] \u_ctrl.g_col_deskew[2].g_delay.sk[0] \u_ctrl.g_col_deskew[1].g_delay.sk[0] [63:32] \u_ctrl.g_col_deskew[0].g_delay.sk[0] [95:64] }, Q = \wfifo[63]).
Adding EN signal on $memory\wfifo[64]$2227 ($dff) from module axi4_dma_bridge (D = { \psum_out [127:96] \u_ctrl.g_col_deskew[2].g_delay.sk[0] \u_ctrl.g_col_deskew[1].g_delay.sk[0] [63:32] \u_ctrl.g_col_deskew[0].g_delay.sk[0] [95:64] }, Q = \wfifo[64]).
Adding EN signal on $memory\wfifo[65]$2229 ($dff) from module axi4_dma_bridge (D = { \psum_out [127:96] \u_ctrl.g_col_deskew[2].g_delay.sk[0] \u_ctrl.g_col_deskew[1].g_delay.sk[0] [63:32] \u_ctrl.g_col_deskew[0].g_delay.sk[0] [95:64] }, Q = \wfifo[65]).
Adding EN signal on $memory\wfifo[66]$2231 ($dff) from module axi4_dma_bridge (D = { \psum_out [127:96] \u_ctrl.g_col_deskew[2].g_delay.sk[0] \u_ctrl.g_col_deskew[1].g_delay.sk[0] [63:32] \u_ctrl.g_col_deskew[0].g_delay.sk[0] [95:64] }, Q = \wfifo[66]).
Adding EN signal on $memory\wfifo[67]$2233 ($dff) from module axi4_dma_bridge (D = { \psum_out [127:96] \u_ctrl.g_col_deskew[2].g_delay.sk[0] \u_ctrl.g_col_deskew[1].g_delay.sk[0] [63:32] \u_ctrl.g_col_deskew[0].g_delay.sk[0] [95:64] }, Q = \wfifo[67]).
Adding EN signal on $memory\wfifo[68]$2235 ($dff) from module axi4_dma_bridge (D = { \psum_out [127:96] \u_ctrl.g_col_deskew[2].g_delay.sk[0] \u_ctrl.g_col_deskew[1].g_delay.sk[0] [63:32] \u_ctrl.g_col_deskew[0].g_delay.sk[0] [95:64] }, Q = \wfifo[68]).
Adding EN signal on $memory\wfifo[69]$2237 ($dff) from module axi4_dma_bridge (D = { \psum_out [127:96] \u_ctrl.g_col_deskew[2].g_delay.sk[0] \u_ctrl.g_col_deskew[1].g_delay.sk[0] [63:32] \u_ctrl.g_col_deskew[0].g_delay.sk[0] [95:64] }, Q = \wfifo[69]).
Adding EN signal on $memory\wfifo[70]$2239 ($dff) from module axi4_dma_bridge (D = { \psum_out [127:96] \u_ctrl.g_col_deskew[2].g_delay.sk[0] \u_ctrl.g_col_deskew[1].g_delay.sk[0] [63:32] \u_ctrl.g_col_deskew[0].g_delay.sk[0] [95:64] }, Q = \wfifo[70]).
Adding EN signal on $memory\wfifo[71]$2241 ($dff) from module axi4_dma_bridge (D = { \psum_out [127:96] \u_ctrl.g_col_deskew[2].g_delay.sk[0] \u_ctrl.g_col_deskew[1].g_delay.sk[0] [63:32] \u_ctrl.g_col_deskew[0].g_delay.sk[0] [95:64] }, Q = \wfifo[71]).
Adding EN signal on $memory\wfifo[72]$2243 ($dff) from module axi4_dma_bridge (D = { \psum_out [127:96] \u_ctrl.g_col_deskew[2].g_delay.sk[0] \u_ctrl.g_col_deskew[1].g_delay.sk[0] [63:32] \u_ctrl.g_col_deskew[0].g_delay.sk[0] [95:64] }, Q = \wfifo[72]).
Adding EN signal on $memory\wfifo[73]$2245 ($dff) from module axi4_dma_bridge (D = { \psum_out [127:96] \u_ctrl.g_col_deskew[2].g_delay.sk[0] \u_ctrl.g_col_deskew[1].g_delay.sk[0] [63:32] \u_ctrl.g_col_deskew[0].g_delay.sk[0] [95:64] }, Q = \wfifo[73]).
Adding EN signal on $memory\wfifo[74]$2247 ($dff) from module axi4_dma_bridge (D = { \psum_out [127:96] \u_ctrl.g_col_deskew[2].g_delay.sk[0] \u_ctrl.g_col_deskew[1].g_delay.sk[0] [63:32] \u_ctrl.g_col_deskew[0].g_delay.sk[0] [95:64] }, Q = \wfifo[74]).
Adding EN signal on $memory\wfifo[75]$2249 ($dff) from module axi4_dma_bridge (D = { \psum_out [127:96] \u_ctrl.g_col_deskew[2].g_delay.sk[0] \u_ctrl.g_col_deskew[1].g_delay.sk[0] [63:32] \u_ctrl.g_col_deskew[0].g_delay.sk[0] [95:64] }, Q = \wfifo[75]).
Adding EN signal on $memory\wfifo[76]$2251 ($dff) from module axi4_dma_bridge (D = { \psum_out [127:96] \u_ctrl.g_col_deskew[2].g_delay.sk[0] \u_ctrl.g_col_deskew[1].g_delay.sk[0] [63:32] \u_ctrl.g_col_deskew[0].g_delay.sk[0] [95:64] }, Q = \wfifo[76]).
Adding EN signal on $memory\wfifo[77]$2253 ($dff) from module axi4_dma_bridge (D = { \psum_out [127:96] \u_ctrl.g_col_deskew[2].g_delay.sk[0] \u_ctrl.g_col_deskew[1].g_delay.sk[0] [63:32] \u_ctrl.g_col_deskew[0].g_delay.sk[0] [95:64] }, Q = \wfifo[77]).
Adding EN signal on $memory\wfifo[78]$2255 ($dff) from module axi4_dma_bridge (D = { \psum_out [127:96] \u_ctrl.g_col_deskew[2].g_delay.sk[0] \u_ctrl.g_col_deskew[1].g_delay.sk[0] [63:32] \u_ctrl.g_col_deskew[0].g_delay.sk[0] [95:64] }, Q = \wfifo[78]).
Adding EN signal on $memory\wfifo[79]$2257 ($dff) from module axi4_dma_bridge (D = { \psum_out [127:96] \u_ctrl.g_col_deskew[2].g_delay.sk[0] \u_ctrl.g_col_deskew[1].g_delay.sk[0] [63:32] \u_ctrl.g_col_deskew[0].g_delay.sk[0] [95:64] }, Q = \wfifo[79]).
Adding EN signal on $memory\wfifo[80]$2259 ($dff) from module axi4_dma_bridge (D = { \psum_out [127:96] \u_ctrl.g_col_deskew[2].g_delay.sk[0] \u_ctrl.g_col_deskew[1].g_delay.sk[0] [63:32] \u_ctrl.g_col_deskew[0].g_delay.sk[0] [95:64] }, Q = \wfifo[80]).
Adding EN signal on $memory\wfifo[81]$2261 ($dff) from module axi4_dma_bridge (D = { \psum_out [127:96] \u_ctrl.g_col_deskew[2].g_delay.sk[0] \u_ctrl.g_col_deskew[1].g_delay.sk[0] [63:32] \u_ctrl.g_col_deskew[0].g_delay.sk[0] [95:64] }, Q = \wfifo[81]).
Adding EN signal on $memory\wfifo[82]$2263 ($dff) from module axi4_dma_bridge (D = { \psum_out [127:96] \u_ctrl.g_col_deskew[2].g_delay.sk[0] \u_ctrl.g_col_deskew[1].g_delay.sk[0] [63:32] \u_ctrl.g_col_deskew[0].g_delay.sk[0] [95:64] }, Q = \wfifo[82]).
Adding EN signal on $memory\wfifo[83]$2265 ($dff) from module axi4_dma_bridge (D = { \psum_out [127:96] \u_ctrl.g_col_deskew[2].g_delay.sk[0] \u_ctrl.g_col_deskew[1].g_delay.sk[0] [63:32] \u_ctrl.g_col_deskew[0].g_delay.sk[0] [95:64] }, Q = \wfifo[83]).
Adding EN signal on $memory\wfifo[84]$2267 ($dff) from module axi4_dma_bridge (D = { \psum_out [127:96] \u_ctrl.g_col_deskew[2].g_delay.sk[0] \u_ctrl.g_col_deskew[1].g_delay.sk[0] [63:32] \u_ctrl.g_col_deskew[0].g_delay.sk[0] [95:64] }, Q = \wfifo[84]).
Adding EN signal on $memory\wfifo[85]$2269 ($dff) from module axi4_dma_bridge (D = { \psum_out [127:96] \u_ctrl.g_col_deskew[2].g_delay.sk[0] \u_ctrl.g_col_deskew[1].g_delay.sk[0] [63:32] \u_ctrl.g_col_deskew[0].g_delay.sk[0] [95:64] }, Q = \wfifo[85]).
Adding EN signal on $memory\wfifo[86]$2271 ($dff) from module axi4_dma_bridge (D = { \psum_out [127:96] \u_ctrl.g_col_deskew[2].g_delay.sk[0] \u_ctrl.g_col_deskew[1].g_delay.sk[0] [63:32] \u_ctrl.g_col_deskew[0].g_delay.sk[0] [95:64] }, Q = \wfifo[86]).
Adding EN signal on $memory\wfifo[87]$2273 ($dff) from module axi4_dma_bridge (D = { \psum_out [127:96] \u_ctrl.g_col_deskew[2].g_delay.sk[0] \u_ctrl.g_col_deskew[1].g_delay.sk[0] [63:32] \u_ctrl.g_col_deskew[0].g_delay.sk[0] [95:64] }, Q = \wfifo[87]).
Adding EN signal on $memory\wfifo[88]$2275 ($dff) from module axi4_dma_bridge (D = { \psum_out [127:96] \u_ctrl.g_col_deskew[2].g_delay.sk[0] \u_ctrl.g_col_deskew[1].g_delay.sk[0] [63:32] \u_ctrl.g_col_deskew[0].g_delay.sk[0] [95:64] }, Q = \wfifo[88]).
Adding EN signal on $memory\wfifo[89]$2277 ($dff) from module axi4_dma_bridge (D = { \psum_out [127:96] \u_ctrl.g_col_deskew[2].g_delay.sk[0] \u_ctrl.g_col_deskew[1].g_delay.sk[0] [63:32] \u_ctrl.g_col_deskew[0].g_delay.sk[0] [95:64] }, Q = \wfifo[89]).
Adding EN signal on $memory\wfifo[90]$2279 ($dff) from module axi4_dma_bridge (D = { \psum_out [127:96] \u_ctrl.g_col_deskew[2].g_delay.sk[0] \u_ctrl.g_col_deskew[1].g_delay.sk[0] [63:32] \u_ctrl.g_col_deskew[0].g_delay.sk[0] [95:64] }, Q = \wfifo[90]).
Adding EN signal on $memory\wfifo[91]$2281 ($dff) from module axi4_dma_bridge (D = { \psum_out [127:96] \u_ctrl.g_col_deskew[2].g_delay.sk[0] \u_ctrl.g_col_deskew[1].g_delay.sk[0] [63:32] \u_ctrl.g_col_deskew[0].g_delay.sk[0] [95:64] }, Q = \wfifo[91]).
Adding EN signal on $memory\wfifo[92]$2283 ($dff) from module axi4_dma_bridge (D = { \psum_out [127:96] \u_ctrl.g_col_deskew[2].g_delay.sk[0] \u_ctrl.g_col_deskew[1].g_delay.sk[0] [63:32] \u_ctrl.g_col_deskew[0].g_delay.sk[0] [95:64] }, Q = \wfifo[92]).
Adding EN signal on $memory\wfifo[93]$2285 ($dff) from module axi4_dma_bridge (D = { \psum_out [127:96] \u_ctrl.g_col_deskew[2].g_delay.sk[0] \u_ctrl.g_col_deskew[1].g_delay.sk[0] [63:32] \u_ctrl.g_col_deskew[0].g_delay.sk[0] [95:64] }, Q = \wfifo[93]).
Adding EN signal on $memory\wfifo[94]$2287 ($dff) from module axi4_dma_bridge (D = { \psum_out [127:96] \u_ctrl.g_col_deskew[2].g_delay.sk[0] \u_ctrl.g_col_deskew[1].g_delay.sk[0] [63:32] \u_ctrl.g_col_deskew[0].g_delay.sk[0] [95:64] }, Q = \wfifo[94]).
Adding EN signal on $memory\wfifo[95]$2289 ($dff) from module axi4_dma_bridge (D = { \psum_out [127:96] \u_ctrl.g_col_deskew[2].g_delay.sk[0] \u_ctrl.g_col_deskew[1].g_delay.sk[0] [63:32] \u_ctrl.g_col_deskew[0].g_delay.sk[0] [95:64] }, Q = \wfifo[95]).
Adding EN signal on $memory\wfifo[96]$2291 ($dff) from module axi4_dma_bridge (D = { \psum_out [127:96] \u_ctrl.g_col_deskew[2].g_delay.sk[0] \u_ctrl.g_col_deskew[1].g_delay.sk[0] [63:32] \u_ctrl.g_col_deskew[0].g_delay.sk[0] [95:64] }, Q = \wfifo[96]).
Adding EN signal on $memory\wfifo[97]$2293 ($dff) from module axi4_dma_bridge (D = { \psum_out [127:96] \u_ctrl.g_col_deskew[2].g_delay.sk[0] \u_ctrl.g_col_deskew[1].g_delay.sk[0] [63:32] \u_ctrl.g_col_deskew[0].g_delay.sk[0] [95:64] }, Q = \wfifo[97]).
Adding EN signal on $memory\wfifo[98]$2295 ($dff) from module axi4_dma_bridge (D = { \psum_out [127:96] \u_ctrl.g_col_deskew[2].g_delay.sk[0] \u_ctrl.g_col_deskew[1].g_delay.sk[0] [63:32] \u_ctrl.g_col_deskew[0].g_delay.sk[0] [95:64] }, Q = \wfifo[98]).
Adding EN signal on $memory\wfifo[99]$2297 ($dff) from module axi4_dma_bridge (D = { \psum_out [127:96] \u_ctrl.g_col_deskew[2].g_delay.sk[0] \u_ctrl.g_col_deskew[1].g_delay.sk[0] [63:32] \u_ctrl.g_col_deskew[0].g_delay.sk[0] [95:64] }, Q = \wfifo[99]).
Adding EN signal on $memory\wfifo[100]$2299 ($dff) from module axi4_dma_bridge (D = { \psum_out [127:96] \u_ctrl.g_col_deskew[2].g_delay.sk[0] \u_ctrl.g_col_deskew[1].g_delay.sk[0] [63:32] \u_ctrl.g_col_deskew[0].g_delay.sk[0] [95:64] }, Q = \wfifo[100]).
Adding EN signal on $memory\wfifo[101]$2301 ($dff) from module axi4_dma_bridge (D = { \psum_out [127:96] \u_ctrl.g_col_deskew[2].g_delay.sk[0] \u_ctrl.g_col_deskew[1].g_delay.sk[0] [63:32] \u_ctrl.g_col_deskew[0].g_delay.sk[0] [95:64] }, Q = \wfifo[101]).
Adding EN signal on $memory\wfifo[102]$2303 ($dff) from module axi4_dma_bridge (D = { \psum_out [127:96] \u_ctrl.g_col_deskew[2].g_delay.sk[0] \u_ctrl.g_col_deskew[1].g_delay.sk[0] [63:32] \u_ctrl.g_col_deskew[0].g_delay.sk[0] [95:64] }, Q = \wfifo[102]).
Adding EN signal on $memory\wfifo[103]$2305 ($dff) from module axi4_dma_bridge (D = { \psum_out [127:96] \u_ctrl.g_col_deskew[2].g_delay.sk[0] \u_ctrl.g_col_deskew[1].g_delay.sk[0] [63:32] \u_ctrl.g_col_deskew[0].g_delay.sk[0] [95:64] }, Q = \wfifo[103]).
Adding EN signal on $memory\wfifo[104]$2307 ($dff) from module axi4_dma_bridge (D = { \psum_out [127:96] \u_ctrl.g_col_deskew[2].g_delay.sk[0] \u_ctrl.g_col_deskew[1].g_delay.sk[0] [63:32] \u_ctrl.g_col_deskew[0].g_delay.sk[0] [95:64] }, Q = \wfifo[104]).
Adding EN signal on $memory\wfifo[105]$2309 ($dff) from module axi4_dma_bridge (D = { \psum_out [127:96] \u_ctrl.g_col_deskew[2].g_delay.sk[0] \u_ctrl.g_col_deskew[1].g_delay.sk[0] [63:32] \u_ctrl.g_col_deskew[0].g_delay.sk[0] [95:64] }, Q = \wfifo[105]).
Adding EN signal on $memory\wfifo[106]$2311 ($dff) from module axi4_dma_bridge (D = { \psum_out [127:96] \u_ctrl.g_col_deskew[2].g_delay.sk[0] \u_ctrl.g_col_deskew[1].g_delay.sk[0] [63:32] \u_ctrl.g_col_deskew[0].g_delay.sk[0] [95:64] }, Q = \wfifo[106]).
Adding EN signal on $memory\wfifo[107]$2313 ($dff) from module axi4_dma_bridge (D = { \psum_out [127:96] \u_ctrl.g_col_deskew[2].g_delay.sk[0] \u_ctrl.g_col_deskew[1].g_delay.sk[0] [63:32] \u_ctrl.g_col_deskew[0].g_delay.sk[0] [95:64] }, Q = \wfifo[107]).
Adding EN signal on $memory\wfifo[108]$2315 ($dff) from module axi4_dma_bridge (D = { \psum_out [127:96] \u_ctrl.g_col_deskew[2].g_delay.sk[0] \u_ctrl.g_col_deskew[1].g_delay.sk[0] [63:32] \u_ctrl.g_col_deskew[0].g_delay.sk[0] [95:64] }, Q = \wfifo[108]).
Adding EN signal on $memory\wfifo[109]$2317 ($dff) from module axi4_dma_bridge (D = { \psum_out [127:96] \u_ctrl.g_col_deskew[2].g_delay.sk[0] \u_ctrl.g_col_deskew[1].g_delay.sk[0] [63:32] \u_ctrl.g_col_deskew[0].g_delay.sk[0] [95:64] }, Q = \wfifo[109]).
Adding EN signal on $memory\wfifo[110]$2319 ($dff) from module axi4_dma_bridge (D = { \psum_out [127:96] \u_ctrl.g_col_deskew[2].g_delay.sk[0] \u_ctrl.g_col_deskew[1].g_delay.sk[0] [63:32] \u_ctrl.g_col_deskew[0].g_delay.sk[0] [95:64] }, Q = \wfifo[110]).
Adding EN signal on $memory\wfifo[111]$2321 ($dff) from module axi4_dma_bridge (D = { \psum_out [127:96] \u_ctrl.g_col_deskew[2].g_delay.sk[0] \u_ctrl.g_col_deskew[1].g_delay.sk[0] [63:32] \u_ctrl.g_col_deskew[0].g_delay.sk[0] [95:64] }, Q = \wfifo[111]).
Adding EN signal on $memory\wfifo[112]$2323 ($dff) from module axi4_dma_bridge (D = { \psum_out [127:96] \u_ctrl.g_col_deskew[2].g_delay.sk[0] \u_ctrl.g_col_deskew[1].g_delay.sk[0] [63:32] \u_ctrl.g_col_deskew[0].g_delay.sk[0] [95:64] }, Q = \wfifo[112]).
Adding EN signal on $memory\wfifo[113]$2325 ($dff) from module axi4_dma_bridge (D = { \psum_out [127:96] \u_ctrl.g_col_deskew[2].g_delay.sk[0] \u_ctrl.g_col_deskew[1].g_delay.sk[0] [63:32] \u_ctrl.g_col_deskew[0].g_delay.sk[0] [95:64] }, Q = \wfifo[113]).
Adding EN signal on $memory\wfifo[114]$2327 ($dff) from module axi4_dma_bridge (D = { \psum_out [127:96] \u_ctrl.g_col_deskew[2].g_delay.sk[0] \u_ctrl.g_col_deskew[1].g_delay.sk[0] [63:32] \u_ctrl.g_col_deskew[0].g_delay.sk[0] [95:64] }, Q = \wfifo[114]).
Adding EN signal on $memory\wfifo[115]$2329 ($dff) from module axi4_dma_bridge (D = { \psum_out [127:96] \u_ctrl.g_col_deskew[2].g_delay.sk[0] \u_ctrl.g_col_deskew[1].g_delay.sk[0] [63:32] \u_ctrl.g_col_deskew[0].g_delay.sk[0] [95:64] }, Q = \wfifo[115]).
Adding EN signal on $memory\wfifo[116]$2331 ($dff) from module axi4_dma_bridge (D = { \psum_out [127:96] \u_ctrl.g_col_deskew[2].g_delay.sk[0] \u_ctrl.g_col_deskew[1].g_delay.sk[0] [63:32] \u_ctrl.g_col_deskew[0].g_delay.sk[0] [95:64] }, Q = \wfifo[116]).
Adding EN signal on $memory\wfifo[117]$2333 ($dff) from module axi4_dma_bridge (D = { \psum_out [127:96] \u_ctrl.g_col_deskew[2].g_delay.sk[0] \u_ctrl.g_col_deskew[1].g_delay.sk[0] [63:32] \u_ctrl.g_col_deskew[0].g_delay.sk[0] [95:64] }, Q = \wfifo[117]).
Adding EN signal on $memory\wfifo[118]$2335 ($dff) from module axi4_dma_bridge (D = { \psum_out [127:96] \u_ctrl.g_col_deskew[2].g_delay.sk[0] \u_ctrl.g_col_deskew[1].g_delay.sk[0] [63:32] \u_ctrl.g_col_deskew[0].g_delay.sk[0] [95:64] }, Q = \wfifo[118]).
Adding EN signal on $memory\wfifo[119]$2337 ($dff) from module axi4_dma_bridge (D = { \psum_out [127:96] \u_ctrl.g_col_deskew[2].g_delay.sk[0] \u_ctrl.g_col_deskew[1].g_delay.sk[0] [63:32] \u_ctrl.g_col_deskew[0].g_delay.sk[0] [95:64] }, Q = \wfifo[119]).
Adding EN signal on $memory\wfifo[120]$2339 ($dff) from module axi4_dma_bridge (D = { \psum_out [127:96] \u_ctrl.g_col_deskew[2].g_delay.sk[0] \u_ctrl.g_col_deskew[1].g_delay.sk[0] [63:32] \u_ctrl.g_col_deskew[0].g_delay.sk[0] [95:64] }, Q = \wfifo[120]).
Adding EN signal on $memory\wfifo[121]$2341 ($dff) from module axi4_dma_bridge (D = { \psum_out [127:96] \u_ctrl.g_col_deskew[2].g_delay.sk[0] \u_ctrl.g_col_deskew[1].g_delay.sk[0] [63:32] \u_ctrl.g_col_deskew[0].g_delay.sk[0] [95:64] }, Q = \wfifo[121]).
Adding EN signal on $memory\wfifo[122]$2343 ($dff) from module axi4_dma_bridge (D = { \psum_out [127:96] \u_ctrl.g_col_deskew[2].g_delay.sk[0] \u_ctrl.g_col_deskew[1].g_delay.sk[0] [63:32] \u_ctrl.g_col_deskew[0].g_delay.sk[0] [95:64] }, Q = \wfifo[122]).
Adding EN signal on $memory\wfifo[123]$2345 ($dff) from module axi4_dma_bridge (D = { \psum_out [127:96] \u_ctrl.g_col_deskew[2].g_delay.sk[0] \u_ctrl.g_col_deskew[1].g_delay.sk[0] [63:32] \u_ctrl.g_col_deskew[0].g_delay.sk[0] [95:64] }, Q = \wfifo[123]).
Adding EN signal on $memory\wfifo[124]$2347 ($dff) from module axi4_dma_bridge (D = { \psum_out [127:96] \u_ctrl.g_col_deskew[2].g_delay.sk[0] \u_ctrl.g_col_deskew[1].g_delay.sk[0] [63:32] \u_ctrl.g_col_deskew[0].g_delay.sk[0] [95:64] }, Q = \wfifo[124]).
Adding EN signal on $memory\wfifo[125]$2349 ($dff) from module axi4_dma_bridge (D = { \psum_out [127:96] \u_ctrl.g_col_deskew[2].g_delay.sk[0] \u_ctrl.g_col_deskew[1].g_delay.sk[0] [63:32] \u_ctrl.g_col_deskew[0].g_delay.sk[0] [95:64] }, Q = \wfifo[125]).
Adding EN signal on $memory\wfifo[126]$2351 ($dff) from module axi4_dma_bridge (D = { \psum_out [127:96] \u_ctrl.g_col_deskew[2].g_delay.sk[0] \u_ctrl.g_col_deskew[1].g_delay.sk[0] [63:32] \u_ctrl.g_col_deskew[0].g_delay.sk[0] [95:64] }, Q = \wfifo[126]).
Adding EN signal on $memory\wfifo[127]$2353 ($dff) from module axi4_dma_bridge (D = { \psum_out [127:96] \u_ctrl.g_col_deskew[2].g_delay.sk[0] \u_ctrl.g_col_deskew[1].g_delay.sk[0] [63:32] \u_ctrl.g_col_deskew[0].g_delay.sk[0] [95:64] }, Q = \wfifo[127]).
Adding EN signal on $memory\wfifo[128]$2355 ($dff) from module axi4_dma_bridge (D = { \psum_out [127:96] \u_ctrl.g_col_deskew[2].g_delay.sk[0] \u_ctrl.g_col_deskew[1].g_delay.sk[0] [63:32] \u_ctrl.g_col_deskew[0].g_delay.sk[0] [95:64] }, Q = \wfifo[128]).
Adding EN signal on $memory\wfifo[129]$2357 ($dff) from module axi4_dma_bridge (D = { \psum_out [127:96] \u_ctrl.g_col_deskew[2].g_delay.sk[0] \u_ctrl.g_col_deskew[1].g_delay.sk[0] [63:32] \u_ctrl.g_col_deskew[0].g_delay.sk[0] [95:64] }, Q = \wfifo[129]).
Adding EN signal on $memory\wfifo[130]$2359 ($dff) from module axi4_dma_bridge (D = { \psum_out [127:96] \u_ctrl.g_col_deskew[2].g_delay.sk[0] \u_ctrl.g_col_deskew[1].g_delay.sk[0] [63:32] \u_ctrl.g_col_deskew[0].g_delay.sk[0] [95:64] }, Q = \wfifo[130]).
Adding EN signal on $memory\wfifo[131]$2361 ($dff) from module axi4_dma_bridge (D = { \psum_out [127:96] \u_ctrl.g_col_deskew[2].g_delay.sk[0] \u_ctrl.g_col_deskew[1].g_delay.sk[0] [63:32] \u_ctrl.g_col_deskew[0].g_delay.sk[0] [95:64] }, Q = \wfifo[131]).
Adding EN signal on $memory\wfifo[132]$2363 ($dff) from module axi4_dma_bridge (D = { \psum_out [127:96] \u_ctrl.g_col_deskew[2].g_delay.sk[0] \u_ctrl.g_col_deskew[1].g_delay.sk[0] [63:32] \u_ctrl.g_col_deskew[0].g_delay.sk[0] [95:64] }, Q = \wfifo[132]).
Adding EN signal on $memory\wfifo[133]$2365 ($dff) from module axi4_dma_bridge (D = { \psum_out [127:96] \u_ctrl.g_col_deskew[2].g_delay.sk[0] \u_ctrl.g_col_deskew[1].g_delay.sk[0] [63:32] \u_ctrl.g_col_deskew[0].g_delay.sk[0] [95:64] }, Q = \wfifo[133]).
Adding EN signal on $memory\wfifo[134]$2367 ($dff) from module axi4_dma_bridge (D = { \psum_out [127:96] \u_ctrl.g_col_deskew[2].g_delay.sk[0] \u_ctrl.g_col_deskew[1].g_delay.sk[0] [63:32] \u_ctrl.g_col_deskew[0].g_delay.sk[0] [95:64] }, Q = \wfifo[134]).
Adding EN signal on $memory\wfifo[135]$2369 ($dff) from module axi4_dma_bridge (D = { \psum_out [127:96] \u_ctrl.g_col_deskew[2].g_delay.sk[0] \u_ctrl.g_col_deskew[1].g_delay.sk[0] [63:32] \u_ctrl.g_col_deskew[0].g_delay.sk[0] [95:64] }, Q = \wfifo[135]).
Adding EN signal on $memory\wfifo[136]$2371 ($dff) from module axi4_dma_bridge (D = { \psum_out [127:96] \u_ctrl.g_col_deskew[2].g_delay.sk[0] \u_ctrl.g_col_deskew[1].g_delay.sk[0] [63:32] \u_ctrl.g_col_deskew[0].g_delay.sk[0] [95:64] }, Q = \wfifo[136]).
Adding EN signal on $memory\wfifo[137]$2373 ($dff) from module axi4_dma_bridge (D = { \psum_out [127:96] \u_ctrl.g_col_deskew[2].g_delay.sk[0] \u_ctrl.g_col_deskew[1].g_delay.sk[0] [63:32] \u_ctrl.g_col_deskew[0].g_delay.sk[0] [95:64] }, Q = \wfifo[137]).
Adding EN signal on $memory\wfifo[138]$2375 ($dff) from module axi4_dma_bridge (D = { \psum_out [127:96] \u_ctrl.g_col_deskew[2].g_delay.sk[0] \u_ctrl.g_col_deskew[1].g_delay.sk[0] [63:32] \u_ctrl.g_col_deskew[0].g_delay.sk[0] [95:64] }, Q = \wfifo[138]).
Adding EN signal on $memory\wfifo[139]$2377 ($dff) from module axi4_dma_bridge (D = { \psum_out [127:96] \u_ctrl.g_col_deskew[2].g_delay.sk[0] \u_ctrl.g_col_deskew[1].g_delay.sk[0] [63:32] \u_ctrl.g_col_deskew[0].g_delay.sk[0] [95:64] }, Q = \wfifo[139]).
Adding EN signal on $memory\wfifo[140]$2379 ($dff) from module axi4_dma_bridge (D = { \psum_out [127:96] \u_ctrl.g_col_deskew[2].g_delay.sk[0] \u_ctrl.g_col_deskew[1].g_delay.sk[0] [63:32] \u_ctrl.g_col_deskew[0].g_delay.sk[0] [95:64] }, Q = \wfifo[140]).
Adding EN signal on $memory\wfifo[141]$2381 ($dff) from module axi4_dma_bridge (D = { \psum_out [127:96] \u_ctrl.g_col_deskew[2].g_delay.sk[0] \u_ctrl.g_col_deskew[1].g_delay.sk[0] [63:32] \u_ctrl.g_col_deskew[0].g_delay.sk[0] [95:64] }, Q = \wfifo[141]).
Adding EN signal on $memory\wfifo[142]$2383 ($dff) from module axi4_dma_bridge (D = { \psum_out [127:96] \u_ctrl.g_col_deskew[2].g_delay.sk[0] \u_ctrl.g_col_deskew[1].g_delay.sk[0] [63:32] \u_ctrl.g_col_deskew[0].g_delay.sk[0] [95:64] }, Q = \wfifo[142]).
Adding EN signal on $memory\wfifo[143]$2385 ($dff) from module axi4_dma_bridge (D = { \psum_out [127:96] \u_ctrl.g_col_deskew[2].g_delay.sk[0] \u_ctrl.g_col_deskew[1].g_delay.sk[0] [63:32] \u_ctrl.g_col_deskew[0].g_delay.sk[0] [95:64] }, Q = \wfifo[143]).
Adding EN signal on $memory\wfifo[144]$2387 ($dff) from module axi4_dma_bridge (D = { \psum_out [127:96] \u_ctrl.g_col_deskew[2].g_delay.sk[0] \u_ctrl.g_col_deskew[1].g_delay.sk[0] [63:32] \u_ctrl.g_col_deskew[0].g_delay.sk[0] [95:64] }, Q = \wfifo[144]).
Adding EN signal on $memory\wfifo[145]$2389 ($dff) from module axi4_dma_bridge (D = { \psum_out [127:96] \u_ctrl.g_col_deskew[2].g_delay.sk[0] \u_ctrl.g_col_deskew[1].g_delay.sk[0] [63:32] \u_ctrl.g_col_deskew[0].g_delay.sk[0] [95:64] }, Q = \wfifo[145]).
Adding EN signal on $memory\wfifo[146]$2391 ($dff) from module axi4_dma_bridge (D = { \psum_out [127:96] \u_ctrl.g_col_deskew[2].g_delay.sk[0] \u_ctrl.g_col_deskew[1].g_delay.sk[0] [63:32] \u_ctrl.g_col_deskew[0].g_delay.sk[0] [95:64] }, Q = \wfifo[146]).
Adding EN signal on $memory\wfifo[147]$2393 ($dff) from module axi4_dma_bridge (D = { \psum_out [127:96] \u_ctrl.g_col_deskew[2].g_delay.sk[0] \u_ctrl.g_col_deskew[1].g_delay.sk[0] [63:32] \u_ctrl.g_col_deskew[0].g_delay.sk[0] [95:64] }, Q = \wfifo[147]).
Adding EN signal on $memory\wfifo[148]$2395 ($dff) from module axi4_dma_bridge (D = { \psum_out [127:96] \u_ctrl.g_col_deskew[2].g_delay.sk[0] \u_ctrl.g_col_deskew[1].g_delay.sk[0] [63:32] \u_ctrl.g_col_deskew[0].g_delay.sk[0] [95:64] }, Q = \wfifo[148]).
Adding EN signal on $memory\wfifo[149]$2397 ($dff) from module axi4_dma_bridge (D = { \psum_out [127:96] \u_ctrl.g_col_deskew[2].g_delay.sk[0] \u_ctrl.g_col_deskew[1].g_delay.sk[0] [63:32] \u_ctrl.g_col_deskew[0].g_delay.sk[0] [95:64] }, Q = \wfifo[149]).
Adding EN signal on $memory\wfifo[150]$2399 ($dff) from module axi4_dma_bridge (D = { \psum_out [127:96] \u_ctrl.g_col_deskew[2].g_delay.sk[0] \u_ctrl.g_col_deskew[1].g_delay.sk[0] [63:32] \u_ctrl.g_col_deskew[0].g_delay.sk[0] [95:64] }, Q = \wfifo[150]).
Adding EN signal on $memory\wfifo[151]$2401 ($dff) from module axi4_dma_bridge (D = { \psum_out [127:96] \u_ctrl.g_col_deskew[2].g_delay.sk[0] \u_ctrl.g_col_deskew[1].g_delay.sk[0] [63:32] \u_ctrl.g_col_deskew[0].g_delay.sk[0] [95:64] }, Q = \wfifo[151]).
Adding EN signal on $memory\wfifo[152]$2403 ($dff) from module axi4_dma_bridge (D = { \psum_out [127:96] \u_ctrl.g_col_deskew[2].g_delay.sk[0] \u_ctrl.g_col_deskew[1].g_delay.sk[0] [63:32] \u_ctrl.g_col_deskew[0].g_delay.sk[0] [95:64] }, Q = \wfifo[152]).
Adding EN signal on $memory\wfifo[153]$2405 ($dff) from module axi4_dma_bridge (D = { \psum_out [127:96] \u_ctrl.g_col_deskew[2].g_delay.sk[0] \u_ctrl.g_col_deskew[1].g_delay.sk[0] [63:32] \u_ctrl.g_col_deskew[0].g_delay.sk[0] [95:64] }, Q = \wfifo[153]).
Adding EN signal on $memory\wfifo[154]$2407 ($dff) from module axi4_dma_bridge (D = { \psum_out [127:96] \u_ctrl.g_col_deskew[2].g_delay.sk[0] \u_ctrl.g_col_deskew[1].g_delay.sk[0] [63:32] \u_ctrl.g_col_deskew[0].g_delay.sk[0] [95:64] }, Q = \wfifo[154]).
Adding EN signal on $memory\wfifo[155]$2409 ($dff) from module axi4_dma_bridge (D = { \psum_out [127:96] \u_ctrl.g_col_deskew[2].g_delay.sk[0] \u_ctrl.g_col_deskew[1].g_delay.sk[0] [63:32] \u_ctrl.g_col_deskew[0].g_delay.sk[0] [95:64] }, Q = \wfifo[155]).
Adding EN signal on $memory\wfifo[156]$2411 ($dff) from module axi4_dma_bridge (D = { \psum_out [127:96] \u_ctrl.g_col_deskew[2].g_delay.sk[0] \u_ctrl.g_col_deskew[1].g_delay.sk[0] [63:32] \u_ctrl.g_col_deskew[0].g_delay.sk[0] [95:64] }, Q = \wfifo[156]).
Adding EN signal on $memory\wfifo[157]$2413 ($dff) from module axi4_dma_bridge (D = { \psum_out [127:96] \u_ctrl.g_col_deskew[2].g_delay.sk[0] \u_ctrl.g_col_deskew[1].g_delay.sk[0] [63:32] \u_ctrl.g_col_deskew[0].g_delay.sk[0] [95:64] }, Q = \wfifo[157]).
Adding EN signal on $memory\wfifo[158]$2415 ($dff) from module axi4_dma_bridge (D = { \psum_out [127:96] \u_ctrl.g_col_deskew[2].g_delay.sk[0] \u_ctrl.g_col_deskew[1].g_delay.sk[0] [63:32] \u_ctrl.g_col_deskew[0].g_delay.sk[0] [95:64] }, Q = \wfifo[158]).
Adding EN signal on $memory\wfifo[159]$2417 ($dff) from module axi4_dma_bridge (D = { \psum_out [127:96] \u_ctrl.g_col_deskew[2].g_delay.sk[0] \u_ctrl.g_col_deskew[1].g_delay.sk[0] [63:32] \u_ctrl.g_col_deskew[0].g_delay.sk[0] [95:64] }, Q = \wfifo[159]).
Adding EN signal on $memory\wfifo[160]$2419 ($dff) from module axi4_dma_bridge (D = { \psum_out [127:96] \u_ctrl.g_col_deskew[2].g_delay.sk[0] \u_ctrl.g_col_deskew[1].g_delay.sk[0] [63:32] \u_ctrl.g_col_deskew[0].g_delay.sk[0] [95:64] }, Q = \wfifo[160]).
Adding EN signal on $memory\wfifo[161]$2421 ($dff) from module axi4_dma_bridge (D = { \psum_out [127:96] \u_ctrl.g_col_deskew[2].g_delay.sk[0] \u_ctrl.g_col_deskew[1].g_delay.sk[0] [63:32] \u_ctrl.g_col_deskew[0].g_delay.sk[0] [95:64] }, Q = \wfifo[161]).
Adding EN signal on $memory\wfifo[162]$2423 ($dff) from module axi4_dma_bridge (D = { \psum_out [127:96] \u_ctrl.g_col_deskew[2].g_delay.sk[0] \u_ctrl.g_col_deskew[1].g_delay.sk[0] [63:32] \u_ctrl.g_col_deskew[0].g_delay.sk[0] [95:64] }, Q = \wfifo[162]).
Adding EN signal on $memory\wfifo[163]$2425 ($dff) from module axi4_dma_bridge (D = { \psum_out [127:96] \u_ctrl.g_col_deskew[2].g_delay.sk[0] \u_ctrl.g_col_deskew[1].g_delay.sk[0] [63:32] \u_ctrl.g_col_deskew[0].g_delay.sk[0] [95:64] }, Q = \wfifo[163]).
Adding EN signal on $memory\wfifo[164]$2427 ($dff) from module axi4_dma_bridge (D = { \psum_out [127:96] \u_ctrl.g_col_deskew[2].g_delay.sk[0] \u_ctrl.g_col_deskew[1].g_delay.sk[0] [63:32] \u_ctrl.g_col_deskew[0].g_delay.sk[0] [95:64] }, Q = \wfifo[164]).
Adding EN signal on $memory\wfifo[165]$2429 ($dff) from module axi4_dma_bridge (D = { \psum_out [127:96] \u_ctrl.g_col_deskew[2].g_delay.sk[0] \u_ctrl.g_col_deskew[1].g_delay.sk[0] [63:32] \u_ctrl.g_col_deskew[0].g_delay.sk[0] [95:64] }, Q = \wfifo[165]).
Adding EN signal on $memory\wfifo[166]$2431 ($dff) from module axi4_dma_bridge (D = { \psum_out [127:96] \u_ctrl.g_col_deskew[2].g_delay.sk[0] \u_ctrl.g_col_deskew[1].g_delay.sk[0] [63:32] \u_ctrl.g_col_deskew[0].g_delay.sk[0] [95:64] }, Q = \wfifo[166]).
Adding EN signal on $memory\wfifo[167]$2433 ($dff) from module axi4_dma_bridge (D = { \psum_out [127:96] \u_ctrl.g_col_deskew[2].g_delay.sk[0] \u_ctrl.g_col_deskew[1].g_delay.sk[0] [63:32] \u_ctrl.g_col_deskew[0].g_delay.sk[0] [95:64] }, Q = \wfifo[167]).
Adding EN signal on $memory\wfifo[168]$2435 ($dff) from module axi4_dma_bridge (D = { \psum_out [127:96] \u_ctrl.g_col_deskew[2].g_delay.sk[0] \u_ctrl.g_col_deskew[1].g_delay.sk[0] [63:32] \u_ctrl.g_col_deskew[0].g_delay.sk[0] [95:64] }, Q = \wfifo[168]).
Adding EN signal on $memory\wfifo[169]$2437 ($dff) from module axi4_dma_bridge (D = { \psum_out [127:96] \u_ctrl.g_col_deskew[2].g_delay.sk[0] \u_ctrl.g_col_deskew[1].g_delay.sk[0] [63:32] \u_ctrl.g_col_deskew[0].g_delay.sk[0] [95:64] }, Q = \wfifo[169]).
Adding EN signal on $memory\wfifo[170]$2439 ($dff) from module axi4_dma_bridge (D = { \psum_out [127:96] \u_ctrl.g_col_deskew[2].g_delay.sk[0] \u_ctrl.g_col_deskew[1].g_delay.sk[0] [63:32] \u_ctrl.g_col_deskew[0].g_delay.sk[0] [95:64] }, Q = \wfifo[170]).
Adding EN signal on $memory\wfifo[171]$2441 ($dff) from module axi4_dma_bridge (D = { \psum_out [127:96] \u_ctrl.g_col_deskew[2].g_delay.sk[0] \u_ctrl.g_col_deskew[1].g_delay.sk[0] [63:32] \u_ctrl.g_col_deskew[0].g_delay.sk[0] [95:64] }, Q = \wfifo[171]).
Adding EN signal on $memory\wfifo[172]$2443 ($dff) from module axi4_dma_bridge (D = { \psum_out [127:96] \u_ctrl.g_col_deskew[2].g_delay.sk[0] \u_ctrl.g_col_deskew[1].g_delay.sk[0] [63:32] \u_ctrl.g_col_deskew[0].g_delay.sk[0] [95:64] }, Q = \wfifo[172]).
Adding EN signal on $memory\wfifo[173]$2445 ($dff) from module axi4_dma_bridge (D = { \psum_out [127:96] \u_ctrl.g_col_deskew[2].g_delay.sk[0] \u_ctrl.g_col_deskew[1].g_delay.sk[0] [63:32] \u_ctrl.g_col_deskew[0].g_delay.sk[0] [95:64] }, Q = \wfifo[173]).
Adding EN signal on $memory\wfifo[174]$2447 ($dff) from module axi4_dma_bridge (D = { \psum_out [127:96] \u_ctrl.g_col_deskew[2].g_delay.sk[0] \u_ctrl.g_col_deskew[1].g_delay.sk[0] [63:32] \u_ctrl.g_col_deskew[0].g_delay.sk[0] [95:64] }, Q = \wfifo[174]).
Adding EN signal on $memory\wfifo[175]$2449 ($dff) from module axi4_dma_bridge (D = { \psum_out [127:96] \u_ctrl.g_col_deskew[2].g_delay.sk[0] \u_ctrl.g_col_deskew[1].g_delay.sk[0] [63:32] \u_ctrl.g_col_deskew[0].g_delay.sk[0] [95:64] }, Q = \wfifo[175]).
Adding EN signal on $memory\wfifo[176]$2451 ($dff) from module axi4_dma_bridge (D = { \psum_out [127:96] \u_ctrl.g_col_deskew[2].g_delay.sk[0] \u_ctrl.g_col_deskew[1].g_delay.sk[0] [63:32] \u_ctrl.g_col_deskew[0].g_delay.sk[0] [95:64] }, Q = \wfifo[176]).
Adding EN signal on $memory\wfifo[177]$2453 ($dff) from module axi4_dma_bridge (D = { \psum_out [127:96] \u_ctrl.g_col_deskew[2].g_delay.sk[0] \u_ctrl.g_col_deskew[1].g_delay.sk[0] [63:32] \u_ctrl.g_col_deskew[0].g_delay.sk[0] [95:64] }, Q = \wfifo[177]).
Adding EN signal on $memory\wfifo[178]$2455 ($dff) from module axi4_dma_bridge (D = { \psum_out [127:96] \u_ctrl.g_col_deskew[2].g_delay.sk[0] \u_ctrl.g_col_deskew[1].g_delay.sk[0] [63:32] \u_ctrl.g_col_deskew[0].g_delay.sk[0] [95:64] }, Q = \wfifo[178]).
Adding EN signal on $memory\wfifo[179]$2457 ($dff) from module axi4_dma_bridge (D = { \psum_out [127:96] \u_ctrl.g_col_deskew[2].g_delay.sk[0] \u_ctrl.g_col_deskew[1].g_delay.sk[0] [63:32] \u_ctrl.g_col_deskew[0].g_delay.sk[0] [95:64] }, Q = \wfifo[179]).
Adding EN signal on $memory\wfifo[180]$2459 ($dff) from module axi4_dma_bridge (D = { \psum_out [127:96] \u_ctrl.g_col_deskew[2].g_delay.sk[0] \u_ctrl.g_col_deskew[1].g_delay.sk[0] [63:32] \u_ctrl.g_col_deskew[0].g_delay.sk[0] [95:64] }, Q = \wfifo[180]).
Adding EN signal on $memory\wfifo[181]$2461 ($dff) from module axi4_dma_bridge (D = { \psum_out [127:96] \u_ctrl.g_col_deskew[2].g_delay.sk[0] \u_ctrl.g_col_deskew[1].g_delay.sk[0] [63:32] \u_ctrl.g_col_deskew[0].g_delay.sk[0] [95:64] }, Q = \wfifo[181]).
Adding EN signal on $memory\wfifo[182]$2463 ($dff) from module axi4_dma_bridge (D = { \psum_out [127:96] \u_ctrl.g_col_deskew[2].g_delay.sk[0] \u_ctrl.g_col_deskew[1].g_delay.sk[0] [63:32] \u_ctrl.g_col_deskew[0].g_delay.sk[0] [95:64] }, Q = \wfifo[182]).
Adding EN signal on $memory\wfifo[183]$2465 ($dff) from module axi4_dma_bridge (D = { \psum_out [127:96] \u_ctrl.g_col_deskew[2].g_delay.sk[0] \u_ctrl.g_col_deskew[1].g_delay.sk[0] [63:32] \u_ctrl.g_col_deskew[0].g_delay.sk[0] [95:64] }, Q = \wfifo[183]).
Adding EN signal on $memory\wfifo[184]$2467 ($dff) from module axi4_dma_bridge (D = { \psum_out [127:96] \u_ctrl.g_col_deskew[2].g_delay.sk[0] \u_ctrl.g_col_deskew[1].g_delay.sk[0] [63:32] \u_ctrl.g_col_deskew[0].g_delay.sk[0] [95:64] }, Q = \wfifo[184]).
Adding EN signal on $memory\wfifo[185]$2469 ($dff) from module axi4_dma_bridge (D = { \psum_out [127:96] \u_ctrl.g_col_deskew[2].g_delay.sk[0] \u_ctrl.g_col_deskew[1].g_delay.sk[0] [63:32] \u_ctrl.g_col_deskew[0].g_delay.sk[0] [95:64] }, Q = \wfifo[185]).
Adding EN signal on $memory\wfifo[186]$2471 ($dff) from module axi4_dma_bridge (D = { \psum_out [127:96] \u_ctrl.g_col_deskew[2].g_delay.sk[0] \u_ctrl.g_col_deskew[1].g_delay.sk[0] [63:32] \u_ctrl.g_col_deskew[0].g_delay.sk[0] [95:64] }, Q = \wfifo[186]).
Adding EN signal on $memory\wfifo[187]$2473 ($dff) from module axi4_dma_bridge (D = { \psum_out [127:96] \u_ctrl.g_col_deskew[2].g_delay.sk[0] \u_ctrl.g_col_deskew[1].g_delay.sk[0] [63:32] \u_ctrl.g_col_deskew[0].g_delay.sk[0] [95:64] }, Q = \wfifo[187]).
Adding EN signal on $memory\wfifo[188]$2475 ($dff) from module axi4_dma_bridge (D = { \psum_out [127:96] \u_ctrl.g_col_deskew[2].g_delay.sk[0] \u_ctrl.g_col_deskew[1].g_delay.sk[0] [63:32] \u_ctrl.g_col_deskew[0].g_delay.sk[0] [95:64] }, Q = \wfifo[188]).
Adding EN signal on $memory\wfifo[189]$2477 ($dff) from module axi4_dma_bridge (D = { \psum_out [127:96] \u_ctrl.g_col_deskew[2].g_delay.sk[0] \u_ctrl.g_col_deskew[1].g_delay.sk[0] [63:32] \u_ctrl.g_col_deskew[0].g_delay.sk[0] [95:64] }, Q = \wfifo[189]).
Adding EN signal on $memory\wfifo[190]$2479 ($dff) from module axi4_dma_bridge (D = { \psum_out [127:96] \u_ctrl.g_col_deskew[2].g_delay.sk[0] \u_ctrl.g_col_deskew[1].g_delay.sk[0] [63:32] \u_ctrl.g_col_deskew[0].g_delay.sk[0] [95:64] }, Q = \wfifo[190]).
Adding EN signal on $memory\wfifo[191]$2481 ($dff) from module axi4_dma_bridge (D = { \psum_out [127:96] \u_ctrl.g_col_deskew[2].g_delay.sk[0] \u_ctrl.g_col_deskew[1].g_delay.sk[0] [63:32] \u_ctrl.g_col_deskew[0].g_delay.sk[0] [95:64] }, Q = \wfifo[191]).
Adding EN signal on $memory\wfifo[192]$2483 ($dff) from module axi4_dma_bridge (D = { \psum_out [127:96] \u_ctrl.g_col_deskew[2].g_delay.sk[0] \u_ctrl.g_col_deskew[1].g_delay.sk[0] [63:32] \u_ctrl.g_col_deskew[0].g_delay.sk[0] [95:64] }, Q = \wfifo[192]).
Adding EN signal on $memory\wfifo[193]$2485 ($dff) from module axi4_dma_bridge (D = { \psum_out [127:96] \u_ctrl.g_col_deskew[2].g_delay.sk[0] \u_ctrl.g_col_deskew[1].g_delay.sk[0] [63:32] \u_ctrl.g_col_deskew[0].g_delay.sk[0] [95:64] }, Q = \wfifo[193]).
Adding EN signal on $memory\wfifo[194]$2487 ($dff) from module axi4_dma_bridge (D = { \psum_out [127:96] \u_ctrl.g_col_deskew[2].g_delay.sk[0] \u_ctrl.g_col_deskew[1].g_delay.sk[0] [63:32] \u_ctrl.g_col_deskew[0].g_delay.sk[0] [95:64] }, Q = \wfifo[194]).
Adding EN signal on $memory\wfifo[195]$2489 ($dff) from module axi4_dma_bridge (D = { \psum_out [127:96] \u_ctrl.g_col_deskew[2].g_delay.sk[0] \u_ctrl.g_col_deskew[1].g_delay.sk[0] [63:32] \u_ctrl.g_col_deskew[0].g_delay.sk[0] [95:64] }, Q = \wfifo[195]).
Adding EN signal on $memory\wfifo[196]$2491 ($dff) from module axi4_dma_bridge (D = { \psum_out [127:96] \u_ctrl.g_col_deskew[2].g_delay.sk[0] \u_ctrl.g_col_deskew[1].g_delay.sk[0] [63:32] \u_ctrl.g_col_deskew[0].g_delay.sk[0] [95:64] }, Q = \wfifo[196]).
Adding EN signal on $memory\wfifo[197]$2493 ($dff) from module axi4_dma_bridge (D = { \psum_out [127:96] \u_ctrl.g_col_deskew[2].g_delay.sk[0] \u_ctrl.g_col_deskew[1].g_delay.sk[0] [63:32] \u_ctrl.g_col_deskew[0].g_delay.sk[0] [95:64] }, Q = \wfifo[197]).
Adding EN signal on $memory\wfifo[198]$2495 ($dff) from module axi4_dma_bridge (D = { \psum_out [127:96] \u_ctrl.g_col_deskew[2].g_delay.sk[0] \u_ctrl.g_col_deskew[1].g_delay.sk[0] [63:32] \u_ctrl.g_col_deskew[0].g_delay.sk[0] [95:64] }, Q = \wfifo[198]).
Adding EN signal on $memory\wfifo[199]$2497 ($dff) from module axi4_dma_bridge (D = { \psum_out [127:96] \u_ctrl.g_col_deskew[2].g_delay.sk[0] \u_ctrl.g_col_deskew[1].g_delay.sk[0] [63:32] \u_ctrl.g_col_deskew[0].g_delay.sk[0] [95:64] }, Q = \wfifo[199]).
Adding EN signal on $memory\wfifo[200]$2499 ($dff) from module axi4_dma_bridge (D = { \psum_out [127:96] \u_ctrl.g_col_deskew[2].g_delay.sk[0] \u_ctrl.g_col_deskew[1].g_delay.sk[0] [63:32] \u_ctrl.g_col_deskew[0].g_delay.sk[0] [95:64] }, Q = \wfifo[200]).
Adding EN signal on $memory\wfifo[201]$2501 ($dff) from module axi4_dma_bridge (D = { \psum_out [127:96] \u_ctrl.g_col_deskew[2].g_delay.sk[0] \u_ctrl.g_col_deskew[1].g_delay.sk[0] [63:32] \u_ctrl.g_col_deskew[0].g_delay.sk[0] [95:64] }, Q = \wfifo[201]).
Adding EN signal on $memory\wfifo[202]$2503 ($dff) from module axi4_dma_bridge (D = { \psum_out [127:96] \u_ctrl.g_col_deskew[2].g_delay.sk[0] \u_ctrl.g_col_deskew[1].g_delay.sk[0] [63:32] \u_ctrl.g_col_deskew[0].g_delay.sk[0] [95:64] }, Q = \wfifo[202]).
Adding EN signal on $memory\wfifo[203]$2505 ($dff) from module axi4_dma_bridge (D = { \psum_out [127:96] \u_ctrl.g_col_deskew[2].g_delay.sk[0] \u_ctrl.g_col_deskew[1].g_delay.sk[0] [63:32] \u_ctrl.g_col_deskew[0].g_delay.sk[0] [95:64] }, Q = \wfifo[203]).
Adding EN signal on $memory\wfifo[204]$2507 ($dff) from module axi4_dma_bridge (D = { \psum_out [127:96] \u_ctrl.g_col_deskew[2].g_delay.sk[0] \u_ctrl.g_col_deskew[1].g_delay.sk[0] [63:32] \u_ctrl.g_col_deskew[0].g_delay.sk[0] [95:64] }, Q = \wfifo[204]).
Adding EN signal on $memory\wfifo[205]$2509 ($dff) from module axi4_dma_bridge (D = { \psum_out [127:96] \u_ctrl.g_col_deskew[2].g_delay.sk[0] \u_ctrl.g_col_deskew[1].g_delay.sk[0] [63:32] \u_ctrl.g_col_deskew[0].g_delay.sk[0] [95:64] }, Q = \wfifo[205]).
Adding EN signal on $memory\wfifo[206]$2511 ($dff) from module axi4_dma_bridge (D = { \psum_out [127:96] \u_ctrl.g_col_deskew[2].g_delay.sk[0] \u_ctrl.g_col_deskew[1].g_delay.sk[0] [63:32] \u_ctrl.g_col_deskew[0].g_delay.sk[0] [95:64] }, Q = \wfifo[206]).
Adding EN signal on $memory\wfifo[207]$2513 ($dff) from module axi4_dma_bridge (D = { \psum_out [127:96] \u_ctrl.g_col_deskew[2].g_delay.sk[0] \u_ctrl.g_col_deskew[1].g_delay.sk[0] [63:32] \u_ctrl.g_col_deskew[0].g_delay.sk[0] [95:64] }, Q = \wfifo[207]).
Adding EN signal on $memory\wfifo[208]$2515 ($dff) from module axi4_dma_bridge (D = { \psum_out [127:96] \u_ctrl.g_col_deskew[2].g_delay.sk[0] \u_ctrl.g_col_deskew[1].g_delay.sk[0] [63:32] \u_ctrl.g_col_deskew[0].g_delay.sk[0] [95:64] }, Q = \wfifo[208]).
Adding EN signal on $memory\wfifo[209]$2517 ($dff) from module axi4_dma_bridge (D = { \psum_out [127:96] \u_ctrl.g_col_deskew[2].g_delay.sk[0] \u_ctrl.g_col_deskew[1].g_delay.sk[0] [63:32] \u_ctrl.g_col_deskew[0].g_delay.sk[0] [95:64] }, Q = \wfifo[209]).
Adding EN signal on $memory\wfifo[210]$2519 ($dff) from module axi4_dma_bridge (D = { \psum_out [127:96] \u_ctrl.g_col_deskew[2].g_delay.sk[0] \u_ctrl.g_col_deskew[1].g_delay.sk[0] [63:32] \u_ctrl.g_col_deskew[0].g_delay.sk[0] [95:64] }, Q = \wfifo[210]).
Adding EN signal on $memory\wfifo[211]$2521 ($dff) from module axi4_dma_bridge (D = { \psum_out [127:96] \u_ctrl.g_col_deskew[2].g_delay.sk[0] \u_ctrl.g_col_deskew[1].g_delay.sk[0] [63:32] \u_ctrl.g_col_deskew[0].g_delay.sk[0] [95:64] }, Q = \wfifo[211]).
Adding EN signal on $memory\wfifo[212]$2523 ($dff) from module axi4_dma_bridge (D = { \psum_out [127:96] \u_ctrl.g_col_deskew[2].g_delay.sk[0] \u_ctrl.g_col_deskew[1].g_delay.sk[0] [63:32] \u_ctrl.g_col_deskew[0].g_delay.sk[0] [95:64] }, Q = \wfifo[212]).
Adding EN signal on $memory\wfifo[213]$2525 ($dff) from module axi4_dma_bridge (D = { \psum_out [127:96] \u_ctrl.g_col_deskew[2].g_delay.sk[0] \u_ctrl.g_col_deskew[1].g_delay.sk[0] [63:32] \u_ctrl.g_col_deskew[0].g_delay.sk[0] [95:64] }, Q = \wfifo[213]).
Adding EN signal on $memory\wfifo[214]$2527 ($dff) from module axi4_dma_bridge (D = { \psum_out [127:96] \u_ctrl.g_col_deskew[2].g_delay.sk[0] \u_ctrl.g_col_deskew[1].g_delay.sk[0] [63:32] \u_ctrl.g_col_deskew[0].g_delay.sk[0] [95:64] }, Q = \wfifo[214]).
Adding EN signal on $memory\wfifo[215]$2529 ($dff) from module axi4_dma_bridge (D = { \psum_out [127:96] \u_ctrl.g_col_deskew[2].g_delay.sk[0] \u_ctrl.g_col_deskew[1].g_delay.sk[0] [63:32] \u_ctrl.g_col_deskew[0].g_delay.sk[0] [95:64] }, Q = \wfifo[215]).
Adding EN signal on $memory\wfifo[216]$2531 ($dff) from module axi4_dma_bridge (D = { \psum_out [127:96] \u_ctrl.g_col_deskew[2].g_delay.sk[0] \u_ctrl.g_col_deskew[1].g_delay.sk[0] [63:32] \u_ctrl.g_col_deskew[0].g_delay.sk[0] [95:64] }, Q = \wfifo[216]).
Adding EN signal on $memory\wfifo[217]$2533 ($dff) from module axi4_dma_bridge (D = { \psum_out [127:96] \u_ctrl.g_col_deskew[2].g_delay.sk[0] \u_ctrl.g_col_deskew[1].g_delay.sk[0] [63:32] \u_ctrl.g_col_deskew[0].g_delay.sk[0] [95:64] }, Q = \wfifo[217]).
Adding EN signal on $memory\wfifo[218]$2535 ($dff) from module axi4_dma_bridge (D = { \psum_out [127:96] \u_ctrl.g_col_deskew[2].g_delay.sk[0] \u_ctrl.g_col_deskew[1].g_delay.sk[0] [63:32] \u_ctrl.g_col_deskew[0].g_delay.sk[0] [95:64] }, Q = \wfifo[218]).
Adding EN signal on $memory\wfifo[219]$2537 ($dff) from module axi4_dma_bridge (D = { \psum_out [127:96] \u_ctrl.g_col_deskew[2].g_delay.sk[0] \u_ctrl.g_col_deskew[1].g_delay.sk[0] [63:32] \u_ctrl.g_col_deskew[0].g_delay.sk[0] [95:64] }, Q = \wfifo[219]).
Adding EN signal on $memory\wfifo[220]$2539 ($dff) from module axi4_dma_bridge (D = { \psum_out [127:96] \u_ctrl.g_col_deskew[2].g_delay.sk[0] \u_ctrl.g_col_deskew[1].g_delay.sk[0] [63:32] \u_ctrl.g_col_deskew[0].g_delay.sk[0] [95:64] }, Q = \wfifo[220]).
Adding EN signal on $memory\wfifo[221]$2541 ($dff) from module axi4_dma_bridge (D = { \psum_out [127:96] \u_ctrl.g_col_deskew[2].g_delay.sk[0] \u_ctrl.g_col_deskew[1].g_delay.sk[0] [63:32] \u_ctrl.g_col_deskew[0].g_delay.sk[0] [95:64] }, Q = \wfifo[221]).
Adding EN signal on $memory\wfifo[222]$2543 ($dff) from module axi4_dma_bridge (D = { \psum_out [127:96] \u_ctrl.g_col_deskew[2].g_delay.sk[0] \u_ctrl.g_col_deskew[1].g_delay.sk[0] [63:32] \u_ctrl.g_col_deskew[0].g_delay.sk[0] [95:64] }, Q = \wfifo[222]).
Adding EN signal on $memory\wfifo[223]$2545 ($dff) from module axi4_dma_bridge (D = { \psum_out [127:96] \u_ctrl.g_col_deskew[2].g_delay.sk[0] \u_ctrl.g_col_deskew[1].g_delay.sk[0] [63:32] \u_ctrl.g_col_deskew[0].g_delay.sk[0] [95:64] }, Q = \wfifo[223]).
Adding EN signal on $memory\wfifo[224]$2547 ($dff) from module axi4_dma_bridge (D = { \psum_out [127:96] \u_ctrl.g_col_deskew[2].g_delay.sk[0] \u_ctrl.g_col_deskew[1].g_delay.sk[0] [63:32] \u_ctrl.g_col_deskew[0].g_delay.sk[0] [95:64] }, Q = \wfifo[224]).
Adding EN signal on $memory\wfifo[225]$2549 ($dff) from module axi4_dma_bridge (D = { \psum_out [127:96] \u_ctrl.g_col_deskew[2].g_delay.sk[0] \u_ctrl.g_col_deskew[1].g_delay.sk[0] [63:32] \u_ctrl.g_col_deskew[0].g_delay.sk[0] [95:64] }, Q = \wfifo[225]).
Adding EN signal on $memory\wfifo[226]$2551 ($dff) from module axi4_dma_bridge (D = { \psum_out [127:96] \u_ctrl.g_col_deskew[2].g_delay.sk[0] \u_ctrl.g_col_deskew[1].g_delay.sk[0] [63:32] \u_ctrl.g_col_deskew[0].g_delay.sk[0] [95:64] }, Q = \wfifo[226]).
Adding EN signal on $memory\wfifo[227]$2553 ($dff) from module axi4_dma_bridge (D = { \psum_out [127:96] \u_ctrl.g_col_deskew[2].g_delay.sk[0] \u_ctrl.g_col_deskew[1].g_delay.sk[0] [63:32] \u_ctrl.g_col_deskew[0].g_delay.sk[0] [95:64] }, Q = \wfifo[227]).
Adding EN signal on $memory\wfifo[228]$2555 ($dff) from module axi4_dma_bridge (D = { \psum_out [127:96] \u_ctrl.g_col_deskew[2].g_delay.sk[0] \u_ctrl.g_col_deskew[1].g_delay.sk[0] [63:32] \u_ctrl.g_col_deskew[0].g_delay.sk[0] [95:64] }, Q = \wfifo[228]).
Adding EN signal on $memory\wfifo[229]$2557 ($dff) from module axi4_dma_bridge (D = { \psum_out [127:96] \u_ctrl.g_col_deskew[2].g_delay.sk[0] \u_ctrl.g_col_deskew[1].g_delay.sk[0] [63:32] \u_ctrl.g_col_deskew[0].g_delay.sk[0] [95:64] }, Q = \wfifo[229]).
Adding EN signal on $memory\wfifo[230]$2559 ($dff) from module axi4_dma_bridge (D = { \psum_out [127:96] \u_ctrl.g_col_deskew[2].g_delay.sk[0] \u_ctrl.g_col_deskew[1].g_delay.sk[0] [63:32] \u_ctrl.g_col_deskew[0].g_delay.sk[0] [95:64] }, Q = \wfifo[230]).
Adding EN signal on $memory\wfifo[231]$2561 ($dff) from module axi4_dma_bridge (D = { \psum_out [127:96] \u_ctrl.g_col_deskew[2].g_delay.sk[0] \u_ctrl.g_col_deskew[1].g_delay.sk[0] [63:32] \u_ctrl.g_col_deskew[0].g_delay.sk[0] [95:64] }, Q = \wfifo[231]).
Adding EN signal on $memory\wfifo[232]$2563 ($dff) from module axi4_dma_bridge (D = { \psum_out [127:96] \u_ctrl.g_col_deskew[2].g_delay.sk[0] \u_ctrl.g_col_deskew[1].g_delay.sk[0] [63:32] \u_ctrl.g_col_deskew[0].g_delay.sk[0] [95:64] }, Q = \wfifo[232]).
Adding EN signal on $memory\wfifo[233]$2565 ($dff) from module axi4_dma_bridge (D = { \psum_out [127:96] \u_ctrl.g_col_deskew[2].g_delay.sk[0] \u_ctrl.g_col_deskew[1].g_delay.sk[0] [63:32] \u_ctrl.g_col_deskew[0].g_delay.sk[0] [95:64] }, Q = \wfifo[233]).
Adding EN signal on $memory\wfifo[234]$2567 ($dff) from module axi4_dma_bridge (D = { \psum_out [127:96] \u_ctrl.g_col_deskew[2].g_delay.sk[0] \u_ctrl.g_col_deskew[1].g_delay.sk[0] [63:32] \u_ctrl.g_col_deskew[0].g_delay.sk[0] [95:64] }, Q = \wfifo[234]).
Adding EN signal on $memory\wfifo[235]$2569 ($dff) from module axi4_dma_bridge (D = { \psum_out [127:96] \u_ctrl.g_col_deskew[2].g_delay.sk[0] \u_ctrl.g_col_deskew[1].g_delay.sk[0] [63:32] \u_ctrl.g_col_deskew[0].g_delay.sk[0] [95:64] }, Q = \wfifo[235]).
Adding EN signal on $memory\wfifo[236]$2571 ($dff) from module axi4_dma_bridge (D = { \psum_out [127:96] \u_ctrl.g_col_deskew[2].g_delay.sk[0] \u_ctrl.g_col_deskew[1].g_delay.sk[0] [63:32] \u_ctrl.g_col_deskew[0].g_delay.sk[0] [95:64] }, Q = \wfifo[236]).
Adding EN signal on $memory\wfifo[237]$2573 ($dff) from module axi4_dma_bridge (D = { \psum_out [127:96] \u_ctrl.g_col_deskew[2].g_delay.sk[0] \u_ctrl.g_col_deskew[1].g_delay.sk[0] [63:32] \u_ctrl.g_col_deskew[0].g_delay.sk[0] [95:64] }, Q = \wfifo[237]).
Adding EN signal on $memory\wfifo[238]$2575 ($dff) from module axi4_dma_bridge (D = { \psum_out [127:96] \u_ctrl.g_col_deskew[2].g_delay.sk[0] \u_ctrl.g_col_deskew[1].g_delay.sk[0] [63:32] \u_ctrl.g_col_deskew[0].g_delay.sk[0] [95:64] }, Q = \wfifo[238]).
Adding EN signal on $memory\wfifo[239]$2577 ($dff) from module axi4_dma_bridge (D = { \psum_out [127:96] \u_ctrl.g_col_deskew[2].g_delay.sk[0] \u_ctrl.g_col_deskew[1].g_delay.sk[0] [63:32] \u_ctrl.g_col_deskew[0].g_delay.sk[0] [95:64] }, Q = \wfifo[239]).
Adding EN signal on $memory\wfifo[240]$2579 ($dff) from module axi4_dma_bridge (D = { \psum_out [127:96] \u_ctrl.g_col_deskew[2].g_delay.sk[0] \u_ctrl.g_col_deskew[1].g_delay.sk[0] [63:32] \u_ctrl.g_col_deskew[0].g_delay.sk[0] [95:64] }, Q = \wfifo[240]).
Adding EN signal on $memory\wfifo[241]$2581 ($dff) from module axi4_dma_bridge (D = { \psum_out [127:96] \u_ctrl.g_col_deskew[2].g_delay.sk[0] \u_ctrl.g_col_deskew[1].g_delay.sk[0] [63:32] \u_ctrl.g_col_deskew[0].g_delay.sk[0] [95:64] }, Q = \wfifo[241]).
Adding EN signal on $memory\wfifo[242]$2583 ($dff) from module axi4_dma_bridge (D = { \psum_out [127:96] \u_ctrl.g_col_deskew[2].g_delay.sk[0] \u_ctrl.g_col_deskew[1].g_delay.sk[0] [63:32] \u_ctrl.g_col_deskew[0].g_delay.sk[0] [95:64] }, Q = \wfifo[242]).
Adding EN signal on $memory\wfifo[243]$2585 ($dff) from module axi4_dma_bridge (D = { \psum_out [127:96] \u_ctrl.g_col_deskew[2].g_delay.sk[0] \u_ctrl.g_col_deskew[1].g_delay.sk[0] [63:32] \u_ctrl.g_col_deskew[0].g_delay.sk[0] [95:64] }, Q = \wfifo[243]).
Adding EN signal on $memory\wfifo[244]$2587 ($dff) from module axi4_dma_bridge (D = { \psum_out [127:96] \u_ctrl.g_col_deskew[2].g_delay.sk[0] \u_ctrl.g_col_deskew[1].g_delay.sk[0] [63:32] \u_ctrl.g_col_deskew[0].g_delay.sk[0] [95:64] }, Q = \wfifo[244]).
Adding EN signal on $memory\wfifo[245]$2589 ($dff) from module axi4_dma_bridge (D = { \psum_out [127:96] \u_ctrl.g_col_deskew[2].g_delay.sk[0] \u_ctrl.g_col_deskew[1].g_delay.sk[0] [63:32] \u_ctrl.g_col_deskew[0].g_delay.sk[0] [95:64] }, Q = \wfifo[245]).
Adding EN signal on $memory\wfifo[246]$2591 ($dff) from module axi4_dma_bridge (D = { \psum_out [127:96] \u_ctrl.g_col_deskew[2].g_delay.sk[0] \u_ctrl.g_col_deskew[1].g_delay.sk[0] [63:32] \u_ctrl.g_col_deskew[0].g_delay.sk[0] [95:64] }, Q = \wfifo[246]).
Adding EN signal on $memory\wfifo[247]$2593 ($dff) from module axi4_dma_bridge (D = { \psum_out [127:96] \u_ctrl.g_col_deskew[2].g_delay.sk[0] \u_ctrl.g_col_deskew[1].g_delay.sk[0] [63:32] \u_ctrl.g_col_deskew[0].g_delay.sk[0] [95:64] }, Q = \wfifo[247]).
Adding EN signal on $memory\wfifo[248]$2595 ($dff) from module axi4_dma_bridge (D = { \psum_out [127:96] \u_ctrl.g_col_deskew[2].g_delay.sk[0] \u_ctrl.g_col_deskew[1].g_delay.sk[0] [63:32] \u_ctrl.g_col_deskew[0].g_delay.sk[0] [95:64] }, Q = \wfifo[248]).
Adding EN signal on $memory\wfifo[249]$2597 ($dff) from module axi4_dma_bridge (D = { \psum_out [127:96] \u_ctrl.g_col_deskew[2].g_delay.sk[0] \u_ctrl.g_col_deskew[1].g_delay.sk[0] [63:32] \u_ctrl.g_col_deskew[0].g_delay.sk[0] [95:64] }, Q = \wfifo[249]).
Adding EN signal on $memory\wfifo[250]$2599 ($dff) from module axi4_dma_bridge (D = { \psum_out [127:96] \u_ctrl.g_col_deskew[2].g_delay.sk[0] \u_ctrl.g_col_deskew[1].g_delay.sk[0] [63:32] \u_ctrl.g_col_deskew[0].g_delay.sk[0] [95:64] }, Q = \wfifo[250]).
Adding EN signal on $memory\wfifo[251]$2601 ($dff) from module axi4_dma_bridge (D = { \psum_out [127:96] \u_ctrl.g_col_deskew[2].g_delay.sk[0] \u_ctrl.g_col_deskew[1].g_delay.sk[0] [63:32] \u_ctrl.g_col_deskew[0].g_delay.sk[0] [95:64] }, Q = \wfifo[251]).
Adding EN signal on $memory\wfifo[252]$2603 ($dff) from module axi4_dma_bridge (D = { \psum_out [127:96] \u_ctrl.g_col_deskew[2].g_delay.sk[0] \u_ctrl.g_col_deskew[1].g_delay.sk[0] [63:32] \u_ctrl.g_col_deskew[0].g_delay.sk[0] [95:64] }, Q = \wfifo[252]).
Adding EN signal on $memory\wfifo[253]$2605 ($dff) from module axi4_dma_bridge (D = { \psum_out [127:96] \u_ctrl.g_col_deskew[2].g_delay.sk[0] \u_ctrl.g_col_deskew[1].g_delay.sk[0] [63:32] \u_ctrl.g_col_deskew[0].g_delay.sk[0] [95:64] }, Q = \wfifo[253]).
Adding EN signal on $memory\wfifo[254]$2607 ($dff) from module axi4_dma_bridge (D = { \psum_out [127:96] \u_ctrl.g_col_deskew[2].g_delay.sk[0] \u_ctrl.g_col_deskew[1].g_delay.sk[0] [63:32] \u_ctrl.g_col_deskew[0].g_delay.sk[0] [95:64] }, Q = \wfifo[254]).
Adding EN signal on $memory\wfifo[255]$2609 ($dff) from module axi4_dma_bridge (D = { \psum_out [127:96] \u_ctrl.g_col_deskew[2].g_delay.sk[0] \u_ctrl.g_col_deskew[1].g_delay.sk[0] [63:32] \u_ctrl.g_col_deskew[0].g_delay.sk[0] [95:64] }, Q = \wfifo[255]).
Adding EN signal on $memory\u_ctrl.g_col_deskew[2].g_delay.sk[0]$7981 ($dff) from module axi4_dma_bridge (D = $auto$rtlil.cc:3369:Mux$2035, Q = \u_ctrl.g_col_deskew[2].g_delay.sk[0]).
Adding SRST signal on $auto$ff.cc:337:slice$8297 ($dffe) from module axi4_dma_bridge (D = \psum_out [95:64], Q = \u_ctrl.g_col_deskew[2].g_delay.sk[0], rval = 0).
Adding EN signal on $memory\u_ctrl.g_col_deskew[1].g_delay.sk[0]$7989 ($dff) from module axi4_dma_bridge (D = $auto$rtlil.cc:3369:Mux$2043, Q = \u_ctrl.g_col_deskew[1].g_delay.sk[0]).
Adding SRST signal on $auto$ff.cc:337:slice$8299 ($dffe) from module axi4_dma_bridge (D = { \u_ctrl.g_col_deskew[1].g_delay.sk[0] [31:0] \psum_out [63:32] }, Q = \u_ctrl.g_col_deskew[1].g_delay.sk[0], rval = 64'0000000000000000000000000000000000000000000000000000000000000000).
Adding EN signal on $memory\u_ctrl.g_col_deskew[0].g_delay.sk[0]$7995 ($dff) from module axi4_dma_bridge (D = $auto$rtlil.cc:3369:Mux$2051 [95:0], Q = \u_ctrl.g_col_deskew[0].g_delay.sk[0] [95:0]).
Adding SRST signal on $auto$ff.cc:337:slice$8301 ($dffe) from module axi4_dma_bridge (D = { \u_ctrl.g_col_deskew[0].g_delay.sk[0] [63:0] \psum_out [31:0] }, Q = \u_ctrl.g_col_deskew[0].g_delay.sk[0] [95:0], rval = 96'000000000000000000000000000000000000000000000000000000000000000000000000000000000000000000000000).
Adding EN signal on $memory\rfifo[0]$5040 ($dff) from module axi4_dma_bridge (D = \rdata, Q = \rfifo[0]).
Adding EN signal on $memory\rfifo[1]$5042 ($dff) from module axi4_dma_bridge (D = \rdata, Q = \rfifo[1]).
Adding EN signal on $memory\rfifo[2]$5044 ($dff) from module axi4_dma_bridge (D = \rdata, Q = \rfifo[2]).
Adding EN signal on $memory\rfifo[3]$5046 ($dff) from module axi4_dma_bridge (D = \rdata, Q = \rfifo[3]).
Adding EN signal on $memory\rfifo[4]$5048 ($dff) from module axi4_dma_bridge (D = \rdata, Q = \rfifo[4]).
Adding EN signal on $memory\rfifo[5]$5050 ($dff) from module axi4_dma_bridge (D = \rdata, Q = \rfifo[5]).
Adding EN signal on $memory\rfifo[6]$5052 ($dff) from module axi4_dma_bridge (D = \rdata, Q = \rfifo[6]).
Adding EN signal on $memory\rfifo[7]$5054 ($dff) from module axi4_dma_bridge (D = \rdata, Q = \rfifo[7]).
Adding EN signal on $memory\rfifo[8]$5056 ($dff) from module axi4_dma_bridge (D = \rdata, Q = \rfifo[8]).
Adding EN signal on $memory\rfifo[9]$5058 ($dff) from module axi4_dma_bridge (D = \rdata, Q = \rfifo[9]).
Adding EN signal on $memory\rfifo[10]$5060 ($dff) from module axi4_dma_bridge (D = \rdata, Q = \rfifo[10]).
Adding EN signal on $memory\rfifo[11]$5062 ($dff) from module axi4_dma_bridge (D = \rdata, Q = \rfifo[11]).
Adding EN signal on $memory\rfifo[12]$5064 ($dff) from module axi4_dma_bridge (D = \rdata, Q = \rfifo[12]).
Adding EN signal on $memory\rfifo[13]$5066 ($dff) from module axi4_dma_bridge (D = \rdata, Q = \rfifo[13]).
Adding EN signal on $memory\rfifo[14]$5068 ($dff) from module axi4_dma_bridge (D = \rdata, Q = \rfifo[14]).
Adding EN signal on $memory\rfifo[15]$5070 ($dff) from module axi4_dma_bridge (D = \rdata, Q = \rfifo[15]).
Adding EN signal on $memory\rfifo[16]$5072 ($dff) from module axi4_dma_bridge (D = \rdata, Q = \rfifo[16]).
Adding EN signal on $memory\rfifo[17]$5074 ($dff) from module axi4_dma_bridge (D = \rdata, Q = \rfifo[17]).
Adding EN signal on $memory\rfifo[18]$5076 ($dff) from module axi4_dma_bridge (D = \rdata, Q = \rfifo[18]).
Adding EN signal on $memory\rfifo[19]$5078 ($dff) from module axi4_dma_bridge (D = \rdata, Q = \rfifo[19]).
Adding EN signal on $memory\rfifo[20]$5080 ($dff) from module axi4_dma_bridge (D = \rdata, Q = \rfifo[20]).
Adding EN signal on $memory\rfifo[21]$5082 ($dff) from module axi4_dma_bridge (D = \rdata, Q = \rfifo[21]).
Adding EN signal on $memory\rfifo[22]$5084 ($dff) from module axi4_dma_bridge (D = \rdata, Q = \rfifo[22]).
Adding EN signal on $memory\rfifo[23]$5086 ($dff) from module axi4_dma_bridge (D = \rdata, Q = \rfifo[23]).
Adding EN signal on $memory\rfifo[24]$5088 ($dff) from module axi4_dma_bridge (D = \rdata, Q = \rfifo[24]).
Adding EN signal on $memory\rfifo[25]$5090 ($dff) from module axi4_dma_bridge (D = \rdata, Q = \rfifo[25]).
Adding EN signal on $memory\rfifo[26]$5092 ($dff) from module axi4_dma_bridge (D = \rdata, Q = \rfifo[26]).
Adding EN signal on $memory\rfifo[27]$5094 ($dff) from module axi4_dma_bridge (D = \rdata, Q = \rfifo[27]).
Adding EN signal on $memory\rfifo[28]$5096 ($dff) from module axi4_dma_bridge (D = \rdata, Q = \rfifo[28]).
Adding EN signal on $memory\rfifo[29]$5098 ($dff) from module axi4_dma_bridge (D = \rdata, Q = \rfifo[29]).
Adding EN signal on $memory\rfifo[30]$5100 ($dff) from module axi4_dma_bridge (D = \rdata, Q = \rfifo[30]).
Adding EN signal on $memory\rfifo[31]$5102 ($dff) from module axi4_dma_bridge (D = \rdata, Q = \rfifo[31]).
Adding EN signal on $memory\rfifo[32]$5104 ($dff) from module axi4_dma_bridge (D = \rdata, Q = \rfifo[32]).
Adding EN signal on $memory\rfifo[33]$5106 ($dff) from module axi4_dma_bridge (D = \rdata, Q = \rfifo[33]).
Adding EN signal on $memory\rfifo[34]$5108 ($dff) from module axi4_dma_bridge (D = \rdata, Q = \rfifo[34]).
Adding EN signal on $memory\rfifo[35]$5110 ($dff) from module axi4_dma_bridge (D = \rdata, Q = \rfifo[35]).
Adding EN signal on $memory\rfifo[36]$5112 ($dff) from module axi4_dma_bridge (D = \rdata, Q = \rfifo[36]).
Adding EN signal on $memory\rfifo[37]$5114 ($dff) from module axi4_dma_bridge (D = \rdata, Q = \rfifo[37]).
Adding EN signal on $memory\rfifo[38]$5116 ($dff) from module axi4_dma_bridge (D = \rdata, Q = \rfifo[38]).
Adding EN signal on $memory\rfifo[39]$5118 ($dff) from module axi4_dma_bridge (D = \rdata, Q = \rfifo[39]).
Adding EN signal on $memory\rfifo[40]$5120 ($dff) from module axi4_dma_bridge (D = \rdata, Q = \rfifo[40]).
Adding EN signal on $memory\rfifo[41]$5122 ($dff) from module axi4_dma_bridge (D = \rdata, Q = \rfifo[41]).
Adding EN signal on $memory\rfifo[42]$5124 ($dff) from module axi4_dma_bridge (D = \rdata, Q = \rfifo[42]).
Adding EN signal on $memory\rfifo[43]$5126 ($dff) from module axi4_dma_bridge (D = \rdata, Q = \rfifo[43]).
Adding EN signal on $memory\rfifo[44]$5128 ($dff) from module axi4_dma_bridge (D = \rdata, Q = \rfifo[44]).
Adding EN signal on $memory\rfifo[45]$5130 ($dff) from module axi4_dma_bridge (D = \rdata, Q = \rfifo[45]).
Adding EN signal on $memory\rfifo[46]$5132 ($dff) from module axi4_dma_bridge (D = \rdata, Q = \rfifo[46]).
Adding EN signal on $memory\rfifo[47]$5134 ($dff) from module axi4_dma_bridge (D = \rdata, Q = \rfifo[47]).
Adding EN signal on $memory\rfifo[48]$5136 ($dff) from module axi4_dma_bridge (D = \rdata, Q = \rfifo[48]).
Adding EN signal on $memory\rfifo[49]$5138 ($dff) from module axi4_dma_bridge (D = \rdata, Q = \rfifo[49]).
Adding EN signal on $memory\rfifo[50]$5140 ($dff) from module axi4_dma_bridge (D = \rdata, Q = \rfifo[50]).
Adding EN signal on $memory\rfifo[51]$5142 ($dff) from module axi4_dma_bridge (D = \rdata, Q = \rfifo[51]).
Adding EN signal on $memory\rfifo[52]$5144 ($dff) from module axi4_dma_bridge (D = \rdata, Q = \rfifo[52]).
Adding EN signal on $memory\rfifo[53]$5146 ($dff) from module axi4_dma_bridge (D = \rdata, Q = \rfifo[53]).
Adding EN signal on $memory\rfifo[54]$5148 ($dff) from module axi4_dma_bridge (D = \rdata, Q = \rfifo[54]).
Adding EN signal on $memory\rfifo[55]$5150 ($dff) from module axi4_dma_bridge (D = \rdata, Q = \rfifo[55]).
Adding EN signal on $memory\rfifo[56]$5152 ($dff) from module axi4_dma_bridge (D = \rdata, Q = \rfifo[56]).
Adding EN signal on $memory\rfifo[57]$5154 ($dff) from module axi4_dma_bridge (D = \rdata, Q = \rfifo[57]).
Adding EN signal on $memory\rfifo[58]$5156 ($dff) from module axi4_dma_bridge (D = \rdata, Q = \rfifo[58]).
Adding EN signal on $memory\rfifo[59]$5158 ($dff) from module axi4_dma_bridge (D = \rdata, Q = \rfifo[59]).
Adding EN signal on $memory\rfifo[60]$5160 ($dff) from module axi4_dma_bridge (D = \rdata, Q = \rfifo[60]).
Adding EN signal on $memory\rfifo[61]$5162 ($dff) from module axi4_dma_bridge (D = \rdata, Q = \rfifo[61]).
Adding EN signal on $memory\rfifo[62]$5164 ($dff) from module axi4_dma_bridge (D = \rdata, Q = \rfifo[62]).
Adding EN signal on $memory\rfifo[63]$5166 ($dff) from module axi4_dma_bridge (D = \rdata, Q = \rfifo[63]).
Adding EN signal on $memory\rfifo[64]$5168 ($dff) from module axi4_dma_bridge (D = \rdata, Q = \rfifo[64]).
Adding EN signal on $memory\rfifo[65]$5170 ($dff) from module axi4_dma_bridge (D = \rdata, Q = \rfifo[65]).
Adding EN signal on $memory\rfifo[66]$5172 ($dff) from module axi4_dma_bridge (D = \rdata, Q = \rfifo[66]).
Adding EN signal on $memory\rfifo[67]$5174 ($dff) from module axi4_dma_bridge (D = \rdata, Q = \rfifo[67]).
Adding EN signal on $memory\rfifo[68]$5176 ($dff) from module axi4_dma_bridge (D = \rdata, Q = \rfifo[68]).
Adding EN signal on $memory\rfifo[69]$5178 ($dff) from module axi4_dma_bridge (D = \rdata, Q = \rfifo[69]).
Adding EN signal on $memory\rfifo[70]$5180 ($dff) from module axi4_dma_bridge (D = \rdata, Q = \rfifo[70]).
Adding EN signal on $memory\rfifo[71]$5182 ($dff) from module axi4_dma_bridge (D = \rdata, Q = \rfifo[71]).
Adding EN signal on $memory\rfifo[72]$5184 ($dff) from module axi4_dma_bridge (D = \rdata, Q = \rfifo[72]).
Adding EN signal on $memory\rfifo[73]$5186 ($dff) from module axi4_dma_bridge (D = \rdata, Q = \rfifo[73]).
Adding EN signal on $memory\rfifo[74]$5188 ($dff) from module axi4_dma_bridge (D = \rdata, Q = \rfifo[74]).
Adding EN signal on $memory\rfifo[75]$5190 ($dff) from module axi4_dma_bridge (D = \rdata, Q = \rfifo[75]).
Adding EN signal on $memory\rfifo[76]$5192 ($dff) from module axi4_dma_bridge (D = \rdata, Q = \rfifo[76]).
Adding EN signal on $memory\rfifo[77]$5194 ($dff) from module axi4_dma_bridge (D = \rdata, Q = \rfifo[77]).
Adding EN signal on $memory\rfifo[78]$5196 ($dff) from module axi4_dma_bridge (D = \rdata, Q = \rfifo[78]).
Adding EN signal on $memory\rfifo[79]$5198 ($dff) from module axi4_dma_bridge (D = \rdata, Q = \rfifo[79]).
Adding EN signal on $memory\rfifo[80]$5200 ($dff) from module axi4_dma_bridge (D = \rdata, Q = \rfifo[80]).
Adding EN signal on $memory\rfifo[81]$5202 ($dff) from module axi4_dma_bridge (D = \rdata, Q = \rfifo[81]).
Adding EN signal on $memory\rfifo[82]$5204 ($dff) from module axi4_dma_bridge (D = \rdata, Q = \rfifo[82]).
Adding EN signal on $memory\rfifo[83]$5206 ($dff) from module axi4_dma_bridge (D = \rdata, Q = \rfifo[83]).
Adding EN signal on $memory\rfifo[84]$5208 ($dff) from module axi4_dma_bridge (D = \rdata, Q = \rfifo[84]).
Adding EN signal on $memory\rfifo[85]$5210 ($dff) from module axi4_dma_bridge (D = \rdata, Q = \rfifo[85]).
Adding EN signal on $memory\rfifo[86]$5212 ($dff) from module axi4_dma_bridge (D = \rdata, Q = \rfifo[86]).
Adding EN signal on $memory\rfifo[87]$5214 ($dff) from module axi4_dma_bridge (D = \rdata, Q = \rfifo[87]).
Adding EN signal on $memory\rfifo[88]$5216 ($dff) from module axi4_dma_bridge (D = \rdata, Q = \rfifo[88]).
Adding EN signal on $memory\rfifo[89]$5218 ($dff) from module axi4_dma_bridge (D = \rdata, Q = \rfifo[89]).
Adding EN signal on $memory\rfifo[90]$5220 ($dff) from module axi4_dma_bridge (D = \rdata, Q = \rfifo[90]).
Adding EN signal on $memory\rfifo[91]$5222 ($dff) from module axi4_dma_bridge (D = \rdata, Q = \rfifo[91]).
Adding EN signal on $memory\rfifo[92]$5224 ($dff) from module axi4_dma_bridge (D = \rdata, Q = \rfifo[92]).
Adding EN signal on $memory\rfifo[93]$5226 ($dff) from module axi4_dma_bridge (D = \rdata, Q = \rfifo[93]).
Adding EN signal on $memory\rfifo[94]$5228 ($dff) from module axi4_dma_bridge (D = \rdata, Q = \rfifo[94]).
Adding EN signal on $memory\rfifo[95]$5230 ($dff) from module axi4_dma_bridge (D = \rdata, Q = \rfifo[95]).
Adding EN signal on $memory\rfifo[96]$5232 ($dff) from module axi4_dma_bridge (D = \rdata, Q = \rfifo[96]).
Adding EN signal on $memory\rfifo[97]$5234 ($dff) from module axi4_dma_bridge (D = \rdata, Q = \rfifo[97]).
Adding EN signal on $memory\rfifo[98]$5236 ($dff) from module axi4_dma_bridge (D = \rdata, Q = \rfifo[98]).
Adding EN signal on $memory\rfifo[99]$5238 ($dff) from module axi4_dma_bridge (D = \rdata, Q = \rfifo[99]).
Adding EN signal on $memory\rfifo[100]$5240 ($dff) from module axi4_dma_bridge (D = \rdata, Q = \rfifo[100]).
Adding EN signal on $memory\rfifo[101]$5242 ($dff) from module axi4_dma_bridge (D = \rdata, Q = \rfifo[101]).
Adding EN signal on $memory\rfifo[102]$5244 ($dff) from module axi4_dma_bridge (D = \rdata, Q = \rfifo[102]).
Adding EN signal on $memory\rfifo[103]$5246 ($dff) from module axi4_dma_bridge (D = \rdata, Q = \rfifo[103]).
Adding EN signal on $memory\rfifo[104]$5248 ($dff) from module axi4_dma_bridge (D = \rdata, Q = \rfifo[104]).
Adding EN signal on $memory\rfifo[105]$5250 ($dff) from module axi4_dma_bridge (D = \rdata, Q = \rfifo[105]).
Adding EN signal on $memory\rfifo[106]$5252 ($dff) from module axi4_dma_bridge (D = \rdata, Q = \rfifo[106]).
Adding EN signal on $memory\rfifo[107]$5254 ($dff) from module axi4_dma_bridge (D = \rdata, Q = \rfifo[107]).
Adding EN signal on $memory\rfifo[108]$5256 ($dff) from module axi4_dma_bridge (D = \rdata, Q = \rfifo[108]).
Adding EN signal on $memory\rfifo[109]$5258 ($dff) from module axi4_dma_bridge (D = \rdata, Q = \rfifo[109]).
Adding EN signal on $memory\rfifo[110]$5260 ($dff) from module axi4_dma_bridge (D = \rdata, Q = \rfifo[110]).
Adding EN signal on $memory\rfifo[111]$5262 ($dff) from module axi4_dma_bridge (D = \rdata, Q = \rfifo[111]).
Adding EN signal on $memory\rfifo[112]$5264 ($dff) from module axi4_dma_bridge (D = \rdata, Q = \rfifo[112]).
Adding EN signal on $memory\rfifo[113]$5266 ($dff) from module axi4_dma_bridge (D = \rdata, Q = \rfifo[113]).
Adding EN signal on $memory\rfifo[114]$5268 ($dff) from module axi4_dma_bridge (D = \rdata, Q = \rfifo[114]).
Adding EN signal on $memory\rfifo[115]$5270 ($dff) from module axi4_dma_bridge (D = \rdata, Q = \rfifo[115]).
Adding EN signal on $memory\rfifo[116]$5272 ($dff) from module axi4_dma_bridge (D = \rdata, Q = \rfifo[116]).
Adding EN signal on $memory\rfifo[117]$5274 ($dff) from module axi4_dma_bridge (D = \rdata, Q = \rfifo[117]).
Adding EN signal on $memory\rfifo[118]$5276 ($dff) from module axi4_dma_bridge (D = \rdata, Q = \rfifo[118]).
Adding EN signal on $memory\rfifo[119]$5278 ($dff) from module axi4_dma_bridge (D = \rdata, Q = \rfifo[119]).
Adding EN signal on $memory\rfifo[120]$5280 ($dff) from module axi4_dma_bridge (D = \rdata, Q = \rfifo[120]).
Adding EN signal on $memory\rfifo[121]$5282 ($dff) from module axi4_dma_bridge (D = \rdata, Q = \rfifo[121]).
Adding EN signal on $memory\rfifo[122]$5284 ($dff) from module axi4_dma_bridge (D = \rdata, Q = \rfifo[122]).
Adding EN signal on $memory\rfifo[123]$5286 ($dff) from module axi4_dma_bridge (D = \rdata, Q = \rfifo[123]).
Adding EN signal on $memory\rfifo[124]$5288 ($dff) from module axi4_dma_bridge (D = \rdata, Q = \rfifo[124]).
Adding EN signal on $memory\rfifo[125]$5290 ($dff) from module axi4_dma_bridge (D = \rdata, Q = \rfifo[125]).
Adding EN signal on $memory\rfifo[126]$5292 ($dff) from module axi4_dma_bridge (D = \rdata, Q = \rfifo[126]).
Adding EN signal on $memory\rfifo[127]$5294 ($dff) from module axi4_dma_bridge (D = \rdata, Q = \rfifo[127]).
Adding EN signal on $memory\rfifo[128]$5296 ($dff) from module axi4_dma_bridge (D = \rdata, Q = \rfifo[128]).
Adding EN signal on $memory\rfifo[129]$5298 ($dff) from module axi4_dma_bridge (D = \rdata, Q = \rfifo[129]).
Adding EN signal on $memory\rfifo[130]$5300 ($dff) from module axi4_dma_bridge (D = \rdata, Q = \rfifo[130]).
Adding EN signal on $memory\rfifo[131]$5302 ($dff) from module axi4_dma_bridge (D = \rdata, Q = \rfifo[131]).
Adding EN signal on $memory\rfifo[132]$5304 ($dff) from module axi4_dma_bridge (D = \rdata, Q = \rfifo[132]).
Adding EN signal on $memory\rfifo[133]$5306 ($dff) from module axi4_dma_bridge (D = \rdata, Q = \rfifo[133]).
Adding EN signal on $memory\rfifo[134]$5308 ($dff) from module axi4_dma_bridge (D = \rdata, Q = \rfifo[134]).
Adding EN signal on $memory\rfifo[135]$5310 ($dff) from module axi4_dma_bridge (D = \rdata, Q = \rfifo[135]).
Adding EN signal on $memory\rfifo[136]$5312 ($dff) from module axi4_dma_bridge (D = \rdata, Q = \rfifo[136]).
Adding EN signal on $memory\rfifo[137]$5314 ($dff) from module axi4_dma_bridge (D = \rdata, Q = \rfifo[137]).
Adding EN signal on $memory\rfifo[138]$5316 ($dff) from module axi4_dma_bridge (D = \rdata, Q = \rfifo[138]).
Adding EN signal on $memory\rfifo[139]$5318 ($dff) from module axi4_dma_bridge (D = \rdata, Q = \rfifo[139]).
Adding EN signal on $memory\rfifo[140]$5320 ($dff) from module axi4_dma_bridge (D = \rdata, Q = \rfifo[140]).
Adding EN signal on $memory\rfifo[141]$5322 ($dff) from module axi4_dma_bridge (D = \rdata, Q = \rfifo[141]).
Adding EN signal on $memory\rfifo[142]$5324 ($dff) from module axi4_dma_bridge (D = \rdata, Q = \rfifo[142]).
Adding EN signal on $memory\rfifo[143]$5326 ($dff) from module axi4_dma_bridge (D = \rdata, Q = \rfifo[143]).
Adding EN signal on $memory\rfifo[144]$5328 ($dff) from module axi4_dma_bridge (D = \rdata, Q = \rfifo[144]).
Adding EN signal on $memory\rfifo[145]$5330 ($dff) from module axi4_dma_bridge (D = \rdata, Q = \rfifo[145]).
Adding EN signal on $memory\rfifo[146]$5332 ($dff) from module axi4_dma_bridge (D = \rdata, Q = \rfifo[146]).
Adding EN signal on $memory\rfifo[147]$5334 ($dff) from module axi4_dma_bridge (D = \rdata, Q = \rfifo[147]).
Adding EN signal on $memory\rfifo[148]$5336 ($dff) from module axi4_dma_bridge (D = \rdata, Q = \rfifo[148]).
Adding EN signal on $memory\rfifo[149]$5338 ($dff) from module axi4_dma_bridge (D = \rdata, Q = \rfifo[149]).
Adding EN signal on $memory\rfifo[150]$5340 ($dff) from module axi4_dma_bridge (D = \rdata, Q = \rfifo[150]).
Adding EN signal on $memory\rfifo[151]$5342 ($dff) from module axi4_dma_bridge (D = \rdata, Q = \rfifo[151]).
Adding EN signal on $memory\rfifo[152]$5344 ($dff) from module axi4_dma_bridge (D = \rdata, Q = \rfifo[152]).
Adding EN signal on $memory\rfifo[153]$5346 ($dff) from module axi4_dma_bridge (D = \rdata, Q = \rfifo[153]).
Adding EN signal on $memory\rfifo[154]$5348 ($dff) from module axi4_dma_bridge (D = \rdata, Q = \rfifo[154]).
Adding EN signal on $memory\rfifo[155]$5350 ($dff) from module axi4_dma_bridge (D = \rdata, Q = \rfifo[155]).
Adding EN signal on $memory\rfifo[156]$5352 ($dff) from module axi4_dma_bridge (D = \rdata, Q = \rfifo[156]).
Adding EN signal on $memory\rfifo[157]$5354 ($dff) from module axi4_dma_bridge (D = \rdata, Q = \rfifo[157]).
Adding EN signal on $memory\rfifo[158]$5356 ($dff) from module axi4_dma_bridge (D = \rdata, Q = \rfifo[158]).
Adding EN signal on $memory\rfifo[159]$5358 ($dff) from module axi4_dma_bridge (D = \rdata, Q = \rfifo[159]).
Adding EN signal on $memory\rfifo[160]$5360 ($dff) from module axi4_dma_bridge (D = \rdata, Q = \rfifo[160]).
Adding EN signal on $memory\rfifo[161]$5362 ($dff) from module axi4_dma_bridge (D = \rdata, Q = \rfifo[161]).
Adding EN signal on $memory\rfifo[162]$5364 ($dff) from module axi4_dma_bridge (D = \rdata, Q = \rfifo[162]).
Adding EN signal on $memory\rfifo[163]$5366 ($dff) from module axi4_dma_bridge (D = \rdata, Q = \rfifo[163]).
Adding EN signal on $memory\rfifo[164]$5368 ($dff) from module axi4_dma_bridge (D = \rdata, Q = \rfifo[164]).
Adding EN signal on $memory\rfifo[165]$5370 ($dff) from module axi4_dma_bridge (D = \rdata, Q = \rfifo[165]).
Adding EN signal on $memory\rfifo[166]$5372 ($dff) from module axi4_dma_bridge (D = \rdata, Q = \rfifo[166]).
Adding EN signal on $memory\rfifo[167]$5374 ($dff) from module axi4_dma_bridge (D = \rdata, Q = \rfifo[167]).
Adding EN signal on $memory\rfifo[168]$5376 ($dff) from module axi4_dma_bridge (D = \rdata, Q = \rfifo[168]).
Adding EN signal on $memory\rfifo[169]$5378 ($dff) from module axi4_dma_bridge (D = \rdata, Q = \rfifo[169]).
Adding EN signal on $memory\rfifo[170]$5380 ($dff) from module axi4_dma_bridge (D = \rdata, Q = \rfifo[170]).
Adding EN signal on $memory\rfifo[171]$5382 ($dff) from module axi4_dma_bridge (D = \rdata, Q = \rfifo[171]).
Adding EN signal on $memory\rfifo[172]$5384 ($dff) from module axi4_dma_bridge (D = \rdata, Q = \rfifo[172]).
Adding EN signal on $memory\rfifo[173]$5386 ($dff) from module axi4_dma_bridge (D = \rdata, Q = \rfifo[173]).
Adding EN signal on $memory\rfifo[174]$5388 ($dff) from module axi4_dma_bridge (D = \rdata, Q = \rfifo[174]).
Adding EN signal on $memory\rfifo[175]$5390 ($dff) from module axi4_dma_bridge (D = \rdata, Q = \rfifo[175]).
Adding EN signal on $memory\rfifo[176]$5392 ($dff) from module axi4_dma_bridge (D = \rdata, Q = \rfifo[176]).
Adding EN signal on $memory\rfifo[177]$5394 ($dff) from module axi4_dma_bridge (D = \rdata, Q = \rfifo[177]).
Adding EN signal on $memory\rfifo[178]$5396 ($dff) from module axi4_dma_bridge (D = \rdata, Q = \rfifo[178]).
Adding EN signal on $memory\rfifo[179]$5398 ($dff) from module axi4_dma_bridge (D = \rdata, Q = \rfifo[179]).
Adding EN signal on $memory\rfifo[180]$5400 ($dff) from module axi4_dma_bridge (D = \rdata, Q = \rfifo[180]).
Adding EN signal on $memory\rfifo[181]$5402 ($dff) from module axi4_dma_bridge (D = \rdata, Q = \rfifo[181]).
Adding EN signal on $memory\rfifo[182]$5404 ($dff) from module axi4_dma_bridge (D = \rdata, Q = \rfifo[182]).
Adding EN signal on $memory\rfifo[183]$5406 ($dff) from module axi4_dma_bridge (D = \rdata, Q = \rfifo[183]).
Adding EN signal on $memory\rfifo[184]$5408 ($dff) from module axi4_dma_bridge (D = \rdata, Q = \rfifo[184]).
Adding EN signal on $memory\rfifo[185]$5410 ($dff) from module axi4_dma_bridge (D = \rdata, Q = \rfifo[185]).
Adding EN signal on $memory\rfifo[186]$5412 ($dff) from module axi4_dma_bridge (D = \rdata, Q = \rfifo[186]).
Adding EN signal on $memory\rfifo[187]$5414 ($dff) from module axi4_dma_bridge (D = \rdata, Q = \rfifo[187]).
Adding EN signal on $memory\rfifo[188]$5416 ($dff) from module axi4_dma_bridge (D = \rdata, Q = \rfifo[188]).
Adding EN signal on $memory\rfifo[189]$5418 ($dff) from module axi4_dma_bridge (D = \rdata, Q = \rfifo[189]).
Adding EN signal on $memory\rfifo[190]$5420 ($dff) from module axi4_dma_bridge (D = \rdata, Q = \rfifo[190]).
Adding EN signal on $memory\rfifo[191]$5422 ($dff) from module axi4_dma_bridge (D = \rdata, Q = \rfifo[191]).
Adding EN signal on $memory\rfifo[192]$5424 ($dff) from module axi4_dma_bridge (D = \rdata, Q = \rfifo[192]).
Adding EN signal on $memory\rfifo[193]$5426 ($dff) from module axi4_dma_bridge (D = \rdata, Q = \rfifo[193]).
Adding EN signal on $memory\rfifo[194]$5428 ($dff) from module axi4_dma_bridge (D = \rdata, Q = \rfifo[194]).
Adding EN signal on $memory\rfifo[195]$5430 ($dff) from module axi4_dma_bridge (D = \rdata, Q = \rfifo[195]).
Adding EN signal on $memory\rfifo[196]$5432 ($dff) from module axi4_dma_bridge (D = \rdata, Q = \rfifo[196]).
Adding EN signal on $memory\rfifo[197]$5434 ($dff) from module axi4_dma_bridge (D = \rdata, Q = \rfifo[197]).
Adding EN signal on $memory\rfifo[198]$5436 ($dff) from module axi4_dma_bridge (D = \rdata, Q = \rfifo[198]).
Adding EN signal on $memory\rfifo[199]$5438 ($dff) from module axi4_dma_bridge (D = \rdata, Q = \rfifo[199]).
Adding EN signal on $memory\rfifo[200]$5440 ($dff) from module axi4_dma_bridge (D = \rdata, Q = \rfifo[200]).
Adding EN signal on $memory\rfifo[201]$5442 ($dff) from module axi4_dma_bridge (D = \rdata, Q = \rfifo[201]).
Adding EN signal on $memory\rfifo[202]$5444 ($dff) from module axi4_dma_bridge (D = \rdata, Q = \rfifo[202]).
Adding EN signal on $memory\rfifo[203]$5446 ($dff) from module axi4_dma_bridge (D = \rdata, Q = \rfifo[203]).
Adding EN signal on $memory\rfifo[204]$5448 ($dff) from module axi4_dma_bridge (D = \rdata, Q = \rfifo[204]).
Adding EN signal on $memory\rfifo[205]$5450 ($dff) from module axi4_dma_bridge (D = \rdata, Q = \rfifo[205]).
Adding EN signal on $memory\rfifo[206]$5452 ($dff) from module axi4_dma_bridge (D = \rdata, Q = \rfifo[206]).
Adding EN signal on $memory\rfifo[207]$5454 ($dff) from module axi4_dma_bridge (D = \rdata, Q = \rfifo[207]).
Adding EN signal on $memory\rfifo[208]$5456 ($dff) from module axi4_dma_bridge (D = \rdata, Q = \rfifo[208]).
Adding EN signal on $memory\rfifo[209]$5458 ($dff) from module axi4_dma_bridge (D = \rdata, Q = \rfifo[209]).
Adding EN signal on $memory\rfifo[210]$5460 ($dff) from module axi4_dma_bridge (D = \rdata, Q = \rfifo[210]).
Adding EN signal on $memory\rfifo[211]$5462 ($dff) from module axi4_dma_bridge (D = \rdata, Q = \rfifo[211]).
Adding EN signal on $memory\rfifo[212]$5464 ($dff) from module axi4_dma_bridge (D = \rdata, Q = \rfifo[212]).
Adding EN signal on $memory\rfifo[213]$5466 ($dff) from module axi4_dma_bridge (D = \rdata, Q = \rfifo[213]).
Adding EN signal on $memory\rfifo[214]$5468 ($dff) from module axi4_dma_bridge (D = \rdata, Q = \rfifo[214]).
Adding EN signal on $memory\rfifo[215]$5470 ($dff) from module axi4_dma_bridge (D = \rdata, Q = \rfifo[215]).
Adding EN signal on $memory\rfifo[216]$5472 ($dff) from module axi4_dma_bridge (D = \rdata, Q = \rfifo[216]).
Adding EN signal on $memory\rfifo[217]$5474 ($dff) from module axi4_dma_bridge (D = \rdata, Q = \rfifo[217]).
Adding EN signal on $memory\rfifo[218]$5476 ($dff) from module axi4_dma_bridge (D = \rdata, Q = \rfifo[218]).
Adding EN signal on $memory\rfifo[219]$5478 ($dff) from module axi4_dma_bridge (D = \rdata, Q = \rfifo[219]).
Adding EN signal on $memory\rfifo[220]$5480 ($dff) from module axi4_dma_bridge (D = \rdata, Q = \rfifo[220]).
Adding EN signal on $memory\rfifo[221]$5482 ($dff) from module axi4_dma_bridge (D = \rdata, Q = \rfifo[221]).
Adding EN signal on $memory\rfifo[222]$5484 ($dff) from module axi4_dma_bridge (D = \rdata, Q = \rfifo[222]).
Adding EN signal on $memory\rfifo[223]$5486 ($dff) from module axi4_dma_bridge (D = \rdata, Q = \rfifo[223]).
Adding EN signal on $memory\rfifo[224]$5488 ($dff) from module axi4_dma_bridge (D = \rdata, Q = \rfifo[224]).
Adding EN signal on $memory\rfifo[225]$5490 ($dff) from module axi4_dma_bridge (D = \rdata, Q = \rfifo[225]).
Adding EN signal on $memory\rfifo[226]$5492 ($dff) from module axi4_dma_bridge (D = \rdata, Q = \rfifo[226]).
Adding EN signal on $memory\rfifo[227]$5494 ($dff) from module axi4_dma_bridge (D = \rdata, Q = \rfifo[227]).
Adding EN signal on $memory\rfifo[228]$5496 ($dff) from module axi4_dma_bridge (D = \rdata, Q = \rfifo[228]).
Adding EN signal on $memory\rfifo[229]$5498 ($dff) from module axi4_dma_bridge (D = \rdata, Q = \rfifo[229]).
Adding EN signal on $memory\rfifo[230]$5500 ($dff) from module axi4_dma_bridge (D = \rdata, Q = \rfifo[230]).
Adding EN signal on $memory\rfifo[231]$5502 ($dff) from module axi4_dma_bridge (D = \rdata, Q = \rfifo[231]).
Adding EN signal on $memory\rfifo[232]$5504 ($dff) from module axi4_dma_bridge (D = \rdata, Q = \rfifo[232]).
Adding EN signal on $memory\rfifo[233]$5506 ($dff) from module axi4_dma_bridge (D = \rdata, Q = \rfifo[233]).
Adding EN signal on $memory\rfifo[234]$5508 ($dff) from module axi4_dma_bridge (D = \rdata, Q = \rfifo[234]).
Adding EN signal on $memory\rfifo[235]$5510 ($dff) from module axi4_dma_bridge (D = \rdata, Q = \rfifo[235]).
Adding EN signal on $memory\rfifo[236]$5512 ($dff) from module axi4_dma_bridge (D = \rdata, Q = \rfifo[236]).
Adding EN signal on $memory\rfifo[237]$5514 ($dff) from module axi4_dma_bridge (D = \rdata, Q = \rfifo[237]).
Adding EN signal on $memory\rfifo[238]$5516 ($dff) from module axi4_dma_bridge (D = \rdata, Q = \rfifo[238]).
Adding EN signal on $memory\rfifo[239]$5518 ($dff) from module axi4_dma_bridge (D = \rdata, Q = \rfifo[239]).
Adding EN signal on $memory\rfifo[240]$5520 ($dff) from module axi4_dma_bridge (D = \rdata, Q = \rfifo[240]).
Adding EN signal on $memory\rfifo[241]$5522 ($dff) from module axi4_dma_bridge (D = \rdata, Q = \rfifo[241]).
Adding EN signal on $memory\rfifo[242]$5524 ($dff) from module axi4_dma_bridge (D = \rdata, Q = \rfifo[242]).
Adding EN signal on $memory\rfifo[243]$5526 ($dff) from module axi4_dma_bridge (D = \rdata, Q = \rfifo[243]).
Adding EN signal on $memory\rfifo[244]$5528 ($dff) from module axi4_dma_bridge (D = \rdata, Q = \rfifo[244]).
Adding EN signal on $memory\rfifo[245]$5530 ($dff) from module axi4_dma_bridge (D = \rdata, Q = \rfifo[245]).
Adding EN signal on $memory\rfifo[246]$5532 ($dff) from module axi4_dma_bridge (D = \rdata, Q = \rfifo[246]).
Adding EN signal on $memory\rfifo[247]$5534 ($dff) from module axi4_dma_bridge (D = \rdata, Q = \rfifo[247]).
Adding EN signal on $memory\rfifo[248]$5536 ($dff) from module axi4_dma_bridge (D = \rdata, Q = \rfifo[248]).
Adding EN signal on $memory\rfifo[249]$5538 ($dff) from module axi4_dma_bridge (D = \rdata, Q = \rfifo[249]).
Adding EN signal on $memory\rfifo[250]$5540 ($dff) from module axi4_dma_bridge (D = \rdata, Q = \rfifo[250]).
Adding EN signal on $memory\rfifo[251]$5542 ($dff) from module axi4_dma_bridge (D = \rdata, Q = \rfifo[251]).
Adding EN signal on $memory\rfifo[252]$5544 ($dff) from module axi4_dma_bridge (D = \rdata, Q = \rfifo[252]).
Adding EN signal on $memory\rfifo[253]$5546 ($dff) from module axi4_dma_bridge (D = \rdata, Q = \rfifo[253]).
Adding EN signal on $memory\rfifo[254]$5548 ($dff) from module axi4_dma_bridge (D = \rdata, Q = \rfifo[254]).
Adding EN signal on $memory\rfifo[255]$5550 ($dff) from module axi4_dma_bridge (D = \rdata, Q = \rfifo[255]).
Adding EN signal on $memory\u_ctrl.g_row_skew[3].g_delay.sk[0]$8005 ($dff) from module axi4_dma_bridge (D = $auto$rtlil.cc:3369:Mux$2059 [23:0], Q = \u_ctrl.g_row_skew[3].g_delay.sk[0] [23:0]).
Adding SRST signal on $auto$ff.cc:337:slice$8560 ($dffe) from module axi4_dma_bridge (D = \ctrl_rd_data [31:24], Q = \u_ctrl.g_row_skew[3].g_delay.sk[0] [7:0], rval = 8'00000000).
Adding SRST signal on $auto$ff.cc:337:slice$8560 ($dffe) from module axi4_dma_bridge (D = \u_ctrl.g_row_skew[3].g_delay.sk[0] [15:0], Q = \u_ctrl.g_row_skew[3].g_delay.sk[0] [23:8], rval = 16'0000000000000000).
Adding EN signal on $memory\u_ctrl.g_row_skew[2].g_delay.sk[0]$8015 ($dff) from module axi4_dma_bridge (D = $auto$rtlil.cc:3369:Mux$2067, Q = \u_ctrl.g_row_skew[2].g_delay.sk[0]).
Adding SRST signal on $auto$ff.cc:337:slice$8566 ($dffe) from module axi4_dma_bridge (D = \ctrl_rd_data [23:16], Q = \u_ctrl.g_row_skew[2].g_delay.sk[0] [7:0], rval = 8'00000000).
Adding SRST signal on $auto$ff.cc:337:slice$8566 ($dffe) from module axi4_dma_bridge (D = \u_ctrl.g_row_skew[2].g_delay.sk[0] [7:0], Q = \u_ctrl.g_row_skew[2].g_delay.sk[0] [15:8], rval = 8'00000000).
Adding EN signal on $memory\u_ctrl.g_row_skew[1].g_delay.sk[0]$8021 ($dff) from module axi4_dma_bridge (D = $auto$rtlil.cc:3369:Mux$2075, Q = \u_ctrl.g_row_skew[1].g_delay.sk[0]).
Adding SRST signal on $auto$ff.cc:337:slice$8571 ($dffe) from module axi4_dma_bridge (D = \ctrl_rd_data [15:8], Q = \u_ctrl.g_row_skew[1].g_delay.sk[0], rval = 8'00000000).

2.19.16. Executing OPT_CLEAN pass (remove unused cells and wires).
Finding unused cells or wires in module \axi4_dma_bridge..
Removed 529 unused cells and 530 unused wires.
<suppressed ~530 debug messages>

2.19.17. Executing OPT_EXPR pass (perform const folding).
Optimizing module axi4_dma_bridge.
<suppressed ~63 debug messages>

2.19.18. Rerunning OPT passes. (Maybe there is more to do..)

2.19.19. Executing OPT_MUXTREE pass (detect dead branches in mux trees).
Running muxtree optimizer on module \axi4_dma_bridge..
  Creating internal representation of mux trees.
  Evaluating internal representation of mux trees.
  Analyzing evaluation results.
Removed 0 multiplexer ports.
<suppressed ~578 debug messages>

2.19.20. Executing OPT_REDUCE pass (consolidate $*mux and $reduce_* inputs).
  Optimizing cells in module \axi4_dma_bridge.
Performed a total of 0 changes.

2.19.21. Executing OPT_MERGE pass (detect identical cells).
Finding identical cells in module `\axi4_dma_bridge'.
Computing hashes of 2460 cells of `\axi4_dma_bridge'.
Finding duplicate cells in `\axi4_dma_bridge'.
Computing hashes of 2458 cells of `\axi4_dma_bridge'.
Finding duplicate cells in `\axi4_dma_bridge'.
<suppressed ~6 debug messages>
Removed a total of 2 cells.

2.19.22. Executing OPT_SHARE pass.

2.19.23. Executing OPT_DFF pass (perform DFF optimizations).

2.19.24. Executing OPT_CLEAN pass (remove unused cells and wires).
Finding unused cells or wires in module \axi4_dma_bridge..
Removed 0 unused cells and 2 unused wires.
<suppressed ~1 debug messages>

2.19.25. Executing OPT_EXPR pass (perform const folding).
Optimizing module axi4_dma_bridge.

2.19.26. Rerunning OPT passes. (Maybe there is more to do..)

2.19.27. Executing OPT_MUXTREE pass (detect dead branches in mux trees).
Running muxtree optimizer on module \axi4_dma_bridge..
  Creating internal representation of mux trees.
  Evaluating internal representation of mux trees.
  Analyzing evaluation results.
Removed 0 multiplexer ports.
<suppressed ~578 debug messages>

2.19.28. Executing OPT_REDUCE pass (consolidate $*mux and $reduce_* inputs).
  Optimizing cells in module \axi4_dma_bridge.
Performed a total of 0 changes.

2.19.29. Executing OPT_MERGE pass (detect identical cells).
Finding identical cells in module `\axi4_dma_bridge'.
Computing hashes of 2458 cells of `\axi4_dma_bridge'.
Finding duplicate cells in `\axi4_dma_bridge'.
Removed a total of 0 cells.

2.19.30. Executing OPT_SHARE pass.

2.19.31. Executing OPT_DFF pass (perform DFF optimizations).

2.19.32. Executing OPT_CLEAN pass (remove unused cells and wires).
Finding unused cells or wires in module \axi4_dma_bridge..

2.19.33. Executing OPT_EXPR pass (perform const folding).
Optimizing module axi4_dma_bridge.

2.19.34. Finished fast OPT passes. (There is nothing left to do.)

2.20. Executing TECHMAP pass (map to technology primitives).

2.20.1. Executing Verilog-2005 frontend: /home/bomma/oss-cad-suite/lib/../share/yosys/techmap.v
Parsing Verilog input from `/home/bomma/oss-cad-suite/lib/../share/yosys/techmap.v' to AST representation.
Generating RTLIL representation for module `\_90_simplemap_bool_ops'.
Generating RTLIL representation for module `\_90_simplemap_reduce_ops'.
Generating RTLIL representation for module `\_90_simplemap_logic_ops'.
Generating RTLIL representation for module `\_90_simplemap_compare_ops'.
Generating RTLIL representation for module `\_90_simplemap_various'.
Generating RTLIL representation for module `\_90_simplemap_registers'.
Generating RTLIL representation for module `\_90_shift_ops_shr_shl_sshl_sshr'.
Generating RTLIL representation for module `\_90_shift_shiftx'.
Generating RTLIL representation for module `\_90_fa'.
Generating RTLIL representation for module `\_90_lcu_brent_kung'.
Generating RTLIL representation for module `\_90_alu'.
Generating RTLIL representation for module `\_90_macc'.
Generating RTLIL representation for module `\_90_alumacc'.
Generating RTLIL representation for module `$__div_mod_u'.
Generating RTLIL representation for module `$__div_mod_trunc'.
Generating RTLIL representation for module `\_90_div'.
Generating RTLIL representation for module `\_90_mod'.
Generating RTLIL representation for module `$__div_mod_floor'.
Generating RTLIL representation for module `\_90_divfloor'.
Generating RTLIL representation for module `\_90_modfloor'.
Generating RTLIL representation for module `\_90_pow'.
Generating RTLIL representation for module `\_90_demux'.
Generating RTLIL representation for module `\_90_lut'.
Generating RTLIL representation for module `$connect'.
Generating RTLIL representation for module `$input_port'.
Successfully finished Verilog frontend.

2.20.2. Continuing TECHMAP pass.
Using extmapper simplemap for cells of type $sdffce.
Using extmapper simplemap for cells of type $reduce_and.
Using extmapper simplemap for cells of type $dffe.
Using extmapper simplemap for cells of type $not.
Using extmapper simplemap for cells of type $and.
Using extmapper simplemap for cells of type $or.
Using extmapper simplemap for cells of type $mux.
Using extmapper simplemap for cells of type $eq.
Using extmapper simplemap for cells of type $reduce_or.
Using template $paramod$3e92930b84a1f8e99102decb41b57db2b77e2f7a\_90_alu for cells of type $alu.
Using template $paramod$0c46bd0e29757d0979c595102a77b5d6e7ff6f4d\_90_alu for cells of type $alu.
Using template $paramod$6a42b6fefed750f8a1c58eab59479d960557103c\_90_alu for cells of type $alu.
Using template $paramod$403d74038787d91c0514bba9bf1032f6fa919203\_90_alu for cells of type $alu.
Using template $paramod$076c9a7a3f037230073fe14dd4865d470cb48917\_90_alu for cells of type $alu.
Using template $paramod$fbc7873bff55778c0b3173955b7e4bce1d9d6834\_90_alu for cells of type $alu.
Using template $paramod$6412f7f13655de512a17af2c71a87b50b4a57324\_90_alu for cells of type $alu.
Using template $paramod$44a13d10af618e7fbe7b9aad2f6151ffcee1e2fa\_90_alu for cells of type $alu.
Using template $paramod$403d07c18de10cda2ac652a859c56aea81aaf9b5\_90_alu for cells of type $alu.
Using template $paramod$5546fdacc672a3d7dd1c41165b00804f01545b36\_90_alu for cells of type $alu.
Using template $paramod$403a3c2fa431a154c52a6a5429d7a6260b5d144f\_90_alu for cells of type $alu.
Using template $paramod$a1bc51c02ce12ac21eb18988e83292af48ed7d72\_90_alu for cells of type $alu.
Using template $paramod$d7c91f8d4ce389beb1bd34b271e05fae2549a2a8\_90_alu for cells of type $alu.
Using template $paramod$c3cd1564c35d873179656addd6052d7ea8b6d991\_90_alu for cells of type $alu.
Using template $paramod$91f82ead1edc61e0a1452110f15ef747116b421b\_90_alu for cells of type $alu.
Using template $paramod$0a77e3c00010cb33e399decd813a7380c6e25cba\_90_alu for cells of type $alu.
Using extmapper maccmap for cells of type $macc_v2.
  add \u_ctrl.m_rows_r (32 bits, unsigned)
  add 6 (32 bits, unsigned)
Using extmapper simplemap for cells of type $ne.
Using extmapper simplemap for cells of type $sdffe.
Using extmapper simplemap for cells of type $sdff.
Using extmapper simplemap for cells of type $reduce_bool.
Using extmapper simplemap for cells of type $logic_not.
Using extmapper simplemap for cells of type $dff.
Using extmapper simplemap for cells of type $logic_and.
Using template $paramod$constmap:2685cdbf4788c536d825ff45698cb0d02b02856c$paramod$5233e549d56548f27fe971d6e46c609851dfaf89\_90_shift_shiftx for cells of type $shift.
Using template $paramod$constmap:c2fb97d7eda28792921051ad639841b69ffcc59d$paramod$45e63825cf1d20780fb0d649ac22162989197ce8\_90_shift_shiftx for cells of type $shiftx.
Using extmapper simplemap for cells of type $bwmux.
Using extmapper simplemap for cells of type $pmux.
Using extmapper simplemap for cells of type $pos.
Using template $paramod\_90_fa\WIDTH=32'00000000000000000000000000100000 for cells of type $fa.
Using template $paramod\_90_lcu_brent_kung\WIDTH=32'00000000000000000000000000100000 for cells of type $lcu.
Using extmapper simplemap for cells of type $xor.
Using template $paramod\_90_fa\WIDTH=32'00000000000000000000000000011100 for cells of type $fa.
Using template $paramod\_90_lcu_brent_kung\WIDTH=32'00000000000000000000000000011100 for cells of type $lcu.
Using template $paramod\_90_fa\WIDTH=32'00000000000000000000000000001000 for cells of type $fa.
Using template $paramod\_90_lcu_brent_kung\WIDTH=32'00000000000000000000000000001000 for cells of type $lcu.
Using template $paramod\_90_fa\WIDTH=32'00000000000000000000000000011110 for cells of type $fa.
Using template $paramod\_90_lcu_brent_kung\WIDTH=32'00000000000000000000000000011110 for cells of type $lcu.
Using template $paramod\_90_fa\WIDTH=32'00000000000000000000000000100010 for cells of type $fa.
Using template $paramod\_90_lcu_brent_kung\WIDTH=32'00000000000000000000000000100010 for cells of type $lcu.
No more expansions possible.
<suppressed ~8947 debug messages>

2.21. Executing OPT pass (performing simple optimizations).

2.21.1. Executing OPT_EXPR pass (perform const folding).
Optimizing module axi4_dma_bridge.
<suppressed ~13057 debug messages>

2.21.2. Executing OPT_MERGE pass (detect identical cells).
Finding identical cells in module `\axi4_dma_bridge'.
Computing hashes of 92723 cells of `\axi4_dma_bridge'.
Finding duplicate cells in `\axi4_dma_bridge'.
Computing hashes of 92195 cells of `\axi4_dma_bridge'.
Finding duplicate cells in `\axi4_dma_bridge'.
Computing hashes of 92069 cells of `\axi4_dma_bridge'.
Finding duplicate cells in `\axi4_dma_bridge'.
Computing hashes of 91958 cells of `\axi4_dma_bridge'.
Finding duplicate cells in `\axi4_dma_bridge'.
Computing hashes of 91797 cells of `\axi4_dma_bridge'.
Finding duplicate cells in `\axi4_dma_bridge'.
Computing hashes of 91517 cells of `\axi4_dma_bridge'.
Finding duplicate cells in `\axi4_dma_bridge'.
Computing hashes of 91515 cells of `\axi4_dma_bridge'.
Finding duplicate cells in `\axi4_dma_bridge'.
Computing hashes of 91514 cells of `\axi4_dma_bridge'.
Finding duplicate cells in `\axi4_dma_bridge'.
<suppressed ~3627 debug messages>
Removed a total of 1209 cells.

2.21.3. Executing OPT_DFF pass (perform DFF optimizations).
Adding EN signal on $auto$ff.cc:337:slice$51723 ($_DFFE_PP_) from module axi4_dma_bridge (D = $190y [127], Q = \u_ctrl.weight_buf [127]).
Adding EN signal on $auto$ff.cc:337:slice$51596 ($_DFFE_PP_) from module axi4_dma_bridge (D = $190y [0], Q = \u_ctrl.weight_buf [0]).
Adding EN signal on $auto$ff.cc:337:slice$51597 ($_DFFE_PP_) from module axi4_dma_bridge (D = $190y [1], Q = \u_ctrl.weight_buf [1]).
Adding EN signal on $auto$ff.cc:337:slice$51598 ($_DFFE_PP_) from module axi4_dma_bridge (D = $190y [2], Q = \u_ctrl.weight_buf [2]).
Adding EN signal on $auto$ff.cc:337:slice$51599 ($_DFFE_PP_) from module axi4_dma_bridge (D = $190y [3], Q = \u_ctrl.weight_buf [3]).
Adding EN signal on $auto$ff.cc:337:slice$51600 ($_DFFE_PP_) from module axi4_dma_bridge (D = $190y [4], Q = \u_ctrl.weight_buf [4]).
Adding EN signal on $auto$ff.cc:337:slice$51601 ($_DFFE_PP_) from module axi4_dma_bridge (D = $190y [5], Q = \u_ctrl.weight_buf [5]).
Adding EN signal on $auto$ff.cc:337:slice$51602 ($_DFFE_PP_) from module axi4_dma_bridge (D = $190y [6], Q = \u_ctrl.weight_buf [6]).
Adding EN signal on $auto$ff.cc:337:slice$51603 ($_DFFE_PP_) from module axi4_dma_bridge (D = $190y [7], Q = \u_ctrl.weight_buf [7]).
Adding EN signal on $auto$ff.cc:337:slice$51604 ($_DFFE_PP_) from module axi4_dma_bridge (D = $190y [8], Q = \u_ctrl.weight_buf [8]).
Adding EN signal on $auto$ff.cc:337:slice$51605 ($_DFFE_PP_) from module axi4_dma_bridge (D = $190y [9], Q = \u_ctrl.weight_buf [9]).
Adding EN signal on $auto$ff.cc:337:slice$51606 ($_DFFE_PP_) from module axi4_dma_bridge (D = $190y [10], Q = \u_ctrl.weight_buf [10]).
Adding EN signal on $auto$ff.cc:337:slice$51607 ($_DFFE_PP_) from module axi4_dma_bridge (D = $190y [11], Q = \u_ctrl.weight_buf [11]).
Adding EN signal on $auto$ff.cc:337:slice$51608 ($_DFFE_PP_) from module axi4_dma_bridge (D = $190y [12], Q = \u_ctrl.weight_buf [12]).
Adding EN signal on $auto$ff.cc:337:slice$51609 ($_DFFE_PP_) from module axi4_dma_bridge (D = $190y [13], Q = \u_ctrl.weight_buf [13]).
Adding EN signal on $auto$ff.cc:337:slice$51610 ($_DFFE_PP_) from module axi4_dma_bridge (D = $190y [14], Q = \u_ctrl.weight_buf [14]).
Adding EN signal on $auto$ff.cc:337:slice$51611 ($_DFFE_PP_) from module axi4_dma_bridge (D = $190y [15], Q = \u_ctrl.weight_buf [15]).
Adding EN signal on $auto$ff.cc:337:slice$51612 ($_DFFE_PP_) from module axi4_dma_bridge (D = $190y [16], Q = \u_ctrl.weight_buf [16]).
Adding EN signal on $auto$ff.cc:337:slice$51613 ($_DFFE_PP_) from module axi4_dma_bridge (D = $190y [17], Q = \u_ctrl.weight_buf [17]).
Adding EN signal on $auto$ff.cc:337:slice$51614 ($_DFFE_PP_) from module axi4_dma_bridge (D = $190y [18], Q = \u_ctrl.weight_buf [18]).
Adding EN signal on $auto$ff.cc:337:slice$51615 ($_DFFE_PP_) from module axi4_dma_bridge (D = $190y [19], Q = \u_ctrl.weight_buf [19]).
Adding EN signal on $auto$ff.cc:337:slice$51616 ($_DFFE_PP_) from module axi4_dma_bridge (D = $190y [20], Q = \u_ctrl.weight_buf [20]).
Adding EN signal on $auto$ff.cc:337:slice$51617 ($_DFFE_PP_) from module axi4_dma_bridge (D = $190y [21], Q = \u_ctrl.weight_buf [21]).
Adding EN signal on $auto$ff.cc:337:slice$51618 ($_DFFE_PP_) from module axi4_dma_bridge (D = $190y [22], Q = \u_ctrl.weight_buf [22]).
Adding EN signal on $auto$ff.cc:337:slice$51619 ($_DFFE_PP_) from module axi4_dma_bridge (D = $190y [23], Q = \u_ctrl.weight_buf [23]).
Adding EN signal on $auto$ff.cc:337:slice$51620 ($_DFFE_PP_) from module axi4_dma_bridge (D = $190y [24], Q = \u_ctrl.weight_buf [24]).
Adding EN signal on $auto$ff.cc:337:slice$51621 ($_DFFE_PP_) from module axi4_dma_bridge (D = $190y [25], Q = \u_ctrl.weight_buf [25]).
Adding EN signal on $auto$ff.cc:337:slice$51622 ($_DFFE_PP_) from module axi4_dma_bridge (D = $190y [26], Q = \u_ctrl.weight_buf [26]).
Adding EN signal on $auto$ff.cc:337:slice$51623 ($_DFFE_PP_) from module axi4_dma_bridge (D = $190y [27], Q = \u_ctrl.weight_buf [27]).
Adding EN signal on $auto$ff.cc:337:slice$51624 ($_DFFE_PP_) from module axi4_dma_bridge (D = $190y [28], Q = \u_ctrl.weight_buf [28]).
Adding EN signal on $auto$ff.cc:337:slice$51625 ($_DFFE_PP_) from module axi4_dma_bridge (D = $190y [29], Q = \u_ctrl.weight_buf [29]).
Adding EN signal on $auto$ff.cc:337:slice$51626 ($_DFFE_PP_) from module axi4_dma_bridge (D = $190y [30], Q = \u_ctrl.weight_buf [30]).
Adding EN signal on $auto$ff.cc:337:slice$51627 ($_DFFE_PP_) from module axi4_dma_bridge (D = $190y [31], Q = \u_ctrl.weight_buf [31]).
Adding EN signal on $auto$ff.cc:337:slice$51628 ($_DFFE_PP_) from module axi4_dma_bridge (D = $190y [32], Q = \u_ctrl.weight_buf [32]).
Adding EN signal on $auto$ff.cc:337:slice$51629 ($_DFFE_PP_) from module axi4_dma_bridge (D = $190y [33], Q = \u_ctrl.weight_buf [33]).
Adding EN signal on $auto$ff.cc:337:slice$51630 ($_DFFE_PP_) from module axi4_dma_bridge (D = $190y [34], Q = \u_ctrl.weight_buf [34]).
Adding EN signal on $auto$ff.cc:337:slice$51631 ($_DFFE_PP_) from module axi4_dma_bridge (D = $190y [35], Q = \u_ctrl.weight_buf [35]).
Adding EN signal on $auto$ff.cc:337:slice$51632 ($_DFFE_PP_) from module axi4_dma_bridge (D = $190y [36], Q = \u_ctrl.weight_buf [36]).
Adding EN signal on $auto$ff.cc:337:slice$51633 ($_DFFE_PP_) from module axi4_dma_bridge (D = $190y [37], Q = \u_ctrl.weight_buf [37]).
Adding EN signal on $auto$ff.cc:337:slice$51634 ($_DFFE_PP_) from module axi4_dma_bridge (D = $190y [38], Q = \u_ctrl.weight_buf [38]).
Adding EN signal on $auto$ff.cc:337:slice$51635 ($_DFFE_PP_) from module axi4_dma_bridge (D = $190y [39], Q = \u_ctrl.weight_buf [39]).
Adding EN signal on $auto$ff.cc:337:slice$51636 ($_DFFE_PP_) from module axi4_dma_bridge (D = $190y [40], Q = \u_ctrl.weight_buf [40]).
Adding EN signal on $auto$ff.cc:337:slice$51637 ($_DFFE_PP_) from module axi4_dma_bridge (D = $190y [41], Q = \u_ctrl.weight_buf [41]).
Adding EN signal on $auto$ff.cc:337:slice$51638 ($_DFFE_PP_) from module axi4_dma_bridge (D = $190y [42], Q = \u_ctrl.weight_buf [42]).
Adding EN signal on $auto$ff.cc:337:slice$51639 ($_DFFE_PP_) from module axi4_dma_bridge (D = $190y [43], Q = \u_ctrl.weight_buf [43]).
Adding EN signal on $auto$ff.cc:337:slice$51640 ($_DFFE_PP_) from module axi4_dma_bridge (D = $190y [44], Q = \u_ctrl.weight_buf [44]).
Adding EN signal on $auto$ff.cc:337:slice$51641 ($_DFFE_PP_) from module axi4_dma_bridge (D = $190y [45], Q = \u_ctrl.weight_buf [45]).
Adding EN signal on $auto$ff.cc:337:slice$51642 ($_DFFE_PP_) from module axi4_dma_bridge (D = $190y [46], Q = \u_ctrl.weight_buf [46]).
Adding EN signal on $auto$ff.cc:337:slice$51643 ($_DFFE_PP_) from module axi4_dma_bridge (D = $190y [47], Q = \u_ctrl.weight_buf [47]).
Adding EN signal on $auto$ff.cc:337:slice$51644 ($_DFFE_PP_) from module axi4_dma_bridge (D = $190y [48], Q = \u_ctrl.weight_buf [48]).
Adding EN signal on $auto$ff.cc:337:slice$51645 ($_DFFE_PP_) from module axi4_dma_bridge (D = $190y [49], Q = \u_ctrl.weight_buf [49]).
Adding EN signal on $auto$ff.cc:337:slice$51646 ($_DFFE_PP_) from module axi4_dma_bridge (D = $190y [50], Q = \u_ctrl.weight_buf [50]).
Adding EN signal on $auto$ff.cc:337:slice$51647 ($_DFFE_PP_) from module axi4_dma_bridge (D = $190y [51], Q = \u_ctrl.weight_buf [51]).
Adding EN signal on $auto$ff.cc:337:slice$51648 ($_DFFE_PP_) from module axi4_dma_bridge (D = $190y [52], Q = \u_ctrl.weight_buf [52]).
Adding EN signal on $auto$ff.cc:337:slice$51649 ($_DFFE_PP_) from module axi4_dma_bridge (D = $190y [53], Q = \u_ctrl.weight_buf [53]).
Adding EN signal on $auto$ff.cc:337:slice$51650 ($_DFFE_PP_) from module axi4_dma_bridge (D = $190y [54], Q = \u_ctrl.weight_buf [54]).
Adding EN signal on $auto$ff.cc:337:slice$51651 ($_DFFE_PP_) from module axi4_dma_bridge (D = $190y [55], Q = \u_ctrl.weight_buf [55]).
Adding EN signal on $auto$ff.cc:337:slice$51652 ($_DFFE_PP_) from module axi4_dma_bridge (D = $190y [56], Q = \u_ctrl.weight_buf [56]).
Adding EN signal on $auto$ff.cc:337:slice$51653 ($_DFFE_PP_) from module axi4_dma_bridge (D = $190y [57], Q = \u_ctrl.weight_buf [57]).
Adding EN signal on $auto$ff.cc:337:slice$51654 ($_DFFE_PP_) from module axi4_dma_bridge (D = $190y [58], Q = \u_ctrl.weight_buf [58]).
Adding EN signal on $auto$ff.cc:337:slice$51655 ($_DFFE_PP_) from module axi4_dma_bridge (D = $190y [59], Q = \u_ctrl.weight_buf [59]).
Adding EN signal on $auto$ff.cc:337:slice$51656 ($_DFFE_PP_) from module axi4_dma_bridge (D = $190y [60], Q = \u_ctrl.weight_buf [60]).
Adding EN signal on $auto$ff.cc:337:slice$51657 ($_DFFE_PP_) from module axi4_dma_bridge (D = $190y [61], Q = \u_ctrl.weight_buf [61]).
Adding EN signal on $auto$ff.cc:337:slice$51658 ($_DFFE_PP_) from module axi4_dma_bridge (D = $190y [62], Q = \u_ctrl.weight_buf [62]).
Adding EN signal on $auto$ff.cc:337:slice$51659 ($_DFFE_PP_) from module axi4_dma_bridge (D = $190y [63], Q = \u_ctrl.weight_buf [63]).
Adding EN signal on $auto$ff.cc:337:slice$51660 ($_DFFE_PP_) from module axi4_dma_bridge (D = $190y [64], Q = \u_ctrl.weight_buf [64]).
Adding EN signal on $auto$ff.cc:337:slice$51661 ($_DFFE_PP_) from module axi4_dma_bridge (D = $190y [65], Q = \u_ctrl.weight_buf [65]).
Adding EN signal on $auto$ff.cc:337:slice$51662 ($_DFFE_PP_) from module axi4_dma_bridge (D = $190y [66], Q = \u_ctrl.weight_buf [66]).
Adding EN signal on $auto$ff.cc:337:slice$51663 ($_DFFE_PP_) from module axi4_dma_bridge (D = $190y [67], Q = \u_ctrl.weight_buf [67]).
Adding EN signal on $auto$ff.cc:337:slice$51664 ($_DFFE_PP_) from module axi4_dma_bridge (D = $190y [68], Q = \u_ctrl.weight_buf [68]).
Adding EN signal on $auto$ff.cc:337:slice$51665 ($_DFFE_PP_) from module axi4_dma_bridge (D = $190y [69], Q = \u_ctrl.weight_buf [69]).
Adding EN signal on $auto$ff.cc:337:slice$51666 ($_DFFE_PP_) from module axi4_dma_bridge (D = $190y [70], Q = \u_ctrl.weight_buf [70]).
Adding EN signal on $auto$ff.cc:337:slice$51667 ($_DFFE_PP_) from module axi4_dma_bridge (D = $190y [71], Q = \u_ctrl.weight_buf [71]).
Adding EN signal on $auto$ff.cc:337:slice$51668 ($_DFFE_PP_) from module axi4_dma_bridge (D = $190y [72], Q = \u_ctrl.weight_buf [72]).
Adding EN signal on $auto$ff.cc:337:slice$51669 ($_DFFE_PP_) from module axi4_dma_bridge (D = $190y [73], Q = \u_ctrl.weight_buf [73]).
Adding EN signal on $auto$ff.cc:337:slice$51670 ($_DFFE_PP_) from module axi4_dma_bridge (D = $190y [74], Q = \u_ctrl.weight_buf [74]).
Adding EN signal on $auto$ff.cc:337:slice$51671 ($_DFFE_PP_) from module axi4_dma_bridge (D = $190y [75], Q = \u_ctrl.weight_buf [75]).
Adding EN signal on $auto$ff.cc:337:slice$51672 ($_DFFE_PP_) from module axi4_dma_bridge (D = $190y [76], Q = \u_ctrl.weight_buf [76]).
Adding EN signal on $auto$ff.cc:337:slice$51673 ($_DFFE_PP_) from module axi4_dma_bridge (D = $190y [77], Q = \u_ctrl.weight_buf [77]).
Adding EN signal on $auto$ff.cc:337:slice$51674 ($_DFFE_PP_) from module axi4_dma_bridge (D = $190y [78], Q = \u_ctrl.weight_buf [78]).
Adding EN signal on $auto$ff.cc:337:slice$51675 ($_DFFE_PP_) from module axi4_dma_bridge (D = $190y [79], Q = \u_ctrl.weight_buf [79]).
Adding EN signal on $auto$ff.cc:337:slice$51676 ($_DFFE_PP_) from module axi4_dma_bridge (D = $190y [80], Q = \u_ctrl.weight_buf [80]).
Adding EN signal on $auto$ff.cc:337:slice$51677 ($_DFFE_PP_) from module axi4_dma_bridge (D = $190y [81], Q = \u_ctrl.weight_buf [81]).
Adding EN signal on $auto$ff.cc:337:slice$51678 ($_DFFE_PP_) from module axi4_dma_bridge (D = $190y [82], Q = \u_ctrl.weight_buf [82]).
Adding EN signal on $auto$ff.cc:337:slice$51679 ($_DFFE_PP_) from module axi4_dma_bridge (D = $190y [83], Q = \u_ctrl.weight_buf [83]).
Adding EN signal on $auto$ff.cc:337:slice$51680 ($_DFFE_PP_) from module axi4_dma_bridge (D = $190y [84], Q = \u_ctrl.weight_buf [84]).
Adding EN signal on $auto$ff.cc:337:slice$51681 ($_DFFE_PP_) from module axi4_dma_bridge (D = $190y [85], Q = \u_ctrl.weight_buf [85]).
Adding EN signal on $auto$ff.cc:337:slice$51682 ($_DFFE_PP_) from module axi4_dma_bridge (D = $190y [86], Q = \u_ctrl.weight_buf [86]).
Adding EN signal on $auto$ff.cc:337:slice$51683 ($_DFFE_PP_) from module axi4_dma_bridge (D = $190y [87], Q = \u_ctrl.weight_buf [87]).
Adding EN signal on $auto$ff.cc:337:slice$51684 ($_DFFE_PP_) from module axi4_dma_bridge (D = $190y [88], Q = \u_ctrl.weight_buf [88]).
Adding EN signal on $auto$ff.cc:337:slice$51685 ($_DFFE_PP_) from module axi4_dma_bridge (D = $190y [89], Q = \u_ctrl.weight_buf [89]).
Adding EN signal on $auto$ff.cc:337:slice$51686 ($_DFFE_PP_) from module axi4_dma_bridge (D = $190y [90], Q = \u_ctrl.weight_buf [90]).
Adding EN signal on $auto$ff.cc:337:slice$51687 ($_DFFE_PP_) from module axi4_dma_bridge (D = $190y [91], Q = \u_ctrl.weight_buf [91]).
Adding EN signal on $auto$ff.cc:337:slice$51688 ($_DFFE_PP_) from module axi4_dma_bridge (D = $190y [92], Q = \u_ctrl.weight_buf [92]).
Adding EN signal on $auto$ff.cc:337:slice$51689 ($_DFFE_PP_) from module axi4_dma_bridge (D = $190y [93], Q = \u_ctrl.weight_buf [93]).
Adding EN signal on $auto$ff.cc:337:slice$51690 ($_DFFE_PP_) from module axi4_dma_bridge (D = $190y [94], Q = \u_ctrl.weight_buf [94]).
Adding EN signal on $auto$ff.cc:337:slice$51691 ($_DFFE_PP_) from module axi4_dma_bridge (D = $190y [95], Q = \u_ctrl.weight_buf [95]).
Adding EN signal on $auto$ff.cc:337:slice$51692 ($_DFFE_PP_) from module axi4_dma_bridge (D = $190y [96], Q = \u_ctrl.weight_buf [96]).
Adding EN signal on $auto$ff.cc:337:slice$51693 ($_DFFE_PP_) from module axi4_dma_bridge (D = $190y [97], Q = \u_ctrl.weight_buf [97]).
Adding EN signal on $auto$ff.cc:337:slice$51694 ($_DFFE_PP_) from module axi4_dma_bridge (D = $190y [98], Q = \u_ctrl.weight_buf [98]).
Adding EN signal on $auto$ff.cc:337:slice$51695 ($_DFFE_PP_) from module axi4_dma_bridge (D = $190y [99], Q = \u_ctrl.weight_buf [99]).
Adding EN signal on $auto$ff.cc:337:slice$51696 ($_DFFE_PP_) from module axi4_dma_bridge (D = $190y [100], Q = \u_ctrl.weight_buf [100]).
Adding EN signal on $auto$ff.cc:337:slice$51697 ($_DFFE_PP_) from module axi4_dma_bridge (D = $190y [101], Q = \u_ctrl.weight_buf [101]).
Adding EN signal on $auto$ff.cc:337:slice$51698 ($_DFFE_PP_) from module axi4_dma_bridge (D = $190y [102], Q = \u_ctrl.weight_buf [102]).
Adding EN signal on $auto$ff.cc:337:slice$51699 ($_DFFE_PP_) from module axi4_dma_bridge (D = $190y [103], Q = \u_ctrl.weight_buf [103]).
Adding EN signal on $auto$ff.cc:337:slice$51700 ($_DFFE_PP_) from module axi4_dma_bridge (D = $190y [104], Q = \u_ctrl.weight_buf [104]).
Adding EN signal on $auto$ff.cc:337:slice$51701 ($_DFFE_PP_) from module axi4_dma_bridge (D = $190y [105], Q = \u_ctrl.weight_buf [105]).
Adding EN signal on $auto$ff.cc:337:slice$51702 ($_DFFE_PP_) from module axi4_dma_bridge (D = $190y [106], Q = \u_ctrl.weight_buf [106]).
Adding EN signal on $auto$ff.cc:337:slice$51703 ($_DFFE_PP_) from module axi4_dma_bridge (D = $190y [107], Q = \u_ctrl.weight_buf [107]).
Adding EN signal on $auto$ff.cc:337:slice$51704 ($_DFFE_PP_) from module axi4_dma_bridge (D = $190y [108], Q = \u_ctrl.weight_buf [108]).
Adding EN signal on $auto$ff.cc:337:slice$51705 ($_DFFE_PP_) from module axi4_dma_bridge (D = $190y [109], Q = \u_ctrl.weight_buf [109]).
Adding EN signal on $auto$ff.cc:337:slice$51706 ($_DFFE_PP_) from module axi4_dma_bridge (D = $190y [110], Q = \u_ctrl.weight_buf [110]).
Adding EN signal on $auto$ff.cc:337:slice$51707 ($_DFFE_PP_) from module axi4_dma_bridge (D = $190y [111], Q = \u_ctrl.weight_buf [111]).
Adding EN signal on $auto$ff.cc:337:slice$51708 ($_DFFE_PP_) from module axi4_dma_bridge (D = $190y [112], Q = \u_ctrl.weight_buf [112]).
Adding EN signal on $auto$ff.cc:337:slice$51709 ($_DFFE_PP_) from module axi4_dma_bridge (D = $190y [113], Q = \u_ctrl.weight_buf [113]).
Adding EN signal on $auto$ff.cc:337:slice$51710 ($_DFFE_PP_) from module axi4_dma_bridge (D = $190y [114], Q = \u_ctrl.weight_buf [114]).
Adding EN signal on $auto$ff.cc:337:slice$51711 ($_DFFE_PP_) from module axi4_dma_bridge (D = $190y [115], Q = \u_ctrl.weight_buf [115]).
Adding EN signal on $auto$ff.cc:337:slice$51712 ($_DFFE_PP_) from module axi4_dma_bridge (D = $190y [116], Q = \u_ctrl.weight_buf [116]).
Adding EN signal on $auto$ff.cc:337:slice$51713 ($_DFFE_PP_) from module axi4_dma_bridge (D = $190y [117], Q = \u_ctrl.weight_buf [117]).
Adding EN signal on $auto$ff.cc:337:slice$51714 ($_DFFE_PP_) from module axi4_dma_bridge (D = $190y [118], Q = \u_ctrl.weight_buf [118]).
Adding EN signal on $auto$ff.cc:337:slice$51715 ($_DFFE_PP_) from module axi4_dma_bridge (D = $190y [119], Q = \u_ctrl.weight_buf [119]).
Adding EN signal on $auto$ff.cc:337:slice$51716 ($_DFFE_PP_) from module axi4_dma_bridge (D = $190y [120], Q = \u_ctrl.weight_buf [120]).
Adding EN signal on $auto$ff.cc:337:slice$51717 ($_DFFE_PP_) from module axi4_dma_bridge (D = $190y [121], Q = \u_ctrl.weight_buf [121]).
Adding EN signal on $auto$ff.cc:337:slice$51718 ($_DFFE_PP_) from module axi4_dma_bridge (D = $190y [122], Q = \u_ctrl.weight_buf [122]).
Adding EN signal on $auto$ff.cc:337:slice$51719 ($_DFFE_PP_) from module axi4_dma_bridge (D = $190y [123], Q = \u_ctrl.weight_buf [123]).
Adding EN signal on $auto$ff.cc:337:slice$51720 ($_DFFE_PP_) from module axi4_dma_bridge (D = $190y [124], Q = \u_ctrl.weight_buf [124]).
Adding EN signal on $auto$ff.cc:337:slice$51721 ($_DFFE_PP_) from module axi4_dma_bridge (D = $190y [125], Q = \u_ctrl.weight_buf [125]).
Adding EN signal on $auto$ff.cc:337:slice$51722 ($_DFFE_PP_) from module axi4_dma_bridge (D = $190y [126], Q = \u_ctrl.weight_buf [126]).

2.21.4. Executing OPT_CLEAN pass (remove unused cells and wires).
Finding unused cells or wires in module \axi4_dma_bridge..
Removed 1411 unused cells and 3610 unused wires.
<suppressed ~1412 debug messages>

2.21.5. Rerunning OPT passes. (Removed registers in this run.)

2.21.6. Executing OPT_EXPR pass (perform const folding).
Optimizing module axi4_dma_bridge.

2.21.7. Executing OPT_MERGE pass (detect identical cells).
Finding identical cells in module `\axi4_dma_bridge'.
Computing hashes of 90231 cells of `\axi4_dma_bridge'.
Finding duplicate cells in `\axi4_dma_bridge'.
Computing hashes of 90107 cells of `\axi4_dma_bridge'.
Finding duplicate cells in `\axi4_dma_bridge'.
<suppressed ~372 debug messages>
Removed a total of 124 cells.

2.21.8. Executing OPT_DFF pass (perform DFF optimizations).

2.21.9. Executing OPT_CLEAN pass (remove unused cells and wires).
Finding unused cells or wires in module \axi4_dma_bridge..
Removed 0 unused cells and 124 unused wires.
<suppressed ~1 debug messages>

2.21.10. Finished fast OPT passes.

2.22. Executing ABC pass (technology mapping using ABC).

2.22.1. Extracting gate netlist of module `\axi4_dma_bridge' to `<abc-temp-dir>/input.blif'..
Replacing 416 occurrences of constant undef bits with constant zero bits

2.22.1.1. Executed ABC.
Extracted 47955 gates and 89567 wires to a netlist network with 41609 inputs and 1338 outputs.
Running ABC script: <abc-temp-dir>/abc.script
ABC: UC Berkeley, ABC 1.01 (compiled Sep 12 2026 05:01:00)
ABC: abc 01> empty
ABC: abc 01> source <abc-temp-dir>/abc.script
ABC: + read_blif <abc-temp-dir>/input.blif 
ABC: + read_library <abc-temp-dir>/stdcells.genlib 
ABC: + strash 
ABC: + &get -n 
ABC: + &fraig -x 
ABC: + &put 
ABC: + scorr 
ABC: Warning: The network is combinational (run "fraig" or "fraig_sweep").
ABC: + dc2 
ABC: + dretime 
ABC: + strash 
ABC: + &get -n 
ABC: + &dch -f 
ABC: + &nf 
ABC: + &put 
ABC: + write_blif <abc-temp-dir>/output.blif 
ABC: 
ABC: YOSYS_ABC_DONE 

2.22.1.2. Re-integrating ABC results.
ABC RESULTS:               AND cells:    15700
ABC RESULTS:            ANDNOT cells:     3832
ABC RESULTS:               MUX cells:    20750
ABC RESULTS:              NAND cells:    26416
ABC RESULTS:               NOR cells:      279
ABC RESULTS:               NOT cells:       82
ABC RESULTS:                OR cells:     7980
ABC RESULTS:             ORNOT cells:     8125
ABC RESULTS:              XNOR cells:      290
ABC RESULTS:               XOR cells:      311
ABC RESULTS:              ZERO cells:        3
ABC RESULTS:        internal signals:    46620
ABC RESULTS:           input signals:    41609
ABC RESULTS:          output signals:     1338
Removing temp directory.
Removing global temp directory.

2.23. Executing OPT pass (performing simple optimizations).

2.23.1. Executing OPT_EXPR pass (perform const folding).
Optimizing module axi4_dma_bridge.
<suppressed ~408 debug messages>

2.23.2. Executing OPT_MERGE pass (detect identical cells).
Finding identical cells in module `\axi4_dma_bridge'.
Computing hashes of 125917 cells of `\axi4_dma_bridge'.
Finding duplicate cells in `\axi4_dma_bridge'.
Computing hashes of 125908 cells of `\axi4_dma_bridge'.
Finding duplicate cells in `\axi4_dma_bridge'.
Computing hashes of 125900 cells of `\axi4_dma_bridge'.
Finding duplicate cells in `\axi4_dma_bridge'.
<suppressed ~51 debug messages>
Removed a total of 17 cells.

2.23.3. Executing OPT_DFF pass (perform DFF optimizations).
Setting constant 0-bit at position 0 on $auto$ff.cc:337:slice$50826 ($_DFFE_PP_) from module axi4_dma_bridge.

2.23.4. Executing OPT_CLEAN pass (remove unused cells and wires).
Finding unused cells or wires in module \axi4_dma_bridge..
Removed 387 unused cells and 46224 unused wires.
<suppressed ~390 debug messages>

2.23.5. Rerunning OPT passes. (Removed registers in this run.)

2.23.6. Executing OPT_EXPR pass (perform const folding).
Optimizing module axi4_dma_bridge.
<suppressed ~9 debug messages>

2.23.7. Executing OPT_MERGE pass (detect identical cells).
Finding identical cells in module `\axi4_dma_bridge'.
Computing hashes of 125506 cells of `\axi4_dma_bridge'.
Finding duplicate cells in `\axi4_dma_bridge'.
Removed a total of 0 cells.

2.23.8. Executing OPT_DFF pass (perform DFF optimizations).

2.23.9. Executing OPT_CLEAN pass (remove unused cells and wires).
Finding unused cells or wires in module \axi4_dma_bridge..
Removed 0 unused cells and 9 unused wires.
<suppressed ~1 debug messages>

2.23.10. Finished fast OPT passes.

2.24. Executing HIERARCHY pass (managing design hierarchy).
Attribute `top' found on module `axi4_dma_bridge'. Setting top module to axi4_dma_bridge.

2.24.1. Analyzing design hierarchy..
Top module:  \axi4_dma_bridge

2.24.2. Analyzing design hierarchy..
Top module:  \axi4_dma_bridge
Removed 0 unused modules.

2.25. Printing statistics.

=== axi4_dma_bridge ===

        +----------Local Count, excluding submodules.
        | 
    83585 wires
   127424 wire bits
      614 public wires
    43780 public wire bits
       42 ports
      720 port bits
   125506 cells
     3831   $_ANDNOT_
    15559   $_AND_
    41455   $_DFFE_PP_
       14   $_DFF_P_
    20746   $_MUX_
    26408   $_NAND_
      232   $_NOR_
       80   $_NOT_
     8125   $_ORNOT_
     7976   $_OR_
      248   $_SDFFCE_PN0P_
      260   $_SDFFE_PP0P_
       68   $_SDFF_PP0_
      283   $_XNOR_
      221   $_XOR_

2.26. Executing CHECK pass (checking for obvious problems).
Checking module axi4_dma_bridge...
Found and reported 0 problems.

3. Executing DFFLIBMAP pass (mapping DFF/DLATCH cells to sequential cells from liberty file).
  cell sg13g2_dfrbpq_1 (noninv, pins=4, area=48.99) is a direct match for cell type $_DFF_PN0_.
  cell sg13g2_dlhq_1 (noninv, pins=3, area=30.84) is a direct match for cell type $_DLATCH_P_.
  cell sg13g2_dllrq_1 (noninv, pins=4, area=29.03) is a direct match for cell type $_DLATCH_NN0_.
  cell sg13g2_dlhrq_1 (noninv, pins=4, area=27.22) is a direct match for cell type $_DLATCH_PN0_.
  final dff/dlatch cell mappings:
    unmapped dff/dlatch cell: $_DFF_N_
    unmapped dff/dlatch cell: $_DFF_P_
    unmapped dff/dlatch cell: $_DFF_NN0_
    unmapped dff/dlatch cell: $_DFF_NN1_
    unmapped dff/dlatch cell: $_DFF_NP0_
    unmapped dff/dlatch cell: $_DFF_NP1_
    \sg13g2_dfrbpq_1 _DFF_PN0_ (.CLK( C), .D( D), .Q( Q), .RESET_B( R));
    unmapped dff/dlatch cell: $_DFF_PN1_
    unmapped dff/dlatch cell: $_DFF_PP0_
    unmapped dff/dlatch cell: $_DFF_PP1_
    unmapped dff/dlatch cell: $_DFFE_NN_
    unmapped dff/dlatch cell: $_DFFE_NP_
    unmapped dff/dlatch cell: $_DFFE_PN_
    unmapped dff/dlatch cell: $_DFFE_PP_
    unmapped dff/dlatch cell: $_DFFSR_NNN_
    unmapped dff/dlatch cell: $_DFFSR_NNP_
    unmapped dff/dlatch cell: $_DFFSR_NPN_
    unmapped dff/dlatch cell: $_DFFSR_NPP_
    unmapped dff/dlatch cell: $_DFFSR_PNN_
    unmapped dff/dlatch cell: $_DFFSR_PNP_
    unmapped dff/dlatch cell: $_DFFSR_PPN_
    unmapped dff/dlatch cell: $_DFFSR_PPP_
    unmapped dff/dlatch cell: $_DLATCH_N_
    \sg13g2_dlhq_1 _DLATCH_P_ (.D( D), .GATE( E), .Q( Q));
    \sg13g2_dllrq_1 _DLATCH_NN0_ (.D( D), .GATE_N( E), .Q( Q), .RESET_B( R));
    unmapped dff/dlatch cell: $_DLATCH_NN1_
    unmapped dff/dlatch cell: $_DLATCH_NP0_
    unmapped dff/dlatch cell: $_DLATCH_NP1_
    \sg13g2_dlhrq_1 _DLATCH_PN0_ (.D( D), .GATE( E), .Q( Q), .RESET_B( R));
    unmapped dff/dlatch cell: $_DLATCH_PN1_
    unmapped dff/dlatch cell: $_DLATCH_PP0_
    unmapped dff/dlatch cell: $_DLATCH_PP1_
    unmapped dff/dlatch cell: $_DLATCHSR_NNN_
    unmapped dff/dlatch cell: $_DLATCHSR_NNP_
    unmapped dff/dlatch cell: $_DLATCHSR_NPN_
    unmapped dff/dlatch cell: $_DLATCHSR_NPP_
    unmapped dff/dlatch cell: $_DLATCHSR_PNN_
    unmapped dff/dlatch cell: $_DLATCHSR_PNP_
    unmapped dff/dlatch cell: $_DLATCHSR_PPN_
    unmapped dff/dlatch cell: $_DLATCHSR_PPP_

3.1. Executing DFFLEGALIZE pass (convert FFs and LATCHes to types supported by the target).
<suppressed ~4 debug messages>
Mapping DFF/DLATCH cells in module `\axi4_dma_bridge':
  mapped 42045 $_DFF_PN0_ cells to \sg13g2_dfrbpq_1 cells.

4. Executing ABC pass (technology mapping using ABC).

4.1. Extracting gate netlist of module `\axi4_dma_bridge' to `<abc-temp-dir>/input.blif'..
ABC: using cached merged SCL: /tmp/yosys-liberty-scl-cache-1000/yosys_merged_0a0e92c0.scl (1 files)

4.1.1. Executed ABC.
Extracted 126000 gates and 168341 wires to a netlist network with 42340 inputs and 42054 outputs.
Running ABC script: <abc-temp-dir>/abc.script
ABC: UC Berkeley, ABC 1.01 (compiled Sep 12 2026 05:01:00)
ABC: abc 01> empty
ABC: abc 01> source <abc-temp-dir>/abc.script
ABC: + read_blif <abc-temp-dir>/input.blif 
ABC: + read_scl /tmp/yosys-liberty-scl-cache-1000/yosys_merged_0a0e92c0.scl 
ABC: + strash 
ABC: + &get -n 
ABC: + &fraig -x 
ABC: + &put 
ABC: + scorr 
ABC: Warning: The network is combinational (run "fraig" or "fraig_sweep").
ABC: + dc2 
ABC: + dretime 
ABC: + retime -o -D 3000 
ABC: + strash 
ABC: + &get -n 
ABC: + &dch -f 
ABC: + &nf -D 3000 
ABC: + &put 
ABC: + write_blif <abc-temp-dir>/output.blif 
ABC: 
ABC: YOSYS_ABC_DONE 

4.1.2. Re-integrating ABC results.
ABC RESULTS:     sg13g2_a21o_1 cells:      309
ABC RESULTS:    sg13g2_a21oi_1 cells:    10223
ABC RESULTS:   sg13g2_a221oi_1 cells:     3799
ABC RESULTS:    sg13g2_a22oi_1 cells:     1481
ABC RESULTS:     sg13g2_and2_1 cells:      404
ABC RESULTS:     sg13g2_and3_1 cells:       42
ABC RESULTS:     sg13g2_and4_1 cells:       18
ABC RESULTS:      sg13g2_inv_1 cells:     2421
ABC RESULTS:     sg13g2_mux2_1 cells:    40768
ABC RESULTS:     sg13g2_mux4_1 cells:     6216
ABC RESULTS:    sg13g2_nand2_1 cells:     4383
ABC RESULTS:   sg13g2_nand2b_1 cells:      765
ABC RESULTS:    sg13g2_nand3_1 cells:      760
ABC RESULTS:   sg13g2_nand3b_1 cells:       19
ABC RESULTS:    sg13g2_nand4_1 cells:       54
ABC RESULTS:     sg13g2_nor2_1 cells:     4693
ABC RESULTS:    sg13g2_nor2b_1 cells:      367
ABC RESULTS:     sg13g2_nor3_1 cells:     1227
ABC RESULTS:     sg13g2_nor4_1 cells:       61
ABC RESULTS:    sg13g2_o21ai_1 cells:     8164
ABC RESULTS:      sg13g2_or2_1 cells:      141
ABC RESULTS:      sg13g2_or3_1 cells:       67
ABC RESULTS:      sg13g2_or4_1 cells:        6
ABC RESULTS:    sg13g2_xnor2_1 cells:      297
ABC RESULTS:     sg13g2_xor2_1 cells:      100
ABC RESULTS:        internal signals:    83947
ABC RESULTS:           input signals:    42340
ABC RESULTS:          output signals:    42054
Removing temp directory.
Removing global temp directory.
Removed 0 unused cells and 167864 unused wires.

5. Printing statistics.

=== axi4_dma_bridge ===

        +----------Local Count, excluding submodules.
        |        +-Local Area, excluding submodules.
        |        | 
    87385        - wires
   130551        - wire bits
      609        - public wires
    43775        - public wire bits
       42        - ports
      720        - port bits
   128830  3.4E+06 cells
      309 3.92E+03   sg13g2_a21o_1
    10223 9.27E+04   sg13g2_a21oi_1
     3799 5.51E+04   sg13g2_a221oi_1
     1481 1.61E+04   sg13g2_a22oi_1
      404 3.67E+03   sg13g2_and2_1
       42  533.434   sg13g2_and3_1
       18  261.274   sg13g2_and4_1
    42045 2.06E+06   sg13g2_dfrbpq_1
     2421 1.32E+04   sg13g2_inv_1
    40768  7.4E+05   sg13g2_mux2_1
     6216 2.37E+05   sg13g2_mux4_1
     4383 3.18E+04   sg13g2_nand2_1
      765  6940.08   sg13g2_nand2b_1
      760  6894.72   sg13g2_nand3_1
       19  241.315   sg13g2_nand3b_1
       54  587.866   sg13g2_nand4_1
     4693 3.41E+04   sg13g2_nor2_1
      367 3.33E+03   sg13g2_nor2b_1
     1227 1.11E+04   sg13g2_nor3_1
       61   664.07   sg13g2_nor4_1
     8164 7.41E+04   sg13g2_o21ai_1
      141 1.28E+03   sg13g2_or2_1
       67  850.954   sg13g2_or3_1
        6   87.091   sg13g2_or4_1
      297 4.31E+03   sg13g2_xnor2_1
      100  1451.52   sg13g2_xor2_1

   Chip area for module '\axi4_dma_bridge': 3399490.949398
     of which used for sequential elements: 2059734.095999 (60.59%)

6. Executing Verilog backend.

6.1. Executing BMUXMAP pass.

6.2. Executing DEMUXMAP pass.
Dumping module `\axi4_dma_bridge'.

End of script. Logfile hash: 2bb9a04c73, time: 40.52s, user: 10.46s, system: 0.76s, MEM: 469.52 MB peak
Yosys 0.69+24 (git sha1 d0e71cfb7-dirty, Release, Clang /usr/bin/clang++ 21.1.8)
Time spent: 78% 2x abc (34 sec), 6% 28x opt_clean (2 sec), ...
