
 /----------------------------------------------------------------------------\
 |  yosys -- Yosys Open SYnthesis Suite                                       |
 |  Copyright (C) 2012 - 2026  Claire Xenia Wolf <claire@yosyshq.com>         |
 |  Distributed under an ISC-like license, type "license" to see terms        |
 \----------------------------------------------------------------------------/
 Yosys 0.69+24 (git sha1 d0e71cfb7-dirty, Release, Clang /usr/bin/clang++ 21.1.8)
[TCL: yosys -import] Command name collision: found pre-existing command `cd' -> skip.
[TCL: yosys -import] Command name collision: found pre-existing command `eval' -> skip.
[TCL: yosys -import] Command name collision: found pre-existing command `exec' -> skip.
[TCL: yosys -import] Command name collision: found pre-existing command `read' -> skip.
[TCL: yosys -import] Command name collision: found pre-existing command `trace' -> skip.

1. Executing SLANG frontend.
Top level design units:
    top


Build succeeded: 0 errors, 0 warnings

1.1. Executing PROC_CLEAN pass (remove empty switches from decision trees).
Found and cleaned up 1 empty switch in `\top.$4883'.
Found and cleaned up 1 empty switch in `\top.$4880'.
Found and cleaned up 1 empty switch in `\top.$4865'.
Found and cleaned up 1 empty switch in `\top.$4862'.
Found and cleaned up 1 empty switch in `\top.$4847'.
Found and cleaned up 1 empty switch in `\top.$4844'.
Found and cleaned up 1 empty switch in `\top.$4829'.
Found and cleaned up 1 empty switch in `\top.$4826'.
Found and cleaned up 1 empty switch in `\top.$4811'.
Found and cleaned up 1 empty switch in `\top.$4808'.
Found and cleaned up 1 empty switch in `\top.$4793'.
Found and cleaned up 1 empty switch in `\top.$4790'.
Found and cleaned up 1 empty switch in `\top.$4775'.
Found and cleaned up 1 empty switch in `\top.$4772'.
Found and cleaned up 1 empty switch in `\top.$4757'.
Found and cleaned up 1 empty switch in `\top.$4754'.
Found and cleaned up 1 empty switch in `\top.$4739'.
Found and cleaned up 1 empty switch in `\top.$4736'.
Found and cleaned up 1 empty switch in `\top.$4721'.
Found and cleaned up 1 empty switch in `\top.$4718'.
Found and cleaned up 1 empty switch in `\top.$4703'.
Found and cleaned up 1 empty switch in `\top.$4700'.
Found and cleaned up 1 empty switch in `\top.$4685'.
Found and cleaned up 1 empty switch in `\top.$4682'.
Found and cleaned up 1 empty switch in `\top.$4667'.
Found and cleaned up 1 empty switch in `\top.$4664'.
Found and cleaned up 1 empty switch in `\top.$4649'.
Found and cleaned up 1 empty switch in `\top.$4646'.
Found and cleaned up 1 empty switch in `\top.$4631'.
Found and cleaned up 1 empty switch in `\top.$4628'.
Found and cleaned up 1 empty switch in `\top.$4613'.
Found and cleaned up 1 empty switch in `\top.$4610'.
Found and cleaned up 1 empty switch in `\top.$4595'.
Found and cleaned up 1 empty switch in `\top.$4592'.
Found and cleaned up 1 empty switch in `\top.$4577'.
Found and cleaned up 1 empty switch in `\top.$4574'.
Found and cleaned up 1 empty switch in `\top.$4559'.
Found and cleaned up 1 empty switch in `\top.$4556'.
Found and cleaned up 1 empty switch in `\top.$4541'.
Found and cleaned up 1 empty switch in `\top.$4538'.
Found and cleaned up 1 empty switch in `\top.$4523'.
Found and cleaned up 1 empty switch in `\top.$4520'.
Found and cleaned up 1 empty switch in `\top.$4505'.
Found and cleaned up 1 empty switch in `\top.$4502'.
Found and cleaned up 1 empty switch in `\top.$4487'.
Found and cleaned up 1 empty switch in `\top.$4484'.
Found and cleaned up 1 empty switch in `\top.$4469'.
Found and cleaned up 1 empty switch in `\top.$4466'.
Found and cleaned up 1 empty switch in `\top.$4451'.
Found and cleaned up 1 empty switch in `\top.$4448'.
Found and cleaned up 1 empty switch in `\top.$4433'.
Found and cleaned up 1 empty switch in `\top.$4430'.
Found and cleaned up 1 empty switch in `\top.$4415'.
Found and cleaned up 1 empty switch in `\top.$4412'.
Found and cleaned up 1 empty switch in `\top.$4397'.
Found and cleaned up 1 empty switch in `\top.$4394'.
Found and cleaned up 1 empty switch in `\top.$4379'.
Found and cleaned up 1 empty switch in `\top.$4376'.
Found and cleaned up 1 empty switch in `\top.$4361'.
Found and cleaned up 1 empty switch in `\top.$4358'.
Found and cleaned up 1 empty switch in `\top.$4343'.
Found and cleaned up 1 empty switch in `\top.$4340'.
Found and cleaned up 1 empty switch in `\top.$4325'.
Found and cleaned up 1 empty switch in `\top.$4322'.
Found and cleaned up 1 empty switch in `\top.$4307'.
Found and cleaned up 1 empty switch in `\top.$4304'.
Found and cleaned up 1 empty switch in `\top.$4289'.
Found and cleaned up 1 empty switch in `\top.$4286'.
Found and cleaned up 1 empty switch in `\top.$4271'.
Found and cleaned up 1 empty switch in `\top.$4268'.
Found and cleaned up 1 empty switch in `\top.$4253'.
Found and cleaned up 1 empty switch in `\top.$4250'.
Found and cleaned up 1 empty switch in `\top.$4235'.
Found and cleaned up 1 empty switch in `\top.$4232'.
Found and cleaned up 1 empty switch in `\top.$4217'.
Found and cleaned up 1 empty switch in `\top.$4214'.
Found and cleaned up 1 empty switch in `\top.$4199'.
Found and cleaned up 1 empty switch in `\top.$4196'.
Found and cleaned up 1 empty switch in `\top.$4181'.
Found and cleaned up 1 empty switch in `\top.$4178'.
Found and cleaned up 1 empty switch in `\top.$4163'.
Found and cleaned up 1 empty switch in `\top.$4160'.
Found and cleaned up 1 empty switch in `\top.$4145'.
Found and cleaned up 1 empty switch in `\top.$4142'.
Found and cleaned up 1 empty switch in `\top.$4127'.
Found and cleaned up 1 empty switch in `\top.$4124'.
Found and cleaned up 1 empty switch in `\top.$4109'.
Found and cleaned up 1 empty switch in `\top.$4106'.
Found and cleaned up 1 empty switch in `\top.$4091'.
Found and cleaned up 1 empty switch in `\top.$4088'.
Found and cleaned up 1 empty switch in `\top.$4073'.
Found and cleaned up 1 empty switch in `\top.$4070'.
Found and cleaned up 1 empty switch in `\top.$4055'.
Found and cleaned up 1 empty switch in `\top.$4052'.
Found and cleaned up 1 empty switch in `\top.$4037'.
Found and cleaned up 1 empty switch in `\top.$4034'.
Found and cleaned up 1 empty switch in `\top.$4019'.
Found and cleaned up 1 empty switch in `\top.$4016'.
Found and cleaned up 1 empty switch in `\top.$4001'.
Found and cleaned up 1 empty switch in `\top.$3998'.
Found and cleaned up 1 empty switch in `\top.$3983'.
Found and cleaned up 1 empty switch in `\top.$3980'.
Found and cleaned up 1 empty switch in `\top.$3965'.
Found and cleaned up 1 empty switch in `\top.$3962'.
Found and cleaned up 1 empty switch in `\top.$3947'.
Found and cleaned up 1 empty switch in `\top.$3944'.
Found and cleaned up 1 empty switch in `\top.$3929'.
Found and cleaned up 1 empty switch in `\top.$3926'.
Found and cleaned up 1 empty switch in `\top.$3911'.
Found and cleaned up 1 empty switch in `\top.$3908'.
Found and cleaned up 1 empty switch in `\top.$3893'.
Found and cleaned up 1 empty switch in `\top.$3890'.
Found and cleaned up 1 empty switch in `\top.$3875'.
Found and cleaned up 1 empty switch in `\top.$3872'.
Found and cleaned up 1 empty switch in `\top.$3857'.
Found and cleaned up 1 empty switch in `\top.$3854'.
Found and cleaned up 1 empty switch in `\top.$3839'.
Found and cleaned up 1 empty switch in `\top.$3836'.
Found and cleaned up 1 empty switch in `\top.$3821'.
Found and cleaned up 1 empty switch in `\top.$3818'.
Found and cleaned up 1 empty switch in `\top.$3803'.
Found and cleaned up 1 empty switch in `\top.$3800'.
Found and cleaned up 1 empty switch in `\top.$3785'.
Found and cleaned up 1 empty switch in `\top.$3782'.
Found and cleaned up 1 empty switch in `\top.$3767'.
Found and cleaned up 1 empty switch in `\top.$3764'.
Found and cleaned up 1 empty switch in `\top.$3749'.
Found and cleaned up 1 empty switch in `\top.$3746'.
Found and cleaned up 1 empty switch in `\top.$3731'.
Found and cleaned up 1 empty switch in `\top.$3728'.
Found and cleaned up 1 empty switch in `\top.$3713'.
Found and cleaned up 1 empty switch in `\top.$3710'.
Found and cleaned up 1 empty switch in `\top.$3695'.
Found and cleaned up 1 empty switch in `\top.$3692'.
Found and cleaned up 1 empty switch in `\top.$3677'.
Found and cleaned up 1 empty switch in `\top.$3674'.
Found and cleaned up 1 empty switch in `\top.$3659'.
Found and cleaned up 1 empty switch in `\top.$3656'.
Found and cleaned up 1 empty switch in `\top.$3641'.
Found and cleaned up 1 empty switch in `\top.$3638'.
Found and cleaned up 1 empty switch in `\top.$3623'.
Found and cleaned up 1 empty switch in `\top.$3620'.
Found and cleaned up 1 empty switch in `\top.$3605'.
Found and cleaned up 1 empty switch in `\top.$3602'.
Found and cleaned up 1 empty switch in `\top.$3587'.
Found and cleaned up 1 empty switch in `\top.$3584'.
Found and cleaned up 1 empty switch in `\top.$3569'.
Found and cleaned up 1 empty switch in `\top.$3566'.
Found and cleaned up 1 empty switch in `\top.$3551'.
Found and cleaned up 1 empty switch in `\top.$3548'.
Found and cleaned up 1 empty switch in `\top.$3533'.
Found and cleaned up 1 empty switch in `\top.$3530'.
Found and cleaned up 1 empty switch in `\top.$3515'.
Found and cleaned up 1 empty switch in `\top.$3512'.
Found and cleaned up 1 empty switch in `\top.$3497'.
Found and cleaned up 1 empty switch in `\top.$3494'.
Found and cleaned up 1 empty switch in `\top.$3479'.
Found and cleaned up 1 empty switch in `\top.$3476'.
Found and cleaned up 1 empty switch in `\top.$3461'.
Found and cleaned up 1 empty switch in `\top.$3458'.
Found and cleaned up 1 empty switch in `\top.$3443'.
Found and cleaned up 1 empty switch in `\top.$3440'.
Found and cleaned up 1 empty switch in `\top.$3425'.
Found and cleaned up 1 empty switch in `\top.$3422'.
Found and cleaned up 1 empty switch in `\top.$3407'.
Found and cleaned up 1 empty switch in `\top.$3404'.
Found and cleaned up 1 empty switch in `\top.$3389'.
Found and cleaned up 1 empty switch in `\top.$3386'.
Found and cleaned up 1 empty switch in `\top.$3371'.
Found and cleaned up 1 empty switch in `\top.$3368'.
Found and cleaned up 1 empty switch in `\top.$3353'.
Found and cleaned up 1 empty switch in `\top.$3350'.
Found and cleaned up 1 empty switch in `\top.$3335'.
Found and cleaned up 1 empty switch in `\top.$3332'.
Found and cleaned up 1 empty switch in `\top.$3317'.
Found and cleaned up 1 empty switch in `\top.$3314'.
Found and cleaned up 1 empty switch in `\top.$3299'.
Found and cleaned up 1 empty switch in `\top.$3296'.
Found and cleaned up 1 empty switch in `\top.$3281'.
Found and cleaned up 1 empty switch in `\top.$3278'.
Found and cleaned up 1 empty switch in `\top.$3263'.
Found and cleaned up 1 empty switch in `\top.$3260'.
Found and cleaned up 1 empty switch in `\top.$3245'.
Found and cleaned up 1 empty switch in `\top.$3242'.
Found and cleaned up 1 empty switch in `\top.$3227'.
Found and cleaned up 1 empty switch in `\top.$3224'.
Found and cleaned up 1 empty switch in `\top.$3209'.
Found and cleaned up 1 empty switch in `\top.$3206'.
Found and cleaned up 1 empty switch in `\top.$3191'.
Found and cleaned up 1 empty switch in `\top.$3188'.
Found and cleaned up 1 empty switch in `\top.$3173'.
Found and cleaned up 1 empty switch in `\top.$3170'.
Found and cleaned up 1 empty switch in `\top.$3155'.
Found and cleaned up 1 empty switch in `\top.$3152'.
Found and cleaned up 1 empty switch in `\top.$3137'.
Found and cleaned up 1 empty switch in `\top.$3134'.
Found and cleaned up 1 empty switch in `\top.$3119'.
Found and cleaned up 1 empty switch in `\top.$3116'.
Found and cleaned up 1 empty switch in `\top.$3101'.
Found and cleaned up 1 empty switch in `\top.$3098'.
Found and cleaned up 1 empty switch in `\top.$3083'.
Found and cleaned up 1 empty switch in `\top.$3080'.
Found and cleaned up 1 empty switch in `\top.$3065'.
Found and cleaned up 1 empty switch in `\top.$3062'.
Found and cleaned up 1 empty switch in `\top.$3047'.
Found and cleaned up 1 empty switch in `\top.$3044'.
Found and cleaned up 1 empty switch in `\top.$3029'.
Found and cleaned up 1 empty switch in `\top.$3026'.
Found and cleaned up 1 empty switch in `\top.$3011'.
Found and cleaned up 1 empty switch in `\top.$3008'.
Found and cleaned up 1 empty switch in `\top.$2993'.
Found and cleaned up 1 empty switch in `\top.$2990'.
Found and cleaned up 1 empty switch in `\top.$2975'.
Found and cleaned up 1 empty switch in `\top.$2972'.
Found and cleaned up 1 empty switch in `\top.$2957'.
Found and cleaned up 1 empty switch in `\top.$2954'.
Found and cleaned up 1 empty switch in `\top.$2939'.
Found and cleaned up 1 empty switch in `\top.$2936'.
Found and cleaned up 1 empty switch in `\top.$2921'.
Found and cleaned up 1 empty switch in `\top.$2918'.
Found and cleaned up 1 empty switch in `\top.$2903'.
Found and cleaned up 1 empty switch in `\top.$2900'.
Found and cleaned up 1 empty switch in `\top.$2885'.
Found and cleaned up 1 empty switch in `\top.$2882'.
Found and cleaned up 1 empty switch in `\top.$2867'.
Found and cleaned up 1 empty switch in `\top.$2864'.
Found and cleaned up 1 empty switch in `\top.$2849'.
Found and cleaned up 1 empty switch in `\top.$2846'.
Found and cleaned up 1 empty switch in `\top.$2831'.
Found and cleaned up 1 empty switch in `\top.$2828'.
Found and cleaned up 1 empty switch in `\top.$2813'.
Found and cleaned up 1 empty switch in `\top.$2810'.
Found and cleaned up 1 empty switch in `\top.$2795'.
Found and cleaned up 1 empty switch in `\top.$2792'.
Found and cleaned up 1 empty switch in `\top.$2777'.
Found and cleaned up 1 empty switch in `\top.$2774'.
Found and cleaned up 1 empty switch in `\top.$2759'.
Found and cleaned up 1 empty switch in `\top.$2756'.
Found and cleaned up 1 empty switch in `\top.$2741'.
Found and cleaned up 1 empty switch in `\top.$2738'.
Found and cleaned up 1 empty switch in `\top.$2723'.
Found and cleaned up 1 empty switch in `\top.$2720'.
Found and cleaned up 1 empty switch in `\top.$2705'.
Found and cleaned up 1 empty switch in `\top.$2702'.
Found and cleaned up 1 empty switch in `\top.$2687'.
Found and cleaned up 1 empty switch in `\top.$2684'.
Found and cleaned up 1 empty switch in `\top.$2669'.
Found and cleaned up 1 empty switch in `\top.$2666'.
Found and cleaned up 1 empty switch in `\top.$2651'.
Found and cleaned up 1 empty switch in `\top.$2648'.
Found and cleaned up 1 empty switch in `\top.$2633'.
Found and cleaned up 1 empty switch in `\top.$2630'.
Found and cleaned up 1 empty switch in `\top.$2615'.
Found and cleaned up 1 empty switch in `\top.$2612'.
Found and cleaned up 1 empty switch in `\top.$2597'.
Found and cleaned up 1 empty switch in `\top.$2594'.
Found and cleaned up 1 empty switch in `\top.$2579'.
Found and cleaned up 1 empty switch in `\top.$2576'.
Found and cleaned up 1 empty switch in `\top.$2561'.
Found and cleaned up 1 empty switch in `\top.$2558'.
Found and cleaned up 1 empty switch in `\top.$2543'.
Found and cleaned up 1 empty switch in `\top.$2540'.
Found and cleaned up 1 empty switch in `\top.$2525'.
Found and cleaned up 1 empty switch in `\top.$2522'.
Found and cleaned up 1 empty switch in `\top.$2507'.
Found and cleaned up 1 empty switch in `\top.$2504'.
Found and cleaned up 1 empty switch in `\top.$2489'.
Found and cleaned up 1 empty switch in `\top.$2486'.
Found and cleaned up 1 empty switch in `\top.$2471'.
Found and cleaned up 1 empty switch in `\top.$2468'.
Found and cleaned up 1 empty switch in `\top.$2453'.
Found and cleaned up 1 empty switch in `\top.$2450'.
Found and cleaned up 1 empty switch in `\top.$2435'.
Found and cleaned up 1 empty switch in `\top.$2432'.
Found and cleaned up 1 empty switch in `\top.$2417'.
Found and cleaned up 1 empty switch in `\top.$2414'.
Found and cleaned up 1 empty switch in `\top.$2399'.
Found and cleaned up 1 empty switch in `\top.$2396'.
Found and cleaned up 1 empty switch in `\top.$2381'.
Found and cleaned up 1 empty switch in `\top.$2378'.
Found and cleaned up 1 empty switch in `\top.$2363'.
Found and cleaned up 1 empty switch in `\top.$2360'.
Found and cleaned up 1 empty switch in `\top.$2345'.
Found and cleaned up 1 empty switch in `\top.$2342'.
Found and cleaned up 1 empty switch in `\top.$2327'.
Found and cleaned up 1 empty switch in `\top.$2324'.
Found and cleaned up 1 empty switch in `\top.$2309'.
Found and cleaned up 1 empty switch in `\top.$2306'.
Found and cleaned up 1 empty switch in `\top.$2291'.
Found and cleaned up 1 empty switch in `\top.$2288'.
Found and cleaned up 1 empty switch in `\top.$2273'.
Found and cleaned up 1 empty switch in `\top.$2270'.
Found and cleaned up 1 empty switch in `\top.$2255'.
Found and cleaned up 1 empty switch in `\top.$2252'.
Found and cleaned up 1 empty switch in `\top.$2237'.
Found and cleaned up 1 empty switch in `\top.$2234'.
Found and cleaned up 1 empty switch in `\top.$2219'.
Found and cleaned up 1 empty switch in `\top.$2216'.
Found and cleaned up 1 empty switch in `\top.$2201'.
Found and cleaned up 1 empty switch in `\top.$2198'.
Found and cleaned up 1 empty switch in `\top.$2183'.
Found and cleaned up 1 empty switch in `\top.$2180'.
Found and cleaned up 1 empty switch in `\top.$2165'.
Found and cleaned up 1 empty switch in `\top.$2162'.
Found and cleaned up 1 empty switch in `\top.$2147'.
Found and cleaned up 1 empty switch in `\top.$2144'.
Found and cleaned up 1 empty switch in `\top.$2129'.
Found and cleaned up 1 empty switch in `\top.$2126'.
Found and cleaned up 1 empty switch in `\top.$2111'.
Found and cleaned up 1 empty switch in `\top.$2108'.
Found and cleaned up 1 empty switch in `\top.$2093'.
Found and cleaned up 1 empty switch in `\top.$2090'.
Found and cleaned up 1 empty switch in `\top.$2075'.
Found and cleaned up 1 empty switch in `\top.$2072'.
Found and cleaned up 1 empty switch in `\top.$2057'.
Found and cleaned up 1 empty switch in `\top.$2054'.
Found and cleaned up 1 empty switch in `\top.$2039'.
Found and cleaned up 1 empty switch in `\top.$2036'.
Found and cleaned up 1 empty switch in `\top.$2021'.
Found and cleaned up 1 empty switch in `\top.$2018'.
Found and cleaned up 1 empty switch in `\top.$2003'.
Found and cleaned up 1 empty switch in `\top.$2000'.
Found and cleaned up 1 empty switch in `\top.$1985'.
Found and cleaned up 1 empty switch in `\top.$1982'.
Found and cleaned up 1 empty switch in `\top.$1967'.
Found and cleaned up 1 empty switch in `\top.$1964'.
Found and cleaned up 1 empty switch in `\top.$1949'.
Found and cleaned up 1 empty switch in `\top.$1946'.
Found and cleaned up 1 empty switch in `\top.$1931'.
Found and cleaned up 1 empty switch in `\top.$1928'.
Found and cleaned up 1 empty switch in `\top.$1913'.
Found and cleaned up 1 empty switch in `\top.$1910'.
Found and cleaned up 1 empty switch in `\top.$1895'.
Found and cleaned up 1 empty switch in `\top.$1892'.
Found and cleaned up 1 empty switch in `\top.$1877'.
Found and cleaned up 1 empty switch in `\top.$1874'.
Found and cleaned up 1 empty switch in `\top.$1859'.
Found and cleaned up 1 empty switch in `\top.$1856'.
Found and cleaned up 1 empty switch in `\top.$1841'.
Found and cleaned up 1 empty switch in `\top.$1838'.
Found and cleaned up 1 empty switch in `\top.$1823'.
Found and cleaned up 1 empty switch in `\top.$1820'.
Found and cleaned up 1 empty switch in `\top.$1805'.
Found and cleaned up 1 empty switch in `\top.$1802'.
Found and cleaned up 1 empty switch in `\top.$1787'.
Found and cleaned up 1 empty switch in `\top.$1784'.
Found and cleaned up 1 empty switch in `\top.$1769'.
Found and cleaned up 1 empty switch in `\top.$1766'.
Found and cleaned up 1 empty switch in `\top.$1751'.
Found and cleaned up 1 empty switch in `\top.$1748'.
Found and cleaned up 1 empty switch in `\top.$1733'.
Found and cleaned up 1 empty switch in `\top.$1730'.
Found and cleaned up 1 empty switch in `\top.$1715'.
Found and cleaned up 1 empty switch in `\top.$1712'.
Found and cleaned up 1 empty switch in `\top.$1697'.
Found and cleaned up 1 empty switch in `\top.$1694'.
Found and cleaned up 1 empty switch in `\top.$1679'.
Found and cleaned up 1 empty switch in `\top.$1676'.
Found and cleaned up 1 empty switch in `\top.$1661'.
Found and cleaned up 1 empty switch in `\top.$1658'.
Found and cleaned up 1 empty switch in `\top.$1643'.
Found and cleaned up 1 empty switch in `\top.$1640'.
Found and cleaned up 1 empty switch in `\top.$1625'.
Found and cleaned up 1 empty switch in `\top.$1622'.
Found and cleaned up 1 empty switch in `\top.$1607'.
Found and cleaned up 1 empty switch in `\top.$1604'.
Found and cleaned up 1 empty switch in `\top.$1589'.
Found and cleaned up 1 empty switch in `\top.$1586'.
Found and cleaned up 1 empty switch in `\top.$1571'.
Found and cleaned up 1 empty switch in `\top.$1568'.
Found and cleaned up 1 empty switch in `\top.$1553'.
Found and cleaned up 1 empty switch in `\top.$1550'.
Found and cleaned up 1 empty switch in `\top.$1535'.
Found and cleaned up 1 empty switch in `\top.$1532'.
Found and cleaned up 1 empty switch in `\top.$1517'.
Found and cleaned up 1 empty switch in `\top.$1514'.
Found and cleaned up 1 empty switch in `\top.$1499'.
Found and cleaned up 1 empty switch in `\top.$1496'.
Found and cleaned up 1 empty switch in `\top.$1481'.
Found and cleaned up 1 empty switch in `\top.$1478'.
Found and cleaned up 1 empty switch in `\top.$1463'.
Found and cleaned up 1 empty switch in `\top.$1460'.
Found and cleaned up 1 empty switch in `\top.$1445'.
Found and cleaned up 1 empty switch in `\top.$1442'.
Found and cleaned up 1 empty switch in `\top.$1427'.
Found and cleaned up 1 empty switch in `\top.$1424'.
Found and cleaned up 1 empty switch in `\top.$1409'.
Found and cleaned up 1 empty switch in `\top.$1406'.
Found and cleaned up 1 empty switch in `\top.$1391'.
Found and cleaned up 1 empty switch in `\top.$1388'.
Found and cleaned up 1 empty switch in `\top.$1373'.
Found and cleaned up 1 empty switch in `\top.$1370'.
Found and cleaned up 1 empty switch in `\top.$1355'.
Found and cleaned up 1 empty switch in `\top.$1352'.
Found and cleaned up 1 empty switch in `\top.$1337'.
Found and cleaned up 1 empty switch in `\top.$1334'.
Found and cleaned up 1 empty switch in `\top.$1319'.
Found and cleaned up 1 empty switch in `\top.$1316'.
Found and cleaned up 1 empty switch in `\top.$1301'.
Found and cleaned up 1 empty switch in `\top.$1298'.
Found and cleaned up 1 empty switch in `\top.$1283'.
Found and cleaned up 1 empty switch in `\top.$1280'.
Found and cleaned up 1 empty switch in `\top.$1265'.
Found and cleaned up 1 empty switch in `\top.$1262'.
Found and cleaned up 1 empty switch in `\top.$1247'.
Found and cleaned up 1 empty switch in `\top.$1244'.
Found and cleaned up 1 empty switch in `\top.$1229'.
Found and cleaned up 1 empty switch in `\top.$1226'.
Found and cleaned up 1 empty switch in `\top.$1211'.
Found and cleaned up 1 empty switch in `\top.$1208'.
Found and cleaned up 1 empty switch in `\top.$1193'.
Found and cleaned up 1 empty switch in `\top.$1190'.
Found and cleaned up 1 empty switch in `\top.$1175'.
Found and cleaned up 1 empty switch in `\top.$1172'.
Found and cleaned up 1 empty switch in `\top.$1157'.
Found and cleaned up 1 empty switch in `\top.$1154'.
Found and cleaned up 1 empty switch in `\top.$1139'.
Found and cleaned up 1 empty switch in `\top.$1136'.
Found and cleaned up 1 empty switch in `\top.$1121'.
Found and cleaned up 1 empty switch in `\top.$1118'.
Found and cleaned up 1 empty switch in `\top.$1103'.
Found and cleaned up 1 empty switch in `\top.$1100'.
Found and cleaned up 1 empty switch in `\top.$1085'.
Found and cleaned up 1 empty switch in `\top.$1082'.
Found and cleaned up 1 empty switch in `\top.$1067'.
Found and cleaned up 1 empty switch in `\top.$1064'.
Found and cleaned up 1 empty switch in `\top.$1049'.
Found and cleaned up 1 empty switch in `\top.$1046'.
Found and cleaned up 1 empty switch in `\top.$1031'.
Found and cleaned up 1 empty switch in `\top.$1028'.
Found and cleaned up 1 empty switch in `\top.$1013'.
Found and cleaned up 1 empty switch in `\top.$1010'.
Found and cleaned up 1 empty switch in `\top.$995'.
Found and cleaned up 1 empty switch in `\top.$992'.
Found and cleaned up 1 empty switch in `\top.$977'.
Found and cleaned up 1 empty switch in `\top.$974'.
Found and cleaned up 1 empty switch in `\top.$959'.
Found and cleaned up 1 empty switch in `\top.$956'.
Found and cleaned up 1 empty switch in `\top.$941'.
Found and cleaned up 1 empty switch in `\top.$938'.
Found and cleaned up 1 empty switch in `\top.$923'.
Found and cleaned up 1 empty switch in `\top.$920'.
Found and cleaned up 1 empty switch in `\top.$905'.
Found and cleaned up 1 empty switch in `\top.$902'.
Found and cleaned up 1 empty switch in `\top.$887'.
Found and cleaned up 1 empty switch in `\top.$884'.
Found and cleaned up 1 empty switch in `\top.$869'.
Found and cleaned up 1 empty switch in `\top.$866'.
Found and cleaned up 1 empty switch in `\top.$851'.
Found and cleaned up 1 empty switch in `\top.$848'.
Found and cleaned up 1 empty switch in `\top.$833'.
Found and cleaned up 1 empty switch in `\top.$830'.
Found and cleaned up 1 empty switch in `\top.$815'.
Found and cleaned up 1 empty switch in `\top.$812'.
Found and cleaned up 1 empty switch in `\top.$797'.
Found and cleaned up 1 empty switch in `\top.$794'.
Found and cleaned up 1 empty switch in `\top.$779'.
Found and cleaned up 1 empty switch in `\top.$776'.
Found and cleaned up 1 empty switch in `\top.$761'.
Found and cleaned up 1 empty switch in `\top.$758'.
Found and cleaned up 1 empty switch in `\top.$743'.
Found and cleaned up 1 empty switch in `\top.$740'.
Found and cleaned up 1 empty switch in `\top.$725'.
Found and cleaned up 1 empty switch in `\top.$722'.
Found and cleaned up 1 empty switch in `\top.$707'.
Found and cleaned up 1 empty switch in `\top.$704'.
Found and cleaned up 1 empty switch in `\top.$689'.
Found and cleaned up 1 empty switch in `\top.$686'.
Found and cleaned up 1 empty switch in `\top.$671'.
Found and cleaned up 1 empty switch in `\top.$668'.
Found and cleaned up 1 empty switch in `\top.$653'.
Found and cleaned up 1 empty switch in `\top.$650'.
Found and cleaned up 1 empty switch in `\top.$635'.
Found and cleaned up 1 empty switch in `\top.$632'.
Found and cleaned up 1 empty switch in `\top.$617'.
Found and cleaned up 1 empty switch in `\top.$614'.
Found and cleaned up 1 empty switch in `\top.$599'.
Found and cleaned up 1 empty switch in `\top.$596'.
Found and cleaned up 1 empty switch in `\top.$581'.
Found and cleaned up 1 empty switch in `\top.$578'.
Found and cleaned up 1 empty switch in `\top.$563'.
Found and cleaned up 1 empty switch in `\top.$560'.
Found and cleaned up 1 empty switch in `\top.$545'.
Found and cleaned up 1 empty switch in `\top.$542'.
Found and cleaned up 1 empty switch in `\top.$527'.
Found and cleaned up 1 empty switch in `\top.$524'.
Found and cleaned up 1 empty switch in `\top.$509'.
Found and cleaned up 1 empty switch in `\top.$506'.
Found and cleaned up 1 empty switch in `\top.$491'.
Found and cleaned up 1 empty switch in `\top.$488'.
Found and cleaned up 1 empty switch in `\top.$473'.
Found and cleaned up 1 empty switch in `\top.$470'.
Found and cleaned up 1 empty switch in `\top.$455'.
Found and cleaned up 1 empty switch in `\top.$452'.
Found and cleaned up 1 empty switch in `\top.$437'.
Found and cleaned up 1 empty switch in `\top.$434'.
Found and cleaned up 1 empty switch in `\top.$419'.
Found and cleaned up 1 empty switch in `\top.$416'.
Found and cleaned up 1 empty switch in `\top.$401'.
Found and cleaned up 1 empty switch in `\top.$398'.
Found and cleaned up 1 empty switch in `\top.$383'.
Found and cleaned up 1 empty switch in `\top.$380'.
Found and cleaned up 1 empty switch in `\top.$365'.
Found and cleaned up 1 empty switch in `\top.$362'.
Found and cleaned up 1 empty switch in `\top.$347'.
Found and cleaned up 1 empty switch in `\top.$344'.
Found and cleaned up 1 empty switch in `\top.$329'.
Found and cleaned up 1 empty switch in `\top.$326'.
Found and cleaned up 1 empty switch in `\top.$311'.
Found and cleaned up 1 empty switch in `\top.$308'.
Found and cleaned up 1 empty switch in `\top.$293'.
Found and cleaned up 1 empty switch in `\top.$290'.
Cleaned up 512 empty switches.

1.2. Executing PROC_RMDEAD pass (remove dead branches from decision trees).
Marked 1 switch rules as full_case in process $4883 in module top.
Marked 2 switch rules as full_case in process $4880 in module top.
Marked 1 switch rules as full_case in process $4865 in module top.
Marked 2 switch rules as full_case in process $4862 in module top.
Marked 1 switch rules as full_case in process $4847 in module top.
Marked 2 switch rules as full_case in process $4844 in module top.
Marked 1 switch rules as full_case in process $4829 in module top.
Marked 2 switch rules as full_case in process $4826 in module top.
Marked 1 switch rules as full_case in process $4811 in module top.
Marked 2 switch rules as full_case in process $4808 in module top.
Marked 1 switch rules as full_case in process $4793 in module top.
Marked 2 switch rules as full_case in process $4790 in module top.
Marked 1 switch rules as full_case in process $4775 in module top.
Marked 2 switch rules as full_case in process $4772 in module top.
Marked 1 switch rules as full_case in process $4757 in module top.
Marked 2 switch rules as full_case in process $4754 in module top.
Marked 1 switch rules as full_case in process $4739 in module top.
Marked 2 switch rules as full_case in process $4736 in module top.
Marked 1 switch rules as full_case in process $4721 in module top.
Marked 2 switch rules as full_case in process $4718 in module top.
Marked 1 switch rules as full_case in process $4703 in module top.
Marked 2 switch rules as full_case in process $4700 in module top.
Marked 1 switch rules as full_case in process $4685 in module top.
Marked 2 switch rules as full_case in process $4682 in module top.
Marked 1 switch rules as full_case in process $4667 in module top.
Marked 2 switch rules as full_case in process $4664 in module top.
Marked 1 switch rules as full_case in process $4649 in module top.
Marked 2 switch rules as full_case in process $4646 in module top.
Marked 1 switch rules as full_case in process $4631 in module top.
Marked 2 switch rules as full_case in process $4628 in module top.
Marked 1 switch rules as full_case in process $4613 in module top.
Marked 2 switch rules as full_case in process $4610 in module top.
Marked 1 switch rules as full_case in process $4595 in module top.
Marked 2 switch rules as full_case in process $4592 in module top.
Marked 1 switch rules as full_case in process $4577 in module top.
Marked 2 switch rules as full_case in process $4574 in module top.
Marked 1 switch rules as full_case in process $4559 in module top.
Marked 2 switch rules as full_case in process $4556 in module top.
Marked 1 switch rules as full_case in process $4541 in module top.
Marked 2 switch rules as full_case in process $4538 in module top.
Marked 1 switch rules as full_case in process $4523 in module top.
Marked 2 switch rules as full_case in process $4520 in module top.
Marked 1 switch rules as full_case in process $4505 in module top.
Marked 2 switch rules as full_case in process $4502 in module top.
Marked 1 switch rules as full_case in process $4487 in module top.
Marked 2 switch rules as full_case in process $4484 in module top.
Marked 1 switch rules as full_case in process $4469 in module top.
Marked 2 switch rules as full_case in process $4466 in module top.
Marked 1 switch rules as full_case in process $4451 in module top.
Marked 2 switch rules as full_case in process $4448 in module top.
Marked 1 switch rules as full_case in process $4433 in module top.
Marked 2 switch rules as full_case in process $4430 in module top.
Marked 1 switch rules as full_case in process $4415 in module top.
Marked 2 switch rules as full_case in process $4412 in module top.
Marked 1 switch rules as full_case in process $4397 in module top.
Marked 2 switch rules as full_case in process $4394 in module top.
Marked 1 switch rules as full_case in process $4379 in module top.
Marked 2 switch rules as full_case in process $4376 in module top.
Marked 1 switch rules as full_case in process $4361 in module top.
Marked 2 switch rules as full_case in process $4358 in module top.
Marked 1 switch rules as full_case in process $4343 in module top.
Marked 2 switch rules as full_case in process $4340 in module top.
Marked 1 switch rules as full_case in process $4325 in module top.
Marked 2 switch rules as full_case in process $4322 in module top.
Marked 1 switch rules as full_case in process $4307 in module top.
Marked 2 switch rules as full_case in process $4304 in module top.
Marked 1 switch rules as full_case in process $4289 in module top.
Marked 2 switch rules as full_case in process $4286 in module top.
Marked 1 switch rules as full_case in process $4271 in module top.
Marked 2 switch rules as full_case in process $4268 in module top.
Marked 1 switch rules as full_case in process $4253 in module top.
Marked 2 switch rules as full_case in process $4250 in module top.
Marked 1 switch rules as full_case in process $4235 in module top.
Marked 2 switch rules as full_case in process $4232 in module top.
Marked 1 switch rules as full_case in process $4217 in module top.
Marked 2 switch rules as full_case in process $4214 in module top.
Marked 1 switch rules as full_case in process $4199 in module top.
Marked 2 switch rules as full_case in process $4196 in module top.
Marked 1 switch rules as full_case in process $4181 in module top.
Marked 2 switch rules as full_case in process $4178 in module top.
Marked 1 switch rules as full_case in process $4163 in module top.
Marked 2 switch rules as full_case in process $4160 in module top.
Marked 1 switch rules as full_case in process $4145 in module top.
Marked 2 switch rules as full_case in process $4142 in module top.
Marked 1 switch rules as full_case in process $4127 in module top.
Marked 2 switch rules as full_case in process $4124 in module top.
Marked 1 switch rules as full_case in process $4109 in module top.
Marked 2 switch rules as full_case in process $4106 in module top.
Marked 1 switch rules as full_case in process $4091 in module top.
Marked 2 switch rules as full_case in process $4088 in module top.
Marked 1 switch rules as full_case in process $4073 in module top.
Marked 2 switch rules as full_case in process $4070 in module top.
Marked 1 switch rules as full_case in process $4055 in module top.
Marked 2 switch rules as full_case in process $4052 in module top.
Marked 1 switch rules as full_case in process $4037 in module top.
Marked 2 switch rules as full_case in process $4034 in module top.
Marked 1 switch rules as full_case in process $4019 in module top.
Marked 2 switch rules as full_case in process $4016 in module top.
Marked 1 switch rules as full_case in process $4001 in module top.
Marked 2 switch rules as full_case in process $3998 in module top.
Marked 1 switch rules as full_case in process $3983 in module top.
Marked 2 switch rules as full_case in process $3980 in module top.
Marked 1 switch rules as full_case in process $3965 in module top.
Marked 2 switch rules as full_case in process $3962 in module top.
Marked 1 switch rules as full_case in process $3947 in module top.
Marked 2 switch rules as full_case in process $3944 in module top.
Marked 1 switch rules as full_case in process $3929 in module top.
Marked 2 switch rules as full_case in process $3926 in module top.
Marked 1 switch rules as full_case in process $3911 in module top.
Marked 2 switch rules as full_case in process $3908 in module top.
Marked 1 switch rules as full_case in process $3893 in module top.
Marked 2 switch rules as full_case in process $3890 in module top.
Marked 1 switch rules as full_case in process $3875 in module top.
Marked 2 switch rules as full_case in process $3872 in module top.
Marked 1 switch rules as full_case in process $3857 in module top.
Marked 2 switch rules as full_case in process $3854 in module top.
Marked 1 switch rules as full_case in process $3839 in module top.
Marked 2 switch rules as full_case in process $3836 in module top.
Marked 1 switch rules as full_case in process $3821 in module top.
Marked 2 switch rules as full_case in process $3818 in module top.
Marked 1 switch rules as full_case in process $3803 in module top.
Marked 2 switch rules as full_case in process $3800 in module top.
Marked 1 switch rules as full_case in process $3785 in module top.
Marked 2 switch rules as full_case in process $3782 in module top.
Marked 1 switch rules as full_case in process $3767 in module top.
Marked 2 switch rules as full_case in process $3764 in module top.
Marked 1 switch rules as full_case in process $3749 in module top.
Marked 2 switch rules as full_case in process $3746 in module top.
Marked 1 switch rules as full_case in process $3731 in module top.
Marked 2 switch rules as full_case in process $3728 in module top.
Marked 1 switch rules as full_case in process $3713 in module top.
Marked 2 switch rules as full_case in process $3710 in module top.
Marked 1 switch rules as full_case in process $3695 in module top.
Marked 2 switch rules as full_case in process $3692 in module top.
Marked 1 switch rules as full_case in process $3677 in module top.
Marked 2 switch rules as full_case in process $3674 in module top.
Marked 1 switch rules as full_case in process $3659 in module top.
Marked 2 switch rules as full_case in process $3656 in module top.
Marked 1 switch rules as full_case in process $3641 in module top.
Marked 2 switch rules as full_case in process $3638 in module top.
Marked 1 switch rules as full_case in process $3623 in module top.
Marked 2 switch rules as full_case in process $3620 in module top.
Marked 1 switch rules as full_case in process $3605 in module top.
Marked 2 switch rules as full_case in process $3602 in module top.
Marked 1 switch rules as full_case in process $3587 in module top.
Marked 2 switch rules as full_case in process $3584 in module top.
Marked 1 switch rules as full_case in process $3569 in module top.
Marked 2 switch rules as full_case in process $3566 in module top.
Marked 1 switch rules as full_case in process $3551 in module top.
Marked 2 switch rules as full_case in process $3548 in module top.
Marked 1 switch rules as full_case in process $3533 in module top.
Marked 2 switch rules as full_case in process $3530 in module top.
Marked 1 switch rules as full_case in process $3515 in module top.
Marked 2 switch rules as full_case in process $3512 in module top.
Marked 1 switch rules as full_case in process $3497 in module top.
Marked 2 switch rules as full_case in process $3494 in module top.
Marked 1 switch rules as full_case in process $3479 in module top.
Marked 2 switch rules as full_case in process $3476 in module top.
Marked 1 switch rules as full_case in process $3461 in module top.
Marked 2 switch rules as full_case in process $3458 in module top.
Marked 1 switch rules as full_case in process $3443 in module top.
Marked 2 switch rules as full_case in process $3440 in module top.
Marked 1 switch rules as full_case in process $3425 in module top.
Marked 2 switch rules as full_case in process $3422 in module top.
Marked 1 switch rules as full_case in process $3407 in module top.
Marked 2 switch rules as full_case in process $3404 in module top.
Marked 1 switch rules as full_case in process $3389 in module top.
Marked 2 switch rules as full_case in process $3386 in module top.
Marked 1 switch rules as full_case in process $3371 in module top.
Marked 2 switch rules as full_case in process $3368 in module top.
Marked 1 switch rules as full_case in process $3353 in module top.
Marked 2 switch rules as full_case in process $3350 in module top.
Marked 1 switch rules as full_case in process $3335 in module top.
Marked 2 switch rules as full_case in process $3332 in module top.
Marked 1 switch rules as full_case in process $3317 in module top.
Marked 2 switch rules as full_case in process $3314 in module top.
Marked 1 switch rules as full_case in process $3299 in module top.
Marked 2 switch rules as full_case in process $3296 in module top.
Marked 1 switch rules as full_case in process $3281 in module top.
Marked 2 switch rules as full_case in process $3278 in module top.
Marked 1 switch rules as full_case in process $3263 in module top.
Marked 2 switch rules as full_case in process $3260 in module top.
Marked 1 switch rules as full_case in process $3245 in module top.
Marked 2 switch rules as full_case in process $3242 in module top.
Marked 1 switch rules as full_case in process $3227 in module top.
Marked 2 switch rules as full_case in process $3224 in module top.
Marked 1 switch rules as full_case in process $3209 in module top.
Marked 2 switch rules as full_case in process $3206 in module top.
Marked 1 switch rules as full_case in process $3191 in module top.
Marked 2 switch rules as full_case in process $3188 in module top.
Marked 1 switch rules as full_case in process $3173 in module top.
Marked 2 switch rules as full_case in process $3170 in module top.
Marked 1 switch rules as full_case in process $3155 in module top.
Marked 2 switch rules as full_case in process $3152 in module top.
Marked 1 switch rules as full_case in process $3137 in module top.
Marked 2 switch rules as full_case in process $3134 in module top.
Marked 1 switch rules as full_case in process $3119 in module top.
Marked 2 switch rules as full_case in process $3116 in module top.
Marked 1 switch rules as full_case in process $3101 in module top.
Marked 2 switch rules as full_case in process $3098 in module top.
Marked 1 switch rules as full_case in process $3083 in module top.
Marked 2 switch rules as full_case in process $3080 in module top.
Marked 1 switch rules as full_case in process $3065 in module top.
Marked 2 switch rules as full_case in process $3062 in module top.
Marked 1 switch rules as full_case in process $3047 in module top.
Marked 2 switch rules as full_case in process $3044 in module top.
Marked 1 switch rules as full_case in process $3029 in module top.
Marked 2 switch rules as full_case in process $3026 in module top.
Marked 1 switch rules as full_case in process $3011 in module top.
Marked 2 switch rules as full_case in process $3008 in module top.
Marked 1 switch rules as full_case in process $2993 in module top.
Marked 2 switch rules as full_case in process $2990 in module top.
Marked 1 switch rules as full_case in process $2975 in module top.
Marked 2 switch rules as full_case in process $2972 in module top.
Marked 1 switch rules as full_case in process $2957 in module top.
Marked 2 switch rules as full_case in process $2954 in module top.
Marked 1 switch rules as full_case in process $2939 in module top.
Marked 2 switch rules as full_case in process $2936 in module top.
Marked 1 switch rules as full_case in process $2921 in module top.
Marked 2 switch rules as full_case in process $2918 in module top.
Marked 1 switch rules as full_case in process $2903 in module top.
Marked 2 switch rules as full_case in process $2900 in module top.
Marked 1 switch rules as full_case in process $2885 in module top.
Marked 2 switch rules as full_case in process $2882 in module top.
Marked 1 switch rules as full_case in process $2867 in module top.
Marked 2 switch rules as full_case in process $2864 in module top.
Marked 1 switch rules as full_case in process $2849 in module top.
Marked 2 switch rules as full_case in process $2846 in module top.
Marked 1 switch rules as full_case in process $2831 in module top.
Marked 2 switch rules as full_case in process $2828 in module top.
Marked 1 switch rules as full_case in process $2813 in module top.
Marked 2 switch rules as full_case in process $2810 in module top.
Marked 1 switch rules as full_case in process $2795 in module top.
Marked 2 switch rules as full_case in process $2792 in module top.
Marked 1 switch rules as full_case in process $2777 in module top.
Marked 2 switch rules as full_case in process $2774 in module top.
Marked 1 switch rules as full_case in process $2759 in module top.
Marked 2 switch rules as full_case in process $2756 in module top.
Marked 1 switch rules as full_case in process $2741 in module top.
Marked 2 switch rules as full_case in process $2738 in module top.
Marked 1 switch rules as full_case in process $2723 in module top.
Marked 2 switch rules as full_case in process $2720 in module top.
Marked 1 switch rules as full_case in process $2705 in module top.
Marked 2 switch rules as full_case in process $2702 in module top.
Marked 1 switch rules as full_case in process $2687 in module top.
Marked 2 switch rules as full_case in process $2684 in module top.
Marked 1 switch rules as full_case in process $2669 in module top.
Marked 2 switch rules as full_case in process $2666 in module top.
Marked 1 switch rules as full_case in process $2651 in module top.
Marked 2 switch rules as full_case in process $2648 in module top.
Marked 1 switch rules as full_case in process $2633 in module top.
Marked 2 switch rules as full_case in process $2630 in module top.
Marked 1 switch rules as full_case in process $2615 in module top.
Marked 2 switch rules as full_case in process $2612 in module top.
Marked 1 switch rules as full_case in process $2597 in module top.
Marked 2 switch rules as full_case in process $2594 in module top.
Marked 1 switch rules as full_case in process $2579 in module top.
Marked 2 switch rules as full_case in process $2576 in module top.
Marked 1 switch rules as full_case in process $2561 in module top.
Marked 2 switch rules as full_case in process $2558 in module top.
Marked 1 switch rules as full_case in process $2543 in module top.
Marked 2 switch rules as full_case in process $2540 in module top.
Marked 1 switch rules as full_case in process $2525 in module top.
Marked 2 switch rules as full_case in process $2522 in module top.
Marked 1 switch rules as full_case in process $2507 in module top.
Marked 2 switch rules as full_case in process $2504 in module top.
Marked 1 switch rules as full_case in process $2489 in module top.
Marked 2 switch rules as full_case in process $2486 in module top.
Marked 1 switch rules as full_case in process $2471 in module top.
Marked 2 switch rules as full_case in process $2468 in module top.
Marked 1 switch rules as full_case in process $2453 in module top.
Marked 2 switch rules as full_case in process $2450 in module top.
Marked 1 switch rules as full_case in process $2435 in module top.
Marked 2 switch rules as full_case in process $2432 in module top.
Marked 1 switch rules as full_case in process $2417 in module top.
Marked 2 switch rules as full_case in process $2414 in module top.
Marked 1 switch rules as full_case in process $2399 in module top.
Marked 2 switch rules as full_case in process $2396 in module top.
Marked 1 switch rules as full_case in process $2381 in module top.
Marked 2 switch rules as full_case in process $2378 in module top.
Marked 1 switch rules as full_case in process $2363 in module top.
Marked 2 switch rules as full_case in process $2360 in module top.
Marked 1 switch rules as full_case in process $2345 in module top.
Marked 2 switch rules as full_case in process $2342 in module top.
Marked 1 switch rules as full_case in process $2327 in module top.
Marked 2 switch rules as full_case in process $2324 in module top.
Marked 1 switch rules as full_case in process $2309 in module top.
Marked 2 switch rules as full_case in process $2306 in module top.
Marked 1 switch rules as full_case in process $2291 in module top.
Marked 2 switch rules as full_case in process $2288 in module top.
Marked 1 switch rules as full_case in process $2273 in module top.
Marked 2 switch rules as full_case in process $2270 in module top.
Marked 1 switch rules as full_case in process $2255 in module top.
Marked 2 switch rules as full_case in process $2252 in module top.
Marked 1 switch rules as full_case in process $2237 in module top.
Marked 2 switch rules as full_case in process $2234 in module top.
Marked 1 switch rules as full_case in process $2219 in module top.
Marked 2 switch rules as full_case in process $2216 in module top.
Marked 1 switch rules as full_case in process $2201 in module top.
Marked 2 switch rules as full_case in process $2198 in module top.
Marked 1 switch rules as full_case in process $2183 in module top.
Marked 2 switch rules as full_case in process $2180 in module top.
Marked 1 switch rules as full_case in process $2165 in module top.
Marked 2 switch rules as full_case in process $2162 in module top.
Marked 1 switch rules as full_case in process $2147 in module top.
Marked 2 switch rules as full_case in process $2144 in module top.
Marked 1 switch rules as full_case in process $2129 in module top.
Marked 2 switch rules as full_case in process $2126 in module top.
Marked 1 switch rules as full_case in process $2111 in module top.
Marked 2 switch rules as full_case in process $2108 in module top.
Marked 1 switch rules as full_case in process $2093 in module top.
Marked 2 switch rules as full_case in process $2090 in module top.
Marked 1 switch rules as full_case in process $2075 in module top.
Marked 2 switch rules as full_case in process $2072 in module top.
Marked 1 switch rules as full_case in process $2057 in module top.
Marked 2 switch rules as full_case in process $2054 in module top.
Marked 1 switch rules as full_case in process $2039 in module top.
Marked 2 switch rules as full_case in process $2036 in module top.
Marked 1 switch rules as full_case in process $2021 in module top.
Marked 2 switch rules as full_case in process $2018 in module top.
Marked 1 switch rules as full_case in process $2003 in module top.
Marked 2 switch rules as full_case in process $2000 in module top.
Marked 1 switch rules as full_case in process $1985 in module top.
Marked 2 switch rules as full_case in process $1982 in module top.
Marked 1 switch rules as full_case in process $1967 in module top.
Marked 2 switch rules as full_case in process $1964 in module top.
Marked 1 switch rules as full_case in process $1949 in module top.
Marked 2 switch rules as full_case in process $1946 in module top.
Marked 1 switch rules as full_case in process $1931 in module top.
Marked 2 switch rules as full_case in process $1928 in module top.
Marked 1 switch rules as full_case in process $1913 in module top.
Marked 2 switch rules as full_case in process $1910 in module top.
Marked 1 switch rules as full_case in process $1895 in module top.
Marked 2 switch rules as full_case in process $1892 in module top.
Marked 1 switch rules as full_case in process $1877 in module top.
Marked 2 switch rules as full_case in process $1874 in module top.
Marked 1 switch rules as full_case in process $1859 in module top.
Marked 2 switch rules as full_case in process $1856 in module top.
Marked 1 switch rules as full_case in process $1841 in module top.
Marked 2 switch rules as full_case in process $1838 in module top.
Marked 1 switch rules as full_case in process $1823 in module top.
Marked 2 switch rules as full_case in process $1820 in module top.
Marked 1 switch rules as full_case in process $1805 in module top.
Marked 2 switch rules as full_case in process $1802 in module top.
Marked 1 switch rules as full_case in process $1787 in module top.
Marked 2 switch rules as full_case in process $1784 in module top.
Marked 1 switch rules as full_case in process $1769 in module top.
Marked 2 switch rules as full_case in process $1766 in module top.
Marked 1 switch rules as full_case in process $1751 in module top.
Marked 2 switch rules as full_case in process $1748 in module top.
Marked 1 switch rules as full_case in process $1733 in module top.
Marked 2 switch rules as full_case in process $1730 in module top.
Marked 1 switch rules as full_case in process $1715 in module top.
Marked 2 switch rules as full_case in process $1712 in module top.
Marked 1 switch rules as full_case in process $1697 in module top.
Marked 2 switch rules as full_case in process $1694 in module top.
Marked 1 switch rules as full_case in process $1679 in module top.
Marked 2 switch rules as full_case in process $1676 in module top.
Marked 1 switch rules as full_case in process $1661 in module top.
Marked 2 switch rules as full_case in process $1658 in module top.
Marked 1 switch rules as full_case in process $1643 in module top.
Marked 2 switch rules as full_case in process $1640 in module top.
Marked 1 switch rules as full_case in process $1625 in module top.
Marked 2 switch rules as full_case in process $1622 in module top.
Marked 1 switch rules as full_case in process $1607 in module top.
Marked 2 switch rules as full_case in process $1604 in module top.
Marked 1 switch rules as full_case in process $1589 in module top.
Marked 2 switch rules as full_case in process $1586 in module top.
Marked 1 switch rules as full_case in process $1571 in module top.
Marked 2 switch rules as full_case in process $1568 in module top.
Marked 1 switch rules as full_case in process $1553 in module top.
Marked 2 switch rules as full_case in process $1550 in module top.
Marked 1 switch rules as full_case in process $1535 in module top.
Marked 2 switch rules as full_case in process $1532 in module top.
Marked 1 switch rules as full_case in process $1517 in module top.
Marked 2 switch rules as full_case in process $1514 in module top.
Marked 1 switch rules as full_case in process $1499 in module top.
Marked 2 switch rules as full_case in process $1496 in module top.
Marked 1 switch rules as full_case in process $1481 in module top.
Marked 2 switch rules as full_case in process $1478 in module top.
Marked 1 switch rules as full_case in process $1463 in module top.
Marked 2 switch rules as full_case in process $1460 in module top.
Marked 1 switch rules as full_case in process $1445 in module top.
Marked 2 switch rules as full_case in process $1442 in module top.
Marked 1 switch rules as full_case in process $1427 in module top.
Marked 2 switch rules as full_case in process $1424 in module top.
Marked 1 switch rules as full_case in process $1409 in module top.
Marked 2 switch rules as full_case in process $1406 in module top.
Marked 1 switch rules as full_case in process $1391 in module top.
Marked 2 switch rules as full_case in process $1388 in module top.
Marked 1 switch rules as full_case in process $1373 in module top.
Marked 2 switch rules as full_case in process $1370 in module top.
Marked 1 switch rules as full_case in process $1355 in module top.
Marked 2 switch rules as full_case in process $1352 in module top.
Marked 1 switch rules as full_case in process $1337 in module top.
Marked 2 switch rules as full_case in process $1334 in module top.
Marked 1 switch rules as full_case in process $1319 in module top.
Marked 2 switch rules as full_case in process $1316 in module top.
Marked 1 switch rules as full_case in process $1301 in module top.
Marked 2 switch rules as full_case in process $1298 in module top.
Marked 1 switch rules as full_case in process $1283 in module top.
Marked 2 switch rules as full_case in process $1280 in module top.
Marked 1 switch rules as full_case in process $1265 in module top.
Marked 2 switch rules as full_case in process $1262 in module top.
Marked 1 switch rules as full_case in process $1247 in module top.
Marked 2 switch rules as full_case in process $1244 in module top.
Marked 1 switch rules as full_case in process $1229 in module top.
Marked 2 switch rules as full_case in process $1226 in module top.
Marked 1 switch rules as full_case in process $1211 in module top.
Marked 2 switch rules as full_case in process $1208 in module top.
Marked 1 switch rules as full_case in process $1193 in module top.
Marked 2 switch rules as full_case in process $1190 in module top.
Marked 1 switch rules as full_case in process $1175 in module top.
Marked 2 switch rules as full_case in process $1172 in module top.
Marked 1 switch rules as full_case in process $1157 in module top.
Marked 2 switch rules as full_case in process $1154 in module top.
Marked 1 switch rules as full_case in process $1139 in module top.
Marked 2 switch rules as full_case in process $1136 in module top.
Marked 1 switch rules as full_case in process $1121 in module top.
Marked 2 switch rules as full_case in process $1118 in module top.
Marked 1 switch rules as full_case in process $1103 in module top.
Marked 2 switch rules as full_case in process $1100 in module top.
Marked 1 switch rules as full_case in process $1085 in module top.
Marked 2 switch rules as full_case in process $1082 in module top.
Marked 1 switch rules as full_case in process $1067 in module top.
Marked 2 switch rules as full_case in process $1064 in module top.
Marked 1 switch rules as full_case in process $1049 in module top.
Marked 2 switch rules as full_case in process $1046 in module top.
Marked 1 switch rules as full_case in process $1031 in module top.
Marked 2 switch rules as full_case in process $1028 in module top.
Marked 1 switch rules as full_case in process $1013 in module top.
Marked 2 switch rules as full_case in process $1010 in module top.
Marked 1 switch rules as full_case in process $995 in module top.
Marked 2 switch rules as full_case in process $992 in module top.
Marked 1 switch rules as full_case in process $977 in module top.
Marked 2 switch rules as full_case in process $974 in module top.
Marked 1 switch rules as full_case in process $959 in module top.
Marked 2 switch rules as full_case in process $956 in module top.
Marked 1 switch rules as full_case in process $941 in module top.
Marked 2 switch rules as full_case in process $938 in module top.
Marked 1 switch rules as full_case in process $923 in module top.
Marked 2 switch rules as full_case in process $920 in module top.
Marked 1 switch rules as full_case in process $905 in module top.
Marked 2 switch rules as full_case in process $902 in module top.
Marked 1 switch rules as full_case in process $887 in module top.
Marked 2 switch rules as full_case in process $884 in module top.
Marked 1 switch rules as full_case in process $869 in module top.
Marked 2 switch rules as full_case in process $866 in module top.
Marked 1 switch rules as full_case in process $851 in module top.
Marked 2 switch rules as full_case in process $848 in module top.
Marked 1 switch rules as full_case in process $833 in module top.
Marked 2 switch rules as full_case in process $830 in module top.
Marked 1 switch rules as full_case in process $815 in module top.
Marked 2 switch rules as full_case in process $812 in module top.
Marked 1 switch rules as full_case in process $797 in module top.
Marked 2 switch rules as full_case in process $794 in module top.
Marked 1 switch rules as full_case in process $779 in module top.
Marked 2 switch rules as full_case in process $776 in module top.
Marked 1 switch rules as full_case in process $761 in module top.
Marked 2 switch rules as full_case in process $758 in module top.
Marked 1 switch rules as full_case in process $743 in module top.
Marked 2 switch rules as full_case in process $740 in module top.
Marked 1 switch rules as full_case in process $725 in module top.
Marked 2 switch rules as full_case in process $722 in module top.
Marked 1 switch rules as full_case in process $707 in module top.
Marked 2 switch rules as full_case in process $704 in module top.
Marked 1 switch rules as full_case in process $689 in module top.
Marked 2 switch rules as full_case in process $686 in module top.
Marked 1 switch rules as full_case in process $671 in module top.
Marked 2 switch rules as full_case in process $668 in module top.
Marked 1 switch rules as full_case in process $653 in module top.
Marked 2 switch rules as full_case in process $650 in module top.
Marked 1 switch rules as full_case in process $635 in module top.
Marked 2 switch rules as full_case in process $632 in module top.
Marked 1 switch rules as full_case in process $617 in module top.
Marked 2 switch rules as full_case in process $614 in module top.
Marked 1 switch rules as full_case in process $599 in module top.
Marked 2 switch rules as full_case in process $596 in module top.
Marked 1 switch rules as full_case in process $581 in module top.
Marked 2 switch rules as full_case in process $578 in module top.
Marked 1 switch rules as full_case in process $563 in module top.
Marked 2 switch rules as full_case in process $560 in module top.
Marked 1 switch rules as full_case in process $545 in module top.
Marked 2 switch rules as full_case in process $542 in module top.
Marked 1 switch rules as full_case in process $527 in module top.
Marked 2 switch rules as full_case in process $524 in module top.
Marked 1 switch rules as full_case in process $509 in module top.
Marked 2 switch rules as full_case in process $506 in module top.
Marked 1 switch rules as full_case in process $491 in module top.
Marked 2 switch rules as full_case in process $488 in module top.
Marked 1 switch rules as full_case in process $473 in module top.
Marked 2 switch rules as full_case in process $470 in module top.
Marked 1 switch rules as full_case in process $455 in module top.
Marked 2 switch rules as full_case in process $452 in module top.
Marked 1 switch rules as full_case in process $437 in module top.
Marked 2 switch rules as full_case in process $434 in module top.
Marked 1 switch rules as full_case in process $419 in module top.
Marked 2 switch rules as full_case in process $416 in module top.
Marked 1 switch rules as full_case in process $401 in module top.
Marked 2 switch rules as full_case in process $398 in module top.
Marked 1 switch rules as full_case in process $383 in module top.
Marked 2 switch rules as full_case in process $380 in module top.
Marked 1 switch rules as full_case in process $365 in module top.
Marked 2 switch rules as full_case in process $362 in module top.
Marked 1 switch rules as full_case in process $347 in module top.
Marked 2 switch rules as full_case in process $344 in module top.
Marked 1 switch rules as full_case in process $329 in module top.
Marked 2 switch rules as full_case in process $326 in module top.
Marked 1 switch rules as full_case in process $311 in module top.
Marked 2 switch rules as full_case in process $308 in module top.
Marked 1 switch rules as full_case in process $293 in module top.
Marked 2 switch rules as full_case in process $290 in module top.
Removed a total of 0 dead cases.

1.3. Executing PROC_PRUNE pass (remove redundant assignments in processes).
Removed 768 redundant assignments.
Promoted 0 assignments to connections.

1.4. Executing PROC_INIT pass (extract init attributes).

1.5. Executing PROC_ROM pass (convert switches to ROMs).
Converted 0 switches.
<suppressed ~1024 debug messages>

1.6. Executing PROC_MUX pass (convert decision trees to multiplexers).
Creating decoders for process `\top.$4883'.
     1/2: $u_array.rows[15].cols[15].u_pe.psum_out$4887
     2/2: $u_array.rows[15].cols[15].u_pe.act_out$4886
Creating decoders for process `\top.$4880'.
     1/2: $u_array.rows[15].cols[15].u_pe.weight$4881
     2/2: $u_array.rows[15].cols[15].u_pe.weight$4882
Creating decoders for process `\top.$4865'.
     1/2: $u_array.rows[15].cols[14].u_pe.psum_out$4869
     2/2: $u_array.rows[15].cols[14].u_pe.act_out$4868
Creating decoders for process `\top.$4862'.
     1/2: $u_array.rows[15].cols[14].u_pe.weight$4863
     2/2: $u_array.rows[15].cols[14].u_pe.weight$4864
Creating decoders for process `\top.$4847'.
     1/2: $u_array.rows[15].cols[13].u_pe.psum_out$4851
     2/2: $u_array.rows[15].cols[13].u_pe.act_out$4850
Creating decoders for process `\top.$4844'.
     1/2: $u_array.rows[15].cols[13].u_pe.weight$4845
     2/2: $u_array.rows[15].cols[13].u_pe.weight$4846
Creating decoders for process `\top.$4829'.
     1/2: $u_array.rows[15].cols[12].u_pe.psum_out$4833
     2/2: $u_array.rows[15].cols[12].u_pe.act_out$4832
Creating decoders for process `\top.$4826'.
     1/2: $u_array.rows[15].cols[12].u_pe.weight$4827
     2/2: $u_array.rows[15].cols[12].u_pe.weight$4828
Creating decoders for process `\top.$4811'.
     1/2: $u_array.rows[15].cols[11].u_pe.psum_out$4815
     2/2: $u_array.rows[15].cols[11].u_pe.act_out$4814
Creating decoders for process `\top.$4808'.
     1/2: $u_array.rows[15].cols[11].u_pe.weight$4809
     2/2: $u_array.rows[15].cols[11].u_pe.weight$4810
Creating decoders for process `\top.$4793'.
     1/2: $u_array.rows[15].cols[10].u_pe.psum_out$4797
     2/2: $u_array.rows[15].cols[10].u_pe.act_out$4796
Creating decoders for process `\top.$4790'.
     1/2: $u_array.rows[15].cols[10].u_pe.weight$4791
     2/2: $u_array.rows[15].cols[10].u_pe.weight$4792
Creating decoders for process `\top.$4775'.
     1/2: $u_array.rows[15].cols[9].u_pe.psum_out$4779
     2/2: $u_array.rows[15].cols[9].u_pe.act_out$4778
Creating decoders for process `\top.$4772'.
     1/2: $u_array.rows[15].cols[9].u_pe.weight$4773
     2/2: $u_array.rows[15].cols[9].u_pe.weight$4774
Creating decoders for process `\top.$4757'.
     1/2: $u_array.rows[15].cols[8].u_pe.psum_out$4761
     2/2: $u_array.rows[15].cols[8].u_pe.act_out$4760
Creating decoders for process `\top.$4754'.
     1/2: $u_array.rows[15].cols[8].u_pe.weight$4755
     2/2: $u_array.rows[15].cols[8].u_pe.weight$4756
Creating decoders for process `\top.$4739'.
     1/2: $u_array.rows[15].cols[7].u_pe.psum_out$4743
     2/2: $u_array.rows[15].cols[7].u_pe.act_out$4742
Creating decoders for process `\top.$4736'.
     1/2: $u_array.rows[15].cols[7].u_pe.weight$4737
     2/2: $u_array.rows[15].cols[7].u_pe.weight$4738
Creating decoders for process `\top.$4721'.
     1/2: $u_array.rows[15].cols[6].u_pe.psum_out$4725
     2/2: $u_array.rows[15].cols[6].u_pe.act_out$4724
Creating decoders for process `\top.$4718'.
     1/2: $u_array.rows[15].cols[6].u_pe.weight$4719
     2/2: $u_array.rows[15].cols[6].u_pe.weight$4720
Creating decoders for process `\top.$4703'.
     1/2: $u_array.rows[15].cols[5].u_pe.psum_out$4707
     2/2: $u_array.rows[15].cols[5].u_pe.act_out$4706
Creating decoders for process `\top.$4700'.
     1/2: $u_array.rows[15].cols[5].u_pe.weight$4701
     2/2: $u_array.rows[15].cols[5].u_pe.weight$4702
Creating decoders for process `\top.$4685'.
     1/2: $u_array.rows[15].cols[4].u_pe.psum_out$4689
     2/2: $u_array.rows[15].cols[4].u_pe.act_out$4688
Creating decoders for process `\top.$4682'.
     1/2: $u_array.rows[15].cols[4].u_pe.weight$4683
     2/2: $u_array.rows[15].cols[4].u_pe.weight$4684
Creating decoders for process `\top.$4667'.
     1/2: $u_array.rows[15].cols[3].u_pe.psum_out$4671
     2/2: $u_array.rows[15].cols[3].u_pe.act_out$4670
Creating decoders for process `\top.$4664'.
     1/2: $u_array.rows[15].cols[3].u_pe.weight$4665
     2/2: $u_array.rows[15].cols[3].u_pe.weight$4666
Creating decoders for process `\top.$4649'.
     1/2: $u_array.rows[15].cols[2].u_pe.psum_out$4653
     2/2: $u_array.rows[15].cols[2].u_pe.act_out$4652
Creating decoders for process `\top.$4646'.
     1/2: $u_array.rows[15].cols[2].u_pe.weight$4647
     2/2: $u_array.rows[15].cols[2].u_pe.weight$4648
Creating decoders for process `\top.$4631'.
     1/2: $u_array.rows[15].cols[1].u_pe.psum_out$4635
     2/2: $u_array.rows[15].cols[1].u_pe.act_out$4634
Creating decoders for process `\top.$4628'.
     1/2: $u_array.rows[15].cols[1].u_pe.weight$4629
     2/2: $u_array.rows[15].cols[1].u_pe.weight$4630
Creating decoders for process `\top.$4613'.
     1/2: $u_array.rows[15].cols[0].u_pe.psum_out$4617
     2/2: $u_array.rows[15].cols[0].u_pe.act_out$4616
Creating decoders for process `\top.$4610'.
     1/2: $u_array.rows[15].cols[0].u_pe.weight$4611
     2/2: $u_array.rows[15].cols[0].u_pe.weight$4612
Creating decoders for process `\top.$4595'.
     1/2: $u_array.rows[14].cols[15].u_pe.psum_out$4599
     2/2: $u_array.rows[14].cols[15].u_pe.act_out$4598
Creating decoders for process `\top.$4592'.
     1/2: $u_array.rows[14].cols[15].u_pe.weight$4593
     2/2: $u_array.rows[14].cols[15].u_pe.weight$4594
Creating decoders for process `\top.$4577'.
     1/2: $u_array.rows[14].cols[14].u_pe.psum_out$4581
     2/2: $u_array.rows[14].cols[14].u_pe.act_out$4580
Creating decoders for process `\top.$4574'.
     1/2: $u_array.rows[14].cols[14].u_pe.weight$4575
     2/2: $u_array.rows[14].cols[14].u_pe.weight$4576
Creating decoders for process `\top.$4559'.
     1/2: $u_array.rows[14].cols[13].u_pe.psum_out$4563
     2/2: $u_array.rows[14].cols[13].u_pe.act_out$4562
Creating decoders for process `\top.$4556'.
     1/2: $u_array.rows[14].cols[13].u_pe.weight$4557
     2/2: $u_array.rows[14].cols[13].u_pe.weight$4558
Creating decoders for process `\top.$4541'.
     1/2: $u_array.rows[14].cols[12].u_pe.psum_out$4545
     2/2: $u_array.rows[14].cols[12].u_pe.act_out$4544
Creating decoders for process `\top.$4538'.
     1/2: $u_array.rows[14].cols[12].u_pe.weight$4539
     2/2: $u_array.rows[14].cols[12].u_pe.weight$4540
Creating decoders for process `\top.$4523'.
     1/2: $u_array.rows[14].cols[11].u_pe.psum_out$4527
     2/2: $u_array.rows[14].cols[11].u_pe.act_out$4526
Creating decoders for process `\top.$4520'.
     1/2: $u_array.rows[14].cols[11].u_pe.weight$4521
     2/2: $u_array.rows[14].cols[11].u_pe.weight$4522
Creating decoders for process `\top.$4505'.
     1/2: $u_array.rows[14].cols[10].u_pe.psum_out$4509
     2/2: $u_array.rows[14].cols[10].u_pe.act_out$4508
Creating decoders for process `\top.$4502'.
     1/2: $u_array.rows[14].cols[10].u_pe.weight$4503
     2/2: $u_array.rows[14].cols[10].u_pe.weight$4504
Creating decoders for process `\top.$4487'.
     1/2: $u_array.rows[14].cols[9].u_pe.psum_out$4491
     2/2: $u_array.rows[14].cols[9].u_pe.act_out$4490
Creating decoders for process `\top.$4484'.
     1/2: $u_array.rows[14].cols[9].u_pe.weight$4485
     2/2: $u_array.rows[14].cols[9].u_pe.weight$4486
Creating decoders for process `\top.$4469'.
     1/2: $u_array.rows[14].cols[8].u_pe.psum_out$4473
     2/2: $u_array.rows[14].cols[8].u_pe.act_out$4472
Creating decoders for process `\top.$4466'.
     1/2: $u_array.rows[14].cols[8].u_pe.weight$4467
     2/2: $u_array.rows[14].cols[8].u_pe.weight$4468
Creating decoders for process `\top.$4451'.
     1/2: $u_array.rows[14].cols[7].u_pe.psum_out$4455
     2/2: $u_array.rows[14].cols[7].u_pe.act_out$4454
Creating decoders for process `\top.$4448'.
     1/2: $u_array.rows[14].cols[7].u_pe.weight$4449
     2/2: $u_array.rows[14].cols[7].u_pe.weight$4450
Creating decoders for process `\top.$4433'.
     1/2: $u_array.rows[14].cols[6].u_pe.psum_out$4437
     2/2: $u_array.rows[14].cols[6].u_pe.act_out$4436
Creating decoders for process `\top.$4430'.
     1/2: $u_array.rows[14].cols[6].u_pe.weight$4431
     2/2: $u_array.rows[14].cols[6].u_pe.weight$4432
Creating decoders for process `\top.$4415'.
     1/2: $u_array.rows[14].cols[5].u_pe.psum_out$4419
     2/2: $u_array.rows[14].cols[5].u_pe.act_out$4418
Creating decoders for process `\top.$4412'.
     1/2: $u_array.rows[14].cols[5].u_pe.weight$4413
     2/2: $u_array.rows[14].cols[5].u_pe.weight$4414
Creating decoders for process `\top.$4397'.
     1/2: $u_array.rows[14].cols[4].u_pe.psum_out$4401
     2/2: $u_array.rows[14].cols[4].u_pe.act_out$4400
Creating decoders for process `\top.$4394'.
     1/2: $u_array.rows[14].cols[4].u_pe.weight$4395
     2/2: $u_array.rows[14].cols[4].u_pe.weight$4396
Creating decoders for process `\top.$4379'.
     1/2: $u_array.rows[14].cols[3].u_pe.psum_out$4383
     2/2: $u_array.rows[14].cols[3].u_pe.act_out$4382
Creating decoders for process `\top.$4376'.
     1/2: $u_array.rows[14].cols[3].u_pe.weight$4377
     2/2: $u_array.rows[14].cols[3].u_pe.weight$4378
Creating decoders for process `\top.$4361'.
     1/2: $u_array.rows[14].cols[2].u_pe.psum_out$4365
     2/2: $u_array.rows[14].cols[2].u_pe.act_out$4364
Creating decoders for process `\top.$4358'.
     1/2: $u_array.rows[14].cols[2].u_pe.weight$4359
     2/2: $u_array.rows[14].cols[2].u_pe.weight$4360
Creating decoders for process `\top.$4343'.
     1/2: $u_array.rows[14].cols[1].u_pe.psum_out$4347
     2/2: $u_array.rows[14].cols[1].u_pe.act_out$4346
Creating decoders for process `\top.$4340'.
     1/2: $u_array.rows[14].cols[1].u_pe.weight$4341
     2/2: $u_array.rows[14].cols[1].u_pe.weight$4342
Creating decoders for process `\top.$4325'.
     1/2: $u_array.rows[14].cols[0].u_pe.psum_out$4329
     2/2: $u_array.rows[14].cols[0].u_pe.act_out$4328
Creating decoders for process `\top.$4322'.
     1/2: $u_array.rows[14].cols[0].u_pe.weight$4323
     2/2: $u_array.rows[14].cols[0].u_pe.weight$4324
Creating decoders for process `\top.$4307'.
     1/2: $u_array.rows[13].cols[15].u_pe.psum_out$4311
     2/2: $u_array.rows[13].cols[15].u_pe.act_out$4310
Creating decoders for process `\top.$4304'.
     1/2: $u_array.rows[13].cols[15].u_pe.weight$4305
     2/2: $u_array.rows[13].cols[15].u_pe.weight$4306
Creating decoders for process `\top.$4289'.
     1/2: $u_array.rows[13].cols[14].u_pe.psum_out$4293
     2/2: $u_array.rows[13].cols[14].u_pe.act_out$4292
Creating decoders for process `\top.$4286'.
     1/2: $u_array.rows[13].cols[14].u_pe.weight$4287
     2/2: $u_array.rows[13].cols[14].u_pe.weight$4288
Creating decoders for process `\top.$4271'.
     1/2: $u_array.rows[13].cols[13].u_pe.psum_out$4275
     2/2: $u_array.rows[13].cols[13].u_pe.act_out$4274
Creating decoders for process `\top.$4268'.
     1/2: $u_array.rows[13].cols[13].u_pe.weight$4269
     2/2: $u_array.rows[13].cols[13].u_pe.weight$4270
Creating decoders for process `\top.$4253'.
     1/2: $u_array.rows[13].cols[12].u_pe.psum_out$4257
     2/2: $u_array.rows[13].cols[12].u_pe.act_out$4256
Creating decoders for process `\top.$4250'.
     1/2: $u_array.rows[13].cols[12].u_pe.weight$4251
     2/2: $u_array.rows[13].cols[12].u_pe.weight$4252
Creating decoders for process `\top.$4235'.
     1/2: $u_array.rows[13].cols[11].u_pe.psum_out$4239
     2/2: $u_array.rows[13].cols[11].u_pe.act_out$4238
Creating decoders for process `\top.$4232'.
     1/2: $u_array.rows[13].cols[11].u_pe.weight$4233
     2/2: $u_array.rows[13].cols[11].u_pe.weight$4234
Creating decoders for process `\top.$4217'.
     1/2: $u_array.rows[13].cols[10].u_pe.psum_out$4221
     2/2: $u_array.rows[13].cols[10].u_pe.act_out$4220
Creating decoders for process `\top.$4214'.
     1/2: $u_array.rows[13].cols[10].u_pe.weight$4215
     2/2: $u_array.rows[13].cols[10].u_pe.weight$4216
Creating decoders for process `\top.$4199'.
     1/2: $u_array.rows[13].cols[9].u_pe.psum_out$4203
     2/2: $u_array.rows[13].cols[9].u_pe.act_out$4202
Creating decoders for process `\top.$4196'.
     1/2: $u_array.rows[13].cols[9].u_pe.weight$4197
     2/2: $u_array.rows[13].cols[9].u_pe.weight$4198
Creating decoders for process `\top.$4181'.
     1/2: $u_array.rows[13].cols[8].u_pe.psum_out$4185
     2/2: $u_array.rows[13].cols[8].u_pe.act_out$4184
Creating decoders for process `\top.$4178'.
     1/2: $u_array.rows[13].cols[8].u_pe.weight$4179
     2/2: $u_array.rows[13].cols[8].u_pe.weight$4180
Creating decoders for process `\top.$4163'.
     1/2: $u_array.rows[13].cols[7].u_pe.psum_out$4167
     2/2: $u_array.rows[13].cols[7].u_pe.act_out$4166
Creating decoders for process `\top.$4160'.
     1/2: $u_array.rows[13].cols[7].u_pe.weight$4161
     2/2: $u_array.rows[13].cols[7].u_pe.weight$4162
Creating decoders for process `\top.$4145'.
     1/2: $u_array.rows[13].cols[6].u_pe.psum_out$4149
     2/2: $u_array.rows[13].cols[6].u_pe.act_out$4148
Creating decoders for process `\top.$4142'.
     1/2: $u_array.rows[13].cols[6].u_pe.weight$4143
     2/2: $u_array.rows[13].cols[6].u_pe.weight$4144
Creating decoders for process `\top.$4127'.
     1/2: $u_array.rows[13].cols[5].u_pe.psum_out$4131
     2/2: $u_array.rows[13].cols[5].u_pe.act_out$4130
Creating decoders for process `\top.$4124'.
     1/2: $u_array.rows[13].cols[5].u_pe.weight$4125
     2/2: $u_array.rows[13].cols[5].u_pe.weight$4126
Creating decoders for process `\top.$4109'.
     1/2: $u_array.rows[13].cols[4].u_pe.psum_out$4113
     2/2: $u_array.rows[13].cols[4].u_pe.act_out$4112
Creating decoders for process `\top.$4106'.
     1/2: $u_array.rows[13].cols[4].u_pe.weight$4107
     2/2: $u_array.rows[13].cols[4].u_pe.weight$4108
Creating decoders for process `\top.$4091'.
     1/2: $u_array.rows[13].cols[3].u_pe.psum_out$4095
     2/2: $u_array.rows[13].cols[3].u_pe.act_out$4094
Creating decoders for process `\top.$4088'.
     1/2: $u_array.rows[13].cols[3].u_pe.weight$4089
     2/2: $u_array.rows[13].cols[3].u_pe.weight$4090
Creating decoders for process `\top.$4073'.
     1/2: $u_array.rows[13].cols[2].u_pe.psum_out$4077
     2/2: $u_array.rows[13].cols[2].u_pe.act_out$4076
Creating decoders for process `\top.$4070'.
     1/2: $u_array.rows[13].cols[2].u_pe.weight$4071
     2/2: $u_array.rows[13].cols[2].u_pe.weight$4072
Creating decoders for process `\top.$4055'.
     1/2: $u_array.rows[13].cols[1].u_pe.psum_out$4059
     2/2: $u_array.rows[13].cols[1].u_pe.act_out$4058
Creating decoders for process `\top.$4052'.
     1/2: $u_array.rows[13].cols[1].u_pe.weight$4053
     2/2: $u_array.rows[13].cols[1].u_pe.weight$4054
Creating decoders for process `\top.$4037'.
     1/2: $u_array.rows[13].cols[0].u_pe.psum_out$4041
     2/2: $u_array.rows[13].cols[0].u_pe.act_out$4040
Creating decoders for process `\top.$4034'.
     1/2: $u_array.rows[13].cols[0].u_pe.weight$4035
     2/2: $u_array.rows[13].cols[0].u_pe.weight$4036
Creating decoders for process `\top.$4019'.
     1/2: $u_array.rows[12].cols[15].u_pe.psum_out$4023
     2/2: $u_array.rows[12].cols[15].u_pe.act_out$4022
Creating decoders for process `\top.$4016'.
     1/2: $u_array.rows[12].cols[15].u_pe.weight$4017
     2/2: $u_array.rows[12].cols[15].u_pe.weight$4018
Creating decoders for process `\top.$4001'.
     1/2: $u_array.rows[12].cols[14].u_pe.psum_out$4005
     2/2: $u_array.rows[12].cols[14].u_pe.act_out$4004
Creating decoders for process `\top.$3998'.
     1/2: $u_array.rows[12].cols[14].u_pe.weight$3999
     2/2: $u_array.rows[12].cols[14].u_pe.weight$4000
Creating decoders for process `\top.$3983'.
     1/2: $u_array.rows[12].cols[13].u_pe.psum_out$3987
     2/2: $u_array.rows[12].cols[13].u_pe.act_out$3986
Creating decoders for process `\top.$3980'.
     1/2: $u_array.rows[12].cols[13].u_pe.weight$3981
     2/2: $u_array.rows[12].cols[13].u_pe.weight$3982
Creating decoders for process `\top.$3965'.
     1/2: $u_array.rows[12].cols[12].u_pe.psum_out$3969
     2/2: $u_array.rows[12].cols[12].u_pe.act_out$3968
Creating decoders for process `\top.$3962'.
     1/2: $u_array.rows[12].cols[12].u_pe.weight$3963
     2/2: $u_array.rows[12].cols[12].u_pe.weight$3964
Creating decoders for process `\top.$3947'.
     1/2: $u_array.rows[12].cols[11].u_pe.psum_out$3951
     2/2: $u_array.rows[12].cols[11].u_pe.act_out$3950
Creating decoders for process `\top.$3944'.
     1/2: $u_array.rows[12].cols[11].u_pe.weight$3945
     2/2: $u_array.rows[12].cols[11].u_pe.weight$3946
Creating decoders for process `\top.$3929'.
     1/2: $u_array.rows[12].cols[10].u_pe.psum_out$3933
     2/2: $u_array.rows[12].cols[10].u_pe.act_out$3932
Creating decoders for process `\top.$3926'.
     1/2: $u_array.rows[12].cols[10].u_pe.weight$3927
     2/2: $u_array.rows[12].cols[10].u_pe.weight$3928
Creating decoders for process `\top.$3911'.
     1/2: $u_array.rows[12].cols[9].u_pe.psum_out$3915
     2/2: $u_array.rows[12].cols[9].u_pe.act_out$3914
Creating decoders for process `\top.$3908'.
     1/2: $u_array.rows[12].cols[9].u_pe.weight$3909
     2/2: $u_array.rows[12].cols[9].u_pe.weight$3910
Creating decoders for process `\top.$3893'.
     1/2: $u_array.rows[12].cols[8].u_pe.psum_out$3897
     2/2: $u_array.rows[12].cols[8].u_pe.act_out$3896
Creating decoders for process `\top.$3890'.
     1/2: $u_array.rows[12].cols[8].u_pe.weight$3891
     2/2: $u_array.rows[12].cols[8].u_pe.weight$3892
Creating decoders for process `\top.$3875'.
     1/2: $u_array.rows[12].cols[7].u_pe.psum_out$3879
     2/2: $u_array.rows[12].cols[7].u_pe.act_out$3878
Creating decoders for process `\top.$3872'.
     1/2: $u_array.rows[12].cols[7].u_pe.weight$3873
     2/2: $u_array.rows[12].cols[7].u_pe.weight$3874
Creating decoders for process `\top.$3857'.
     1/2: $u_array.rows[12].cols[6].u_pe.psum_out$3861
     2/2: $u_array.rows[12].cols[6].u_pe.act_out$3860
Creating decoders for process `\top.$3854'.
     1/2: $u_array.rows[12].cols[6].u_pe.weight$3855
     2/2: $u_array.rows[12].cols[6].u_pe.weight$3856
Creating decoders for process `\top.$3839'.
     1/2: $u_array.rows[12].cols[5].u_pe.psum_out$3843
     2/2: $u_array.rows[12].cols[5].u_pe.act_out$3842
Creating decoders for process `\top.$3836'.
     1/2: $u_array.rows[12].cols[5].u_pe.weight$3837
     2/2: $u_array.rows[12].cols[5].u_pe.weight$3838
Creating decoders for process `\top.$3821'.
     1/2: $u_array.rows[12].cols[4].u_pe.psum_out$3825
     2/2: $u_array.rows[12].cols[4].u_pe.act_out$3824
Creating decoders for process `\top.$3818'.
     1/2: $u_array.rows[12].cols[4].u_pe.weight$3819
     2/2: $u_array.rows[12].cols[4].u_pe.weight$3820
Creating decoders for process `\top.$3803'.
     1/2: $u_array.rows[12].cols[3].u_pe.psum_out$3807
     2/2: $u_array.rows[12].cols[3].u_pe.act_out$3806
Creating decoders for process `\top.$3800'.
     1/2: $u_array.rows[12].cols[3].u_pe.weight$3801
     2/2: $u_array.rows[12].cols[3].u_pe.weight$3802
Creating decoders for process `\top.$3785'.
     1/2: $u_array.rows[12].cols[2].u_pe.psum_out$3789
     2/2: $u_array.rows[12].cols[2].u_pe.act_out$3788
Creating decoders for process `\top.$3782'.
     1/2: $u_array.rows[12].cols[2].u_pe.weight$3783
     2/2: $u_array.rows[12].cols[2].u_pe.weight$3784
Creating decoders for process `\top.$3767'.
     1/2: $u_array.rows[12].cols[1].u_pe.psum_out$3771
     2/2: $u_array.rows[12].cols[1].u_pe.act_out$3770
Creating decoders for process `\top.$3764'.
     1/2: $u_array.rows[12].cols[1].u_pe.weight$3765
     2/2: $u_array.rows[12].cols[1].u_pe.weight$3766
Creating decoders for process `\top.$3749'.
     1/2: $u_array.rows[12].cols[0].u_pe.psum_out$3753
     2/2: $u_array.rows[12].cols[0].u_pe.act_out$3752
Creating decoders for process `\top.$3746'.
     1/2: $u_array.rows[12].cols[0].u_pe.weight$3747
     2/2: $u_array.rows[12].cols[0].u_pe.weight$3748
Creating decoders for process `\top.$3731'.
     1/2: $u_array.rows[11].cols[15].u_pe.psum_out$3735
     2/2: $u_array.rows[11].cols[15].u_pe.act_out$3734
Creating decoders for process `\top.$3728'.
     1/2: $u_array.rows[11].cols[15].u_pe.weight$3729
     2/2: $u_array.rows[11].cols[15].u_pe.weight$3730
Creating decoders for process `\top.$3713'.
     1/2: $u_array.rows[11].cols[14].u_pe.psum_out$3717
     2/2: $u_array.rows[11].cols[14].u_pe.act_out$3716
Creating decoders for process `\top.$3710'.
     1/2: $u_array.rows[11].cols[14].u_pe.weight$3711
     2/2: $u_array.rows[11].cols[14].u_pe.weight$3712
Creating decoders for process `\top.$3695'.
     1/2: $u_array.rows[11].cols[13].u_pe.psum_out$3699
     2/2: $u_array.rows[11].cols[13].u_pe.act_out$3698
Creating decoders for process `\top.$3692'.
     1/2: $u_array.rows[11].cols[13].u_pe.weight$3693
     2/2: $u_array.rows[11].cols[13].u_pe.weight$3694
Creating decoders for process `\top.$3677'.
     1/2: $u_array.rows[11].cols[12].u_pe.psum_out$3681
     2/2: $u_array.rows[11].cols[12].u_pe.act_out$3680
Creating decoders for process `\top.$3674'.
     1/2: $u_array.rows[11].cols[12].u_pe.weight$3675
     2/2: $u_array.rows[11].cols[12].u_pe.weight$3676
Creating decoders for process `\top.$3659'.
     1/2: $u_array.rows[11].cols[11].u_pe.psum_out$3663
     2/2: $u_array.rows[11].cols[11].u_pe.act_out$3662
Creating decoders for process `\top.$3656'.
     1/2: $u_array.rows[11].cols[11].u_pe.weight$3657
     2/2: $u_array.rows[11].cols[11].u_pe.weight$3658
Creating decoders for process `\top.$3641'.
     1/2: $u_array.rows[11].cols[10].u_pe.psum_out$3645
     2/2: $u_array.rows[11].cols[10].u_pe.act_out$3644
Creating decoders for process `\top.$3638'.
     1/2: $u_array.rows[11].cols[10].u_pe.weight$3639
     2/2: $u_array.rows[11].cols[10].u_pe.weight$3640
Creating decoders for process `\top.$3623'.
     1/2: $u_array.rows[11].cols[9].u_pe.psum_out$3627
     2/2: $u_array.rows[11].cols[9].u_pe.act_out$3626
Creating decoders for process `\top.$3620'.
     1/2: $u_array.rows[11].cols[9].u_pe.weight$3621
     2/2: $u_array.rows[11].cols[9].u_pe.weight$3622
Creating decoders for process `\top.$3605'.
     1/2: $u_array.rows[11].cols[8].u_pe.psum_out$3609
     2/2: $u_array.rows[11].cols[8].u_pe.act_out$3608
Creating decoders for process `\top.$3602'.
     1/2: $u_array.rows[11].cols[8].u_pe.weight$3603
     2/2: $u_array.rows[11].cols[8].u_pe.weight$3604
Creating decoders for process `\top.$3587'.
     1/2: $u_array.rows[11].cols[7].u_pe.psum_out$3591
     2/2: $u_array.rows[11].cols[7].u_pe.act_out$3590
Creating decoders for process `\top.$3584'.
     1/2: $u_array.rows[11].cols[7].u_pe.weight$3585
     2/2: $u_array.rows[11].cols[7].u_pe.weight$3586
Creating decoders for process `\top.$3569'.
     1/2: $u_array.rows[11].cols[6].u_pe.psum_out$3573
     2/2: $u_array.rows[11].cols[6].u_pe.act_out$3572
Creating decoders for process `\top.$3566'.
     1/2: $u_array.rows[11].cols[6].u_pe.weight$3567
     2/2: $u_array.rows[11].cols[6].u_pe.weight$3568
Creating decoders for process `\top.$3551'.
     1/2: $u_array.rows[11].cols[5].u_pe.psum_out$3555
     2/2: $u_array.rows[11].cols[5].u_pe.act_out$3554
Creating decoders for process `\top.$3548'.
     1/2: $u_array.rows[11].cols[5].u_pe.weight$3549
     2/2: $u_array.rows[11].cols[5].u_pe.weight$3550
Creating decoders for process `\top.$3533'.
     1/2: $u_array.rows[11].cols[4].u_pe.psum_out$3537
     2/2: $u_array.rows[11].cols[4].u_pe.act_out$3536
Creating decoders for process `\top.$3530'.
     1/2: $u_array.rows[11].cols[4].u_pe.weight$3531
     2/2: $u_array.rows[11].cols[4].u_pe.weight$3532
Creating decoders for process `\top.$3515'.
     1/2: $u_array.rows[11].cols[3].u_pe.psum_out$3519
     2/2: $u_array.rows[11].cols[3].u_pe.act_out$3518
Creating decoders for process `\top.$3512'.
     1/2: $u_array.rows[11].cols[3].u_pe.weight$3513
     2/2: $u_array.rows[11].cols[3].u_pe.weight$3514
Creating decoders for process `\top.$3497'.
     1/2: $u_array.rows[11].cols[2].u_pe.psum_out$3501
     2/2: $u_array.rows[11].cols[2].u_pe.act_out$3500
Creating decoders for process `\top.$3494'.
     1/2: $u_array.rows[11].cols[2].u_pe.weight$3495
     2/2: $u_array.rows[11].cols[2].u_pe.weight$3496
Creating decoders for process `\top.$3479'.
     1/2: $u_array.rows[11].cols[1].u_pe.psum_out$3483
     2/2: $u_array.rows[11].cols[1].u_pe.act_out$3482
Creating decoders for process `\top.$3476'.
     1/2: $u_array.rows[11].cols[1].u_pe.weight$3477
     2/2: $u_array.rows[11].cols[1].u_pe.weight$3478
Creating decoders for process `\top.$3461'.
     1/2: $u_array.rows[11].cols[0].u_pe.psum_out$3465
     2/2: $u_array.rows[11].cols[0].u_pe.act_out$3464
Creating decoders for process `\top.$3458'.
     1/2: $u_array.rows[11].cols[0].u_pe.weight$3459
     2/2: $u_array.rows[11].cols[0].u_pe.weight$3460
Creating decoders for process `\top.$3443'.
     1/2: $u_array.rows[10].cols[15].u_pe.psum_out$3447
     2/2: $u_array.rows[10].cols[15].u_pe.act_out$3446
Creating decoders for process `\top.$3440'.
     1/2: $u_array.rows[10].cols[15].u_pe.weight$3441
     2/2: $u_array.rows[10].cols[15].u_pe.weight$3442
Creating decoders for process `\top.$3425'.
     1/2: $u_array.rows[10].cols[14].u_pe.psum_out$3429
     2/2: $u_array.rows[10].cols[14].u_pe.act_out$3428
Creating decoders for process `\top.$3422'.
     1/2: $u_array.rows[10].cols[14].u_pe.weight$3423
     2/2: $u_array.rows[10].cols[14].u_pe.weight$3424
Creating decoders for process `\top.$3407'.
     1/2: $u_array.rows[10].cols[13].u_pe.psum_out$3411
     2/2: $u_array.rows[10].cols[13].u_pe.act_out$3410
Creating decoders for process `\top.$3404'.
     1/2: $u_array.rows[10].cols[13].u_pe.weight$3405
     2/2: $u_array.rows[10].cols[13].u_pe.weight$3406
Creating decoders for process `\top.$3389'.
     1/2: $u_array.rows[10].cols[12].u_pe.psum_out$3393
     2/2: $u_array.rows[10].cols[12].u_pe.act_out$3392
Creating decoders for process `\top.$3386'.
     1/2: $u_array.rows[10].cols[12].u_pe.weight$3387
     2/2: $u_array.rows[10].cols[12].u_pe.weight$3388
Creating decoders for process `\top.$3371'.
     1/2: $u_array.rows[10].cols[11].u_pe.psum_out$3375
     2/2: $u_array.rows[10].cols[11].u_pe.act_out$3374
Creating decoders for process `\top.$3368'.
     1/2: $u_array.rows[10].cols[11].u_pe.weight$3369
     2/2: $u_array.rows[10].cols[11].u_pe.weight$3370
Creating decoders for process `\top.$3353'.
     1/2: $u_array.rows[10].cols[10].u_pe.psum_out$3357
     2/2: $u_array.rows[10].cols[10].u_pe.act_out$3356
Creating decoders for process `\top.$3350'.
     1/2: $u_array.rows[10].cols[10].u_pe.weight$3351
     2/2: $u_array.rows[10].cols[10].u_pe.weight$3352
Creating decoders for process `\top.$3335'.
     1/2: $u_array.rows[10].cols[9].u_pe.psum_out$3339
     2/2: $u_array.rows[10].cols[9].u_pe.act_out$3338
Creating decoders for process `\top.$3332'.
     1/2: $u_array.rows[10].cols[9].u_pe.weight$3333
     2/2: $u_array.rows[10].cols[9].u_pe.weight$3334
Creating decoders for process `\top.$3317'.
     1/2: $u_array.rows[10].cols[8].u_pe.psum_out$3321
     2/2: $u_array.rows[10].cols[8].u_pe.act_out$3320
Creating decoders for process `\top.$3314'.
     1/2: $u_array.rows[10].cols[8].u_pe.weight$3315
     2/2: $u_array.rows[10].cols[8].u_pe.weight$3316
Creating decoders for process `\top.$3299'.
     1/2: $u_array.rows[10].cols[7].u_pe.psum_out$3303
     2/2: $u_array.rows[10].cols[7].u_pe.act_out$3302
Creating decoders for process `\top.$3296'.
     1/2: $u_array.rows[10].cols[7].u_pe.weight$3297
     2/2: $u_array.rows[10].cols[7].u_pe.weight$3298
Creating decoders for process `\top.$3281'.
     1/2: $u_array.rows[10].cols[6].u_pe.psum_out$3285
     2/2: $u_array.rows[10].cols[6].u_pe.act_out$3284
Creating decoders for process `\top.$3278'.
     1/2: $u_array.rows[10].cols[6].u_pe.weight$3279
     2/2: $u_array.rows[10].cols[6].u_pe.weight$3280
Creating decoders for process `\top.$3263'.
     1/2: $u_array.rows[10].cols[5].u_pe.psum_out$3267
     2/2: $u_array.rows[10].cols[5].u_pe.act_out$3266
Creating decoders for process `\top.$3260'.
     1/2: $u_array.rows[10].cols[5].u_pe.weight$3261
     2/2: $u_array.rows[10].cols[5].u_pe.weight$3262
Creating decoders for process `\top.$3245'.
     1/2: $u_array.rows[10].cols[4].u_pe.psum_out$3249
     2/2: $u_array.rows[10].cols[4].u_pe.act_out$3248
Creating decoders for process `\top.$3242'.
     1/2: $u_array.rows[10].cols[4].u_pe.weight$3243
     2/2: $u_array.rows[10].cols[4].u_pe.weight$3244
Creating decoders for process `\top.$3227'.
     1/2: $u_array.rows[10].cols[3].u_pe.psum_out$3231
     2/2: $u_array.rows[10].cols[3].u_pe.act_out$3230
Creating decoders for process `\top.$3224'.
     1/2: $u_array.rows[10].cols[3].u_pe.weight$3225
     2/2: $u_array.rows[10].cols[3].u_pe.weight$3226
Creating decoders for process `\top.$3209'.
     1/2: $u_array.rows[10].cols[2].u_pe.psum_out$3213
     2/2: $u_array.rows[10].cols[2].u_pe.act_out$3212
Creating decoders for process `\top.$3206'.
     1/2: $u_array.rows[10].cols[2].u_pe.weight$3207
     2/2: $u_array.rows[10].cols[2].u_pe.weight$3208
Creating decoders for process `\top.$3191'.
     1/2: $u_array.rows[10].cols[1].u_pe.psum_out$3195
     2/2: $u_array.rows[10].cols[1].u_pe.act_out$3194
Creating decoders for process `\top.$3188'.
     1/2: $u_array.rows[10].cols[1].u_pe.weight$3189
     2/2: $u_array.rows[10].cols[1].u_pe.weight$3190
Creating decoders for process `\top.$3173'.
     1/2: $u_array.rows[10].cols[0].u_pe.psum_out$3177
     2/2: $u_array.rows[10].cols[0].u_pe.act_out$3176
Creating decoders for process `\top.$3170'.
     1/2: $u_array.rows[10].cols[0].u_pe.weight$3171
     2/2: $u_array.rows[10].cols[0].u_pe.weight$3172
Creating decoders for process `\top.$3155'.
     1/2: $u_array.rows[9].cols[15].u_pe.psum_out$3159
     2/2: $u_array.rows[9].cols[15].u_pe.act_out$3158
Creating decoders for process `\top.$3152'.
     1/2: $u_array.rows[9].cols[15].u_pe.weight$3153
     2/2: $u_array.rows[9].cols[15].u_pe.weight$3154
Creating decoders for process `\top.$3137'.
     1/2: $u_array.rows[9].cols[14].u_pe.psum_out$3141
     2/2: $u_array.rows[9].cols[14].u_pe.act_out$3140
Creating decoders for process `\top.$3134'.
     1/2: $u_array.rows[9].cols[14].u_pe.weight$3135
     2/2: $u_array.rows[9].cols[14].u_pe.weight$3136
Creating decoders for process `\top.$3119'.
     1/2: $u_array.rows[9].cols[13].u_pe.psum_out$3123
     2/2: $u_array.rows[9].cols[13].u_pe.act_out$3122
Creating decoders for process `\top.$3116'.
     1/2: $u_array.rows[9].cols[13].u_pe.weight$3117
     2/2: $u_array.rows[9].cols[13].u_pe.weight$3118
Creating decoders for process `\top.$3101'.
     1/2: $u_array.rows[9].cols[12].u_pe.psum_out$3105
     2/2: $u_array.rows[9].cols[12].u_pe.act_out$3104
Creating decoders for process `\top.$3098'.
     1/2: $u_array.rows[9].cols[12].u_pe.weight$3099
     2/2: $u_array.rows[9].cols[12].u_pe.weight$3100
Creating decoders for process `\top.$3083'.
     1/2: $u_array.rows[9].cols[11].u_pe.psum_out$3087
     2/2: $u_array.rows[9].cols[11].u_pe.act_out$3086
Creating decoders for process `\top.$3080'.
     1/2: $u_array.rows[9].cols[11].u_pe.weight$3081
     2/2: $u_array.rows[9].cols[11].u_pe.weight$3082
Creating decoders for process `\top.$3065'.
     1/2: $u_array.rows[9].cols[10].u_pe.psum_out$3069
     2/2: $u_array.rows[9].cols[10].u_pe.act_out$3068
Creating decoders for process `\top.$3062'.
     1/2: $u_array.rows[9].cols[10].u_pe.weight$3063
     2/2: $u_array.rows[9].cols[10].u_pe.weight$3064
Creating decoders for process `\top.$3047'.
     1/2: $u_array.rows[9].cols[9].u_pe.psum_out$3051
     2/2: $u_array.rows[9].cols[9].u_pe.act_out$3050
Creating decoders for process `\top.$3044'.
     1/2: $u_array.rows[9].cols[9].u_pe.weight$3045
     2/2: $u_array.rows[9].cols[9].u_pe.weight$3046
Creating decoders for process `\top.$3029'.
     1/2: $u_array.rows[9].cols[8].u_pe.psum_out$3033
     2/2: $u_array.rows[9].cols[8].u_pe.act_out$3032
Creating decoders for process `\top.$3026'.
     1/2: $u_array.rows[9].cols[8].u_pe.weight$3027
     2/2: $u_array.rows[9].cols[8].u_pe.weight$3028
Creating decoders for process `\top.$3011'.
     1/2: $u_array.rows[9].cols[7].u_pe.psum_out$3015
     2/2: $u_array.rows[9].cols[7].u_pe.act_out$3014
Creating decoders for process `\top.$3008'.
     1/2: $u_array.rows[9].cols[7].u_pe.weight$3009
     2/2: $u_array.rows[9].cols[7].u_pe.weight$3010
Creating decoders for process `\top.$2993'.
     1/2: $u_array.rows[9].cols[6].u_pe.psum_out$2997
     2/2: $u_array.rows[9].cols[6].u_pe.act_out$2996
Creating decoders for process `\top.$2990'.
     1/2: $u_array.rows[9].cols[6].u_pe.weight$2991
     2/2: $u_array.rows[9].cols[6].u_pe.weight$2992
Creating decoders for process `\top.$2975'.
     1/2: $u_array.rows[9].cols[5].u_pe.psum_out$2979
     2/2: $u_array.rows[9].cols[5].u_pe.act_out$2978
Creating decoders for process `\top.$2972'.
     1/2: $u_array.rows[9].cols[5].u_pe.weight$2973
     2/2: $u_array.rows[9].cols[5].u_pe.weight$2974
Creating decoders for process `\top.$2957'.
     1/2: $u_array.rows[9].cols[4].u_pe.psum_out$2961
     2/2: $u_array.rows[9].cols[4].u_pe.act_out$2960
Creating decoders for process `\top.$2954'.
     1/2: $u_array.rows[9].cols[4].u_pe.weight$2955
     2/2: $u_array.rows[9].cols[4].u_pe.weight$2956
Creating decoders for process `\top.$2939'.
     1/2: $u_array.rows[9].cols[3].u_pe.psum_out$2943
     2/2: $u_array.rows[9].cols[3].u_pe.act_out$2942
Creating decoders for process `\top.$2936'.
     1/2: $u_array.rows[9].cols[3].u_pe.weight$2937
     2/2: $u_array.rows[9].cols[3].u_pe.weight$2938
Creating decoders for process `\top.$2921'.
     1/2: $u_array.rows[9].cols[2].u_pe.psum_out$2925
     2/2: $u_array.rows[9].cols[2].u_pe.act_out$2924
Creating decoders for process `\top.$2918'.
     1/2: $u_array.rows[9].cols[2].u_pe.weight$2919
     2/2: $u_array.rows[9].cols[2].u_pe.weight$2920
Creating decoders for process `\top.$2903'.
     1/2: $u_array.rows[9].cols[1].u_pe.psum_out$2907
     2/2: $u_array.rows[9].cols[1].u_pe.act_out$2906
Creating decoders for process `\top.$2900'.
     1/2: $u_array.rows[9].cols[1].u_pe.weight$2901
     2/2: $u_array.rows[9].cols[1].u_pe.weight$2902
Creating decoders for process `\top.$2885'.
     1/2: $u_array.rows[9].cols[0].u_pe.psum_out$2889
     2/2: $u_array.rows[9].cols[0].u_pe.act_out$2888
Creating decoders for process `\top.$2882'.
     1/2: $u_array.rows[9].cols[0].u_pe.weight$2883
     2/2: $u_array.rows[9].cols[0].u_pe.weight$2884
Creating decoders for process `\top.$2867'.
     1/2: $u_array.rows[8].cols[15].u_pe.psum_out$2871
     2/2: $u_array.rows[8].cols[15].u_pe.act_out$2870
Creating decoders for process `\top.$2864'.
     1/2: $u_array.rows[8].cols[15].u_pe.weight$2865
     2/2: $u_array.rows[8].cols[15].u_pe.weight$2866
Creating decoders for process `\top.$2849'.
     1/2: $u_array.rows[8].cols[14].u_pe.psum_out$2853
     2/2: $u_array.rows[8].cols[14].u_pe.act_out$2852
Creating decoders for process `\top.$2846'.
     1/2: $u_array.rows[8].cols[14].u_pe.weight$2847
     2/2: $u_array.rows[8].cols[14].u_pe.weight$2848
Creating decoders for process `\top.$2831'.
     1/2: $u_array.rows[8].cols[13].u_pe.psum_out$2835
     2/2: $u_array.rows[8].cols[13].u_pe.act_out$2834
Creating decoders for process `\top.$2828'.
     1/2: $u_array.rows[8].cols[13].u_pe.weight$2829
     2/2: $u_array.rows[8].cols[13].u_pe.weight$2830
Creating decoders for process `\top.$2813'.
     1/2: $u_array.rows[8].cols[12].u_pe.psum_out$2817
     2/2: $u_array.rows[8].cols[12].u_pe.act_out$2816
Creating decoders for process `\top.$2810'.
     1/2: $u_array.rows[8].cols[12].u_pe.weight$2811
     2/2: $u_array.rows[8].cols[12].u_pe.weight$2812
Creating decoders for process `\top.$2795'.
     1/2: $u_array.rows[8].cols[11].u_pe.psum_out$2799
     2/2: $u_array.rows[8].cols[11].u_pe.act_out$2798
Creating decoders for process `\top.$2792'.
     1/2: $u_array.rows[8].cols[11].u_pe.weight$2793
     2/2: $u_array.rows[8].cols[11].u_pe.weight$2794
Creating decoders for process `\top.$2777'.
     1/2: $u_array.rows[8].cols[10].u_pe.psum_out$2781
     2/2: $u_array.rows[8].cols[10].u_pe.act_out$2780
Creating decoders for process `\top.$2774'.
     1/2: $u_array.rows[8].cols[10].u_pe.weight$2775
     2/2: $u_array.rows[8].cols[10].u_pe.weight$2776
Creating decoders for process `\top.$2759'.
     1/2: $u_array.rows[8].cols[9].u_pe.psum_out$2763
     2/2: $u_array.rows[8].cols[9].u_pe.act_out$2762
Creating decoders for process `\top.$2756'.
     1/2: $u_array.rows[8].cols[9].u_pe.weight$2757
     2/2: $u_array.rows[8].cols[9].u_pe.weight$2758
Creating decoders for process `\top.$2741'.
     1/2: $u_array.rows[8].cols[8].u_pe.psum_out$2745
     2/2: $u_array.rows[8].cols[8].u_pe.act_out$2744
Creating decoders for process `\top.$2738'.
     1/2: $u_array.rows[8].cols[8].u_pe.weight$2739
     2/2: $u_array.rows[8].cols[8].u_pe.weight$2740
Creating decoders for process `\top.$2723'.
     1/2: $u_array.rows[8].cols[7].u_pe.psum_out$2727
     2/2: $u_array.rows[8].cols[7].u_pe.act_out$2726
Creating decoders for process `\top.$2720'.
     1/2: $u_array.rows[8].cols[7].u_pe.weight$2721
     2/2: $u_array.rows[8].cols[7].u_pe.weight$2722
Creating decoders for process `\top.$2705'.
     1/2: $u_array.rows[8].cols[6].u_pe.psum_out$2709
     2/2: $u_array.rows[8].cols[6].u_pe.act_out$2708
Creating decoders for process `\top.$2702'.
     1/2: $u_array.rows[8].cols[6].u_pe.weight$2703
     2/2: $u_array.rows[8].cols[6].u_pe.weight$2704
Creating decoders for process `\top.$2687'.
     1/2: $u_array.rows[8].cols[5].u_pe.psum_out$2691
     2/2: $u_array.rows[8].cols[5].u_pe.act_out$2690
Creating decoders for process `\top.$2684'.
     1/2: $u_array.rows[8].cols[5].u_pe.weight$2685
     2/2: $u_array.rows[8].cols[5].u_pe.weight$2686
Creating decoders for process `\top.$2669'.
     1/2: $u_array.rows[8].cols[4].u_pe.psum_out$2673
     2/2: $u_array.rows[8].cols[4].u_pe.act_out$2672
Creating decoders for process `\top.$2666'.
     1/2: $u_array.rows[8].cols[4].u_pe.weight$2667
     2/2: $u_array.rows[8].cols[4].u_pe.weight$2668
Creating decoders for process `\top.$2651'.
     1/2: $u_array.rows[8].cols[3].u_pe.psum_out$2655
     2/2: $u_array.rows[8].cols[3].u_pe.act_out$2654
Creating decoders for process `\top.$2648'.
     1/2: $u_array.rows[8].cols[3].u_pe.weight$2649
     2/2: $u_array.rows[8].cols[3].u_pe.weight$2650
Creating decoders for process `\top.$2633'.
     1/2: $u_array.rows[8].cols[2].u_pe.psum_out$2637
     2/2: $u_array.rows[8].cols[2].u_pe.act_out$2636
Creating decoders for process `\top.$2630'.
     1/2: $u_array.rows[8].cols[2].u_pe.weight$2631
     2/2: $u_array.rows[8].cols[2].u_pe.weight$2632
Creating decoders for process `\top.$2615'.
     1/2: $u_array.rows[8].cols[1].u_pe.psum_out$2619
     2/2: $u_array.rows[8].cols[1].u_pe.act_out$2618
Creating decoders for process `\top.$2612'.
     1/2: $u_array.rows[8].cols[1].u_pe.weight$2613
     2/2: $u_array.rows[8].cols[1].u_pe.weight$2614
Creating decoders for process `\top.$2597'.
     1/2: $u_array.rows[8].cols[0].u_pe.psum_out$2601
     2/2: $u_array.rows[8].cols[0].u_pe.act_out$2600
Creating decoders for process `\top.$2594'.
     1/2: $u_array.rows[8].cols[0].u_pe.weight$2595
     2/2: $u_array.rows[8].cols[0].u_pe.weight$2596
Creating decoders for process `\top.$2579'.
     1/2: $u_array.rows[7].cols[15].u_pe.psum_out$2583
     2/2: $u_array.rows[7].cols[15].u_pe.act_out$2582
Creating decoders for process `\top.$2576'.
     1/2: $u_array.rows[7].cols[15].u_pe.weight$2577
     2/2: $u_array.rows[7].cols[15].u_pe.weight$2578
Creating decoders for process `\top.$2561'.
     1/2: $u_array.rows[7].cols[14].u_pe.psum_out$2565
     2/2: $u_array.rows[7].cols[14].u_pe.act_out$2564
Creating decoders for process `\top.$2558'.
     1/2: $u_array.rows[7].cols[14].u_pe.weight$2559
     2/2: $u_array.rows[7].cols[14].u_pe.weight$2560
Creating decoders for process `\top.$2543'.
     1/2: $u_array.rows[7].cols[13].u_pe.psum_out$2547
     2/2: $u_array.rows[7].cols[13].u_pe.act_out$2546
Creating decoders for process `\top.$2540'.
     1/2: $u_array.rows[7].cols[13].u_pe.weight$2541
     2/2: $u_array.rows[7].cols[13].u_pe.weight$2542
Creating decoders for process `\top.$2525'.
     1/2: $u_array.rows[7].cols[12].u_pe.psum_out$2529
     2/2: $u_array.rows[7].cols[12].u_pe.act_out$2528
Creating decoders for process `\top.$2522'.
     1/2: $u_array.rows[7].cols[12].u_pe.weight$2523
     2/2: $u_array.rows[7].cols[12].u_pe.weight$2524
Creating decoders for process `\top.$2507'.
     1/2: $u_array.rows[7].cols[11].u_pe.psum_out$2511
     2/2: $u_array.rows[7].cols[11].u_pe.act_out$2510
Creating decoders for process `\top.$2504'.
     1/2: $u_array.rows[7].cols[11].u_pe.weight$2505
     2/2: $u_array.rows[7].cols[11].u_pe.weight$2506
Creating decoders for process `\top.$2489'.
     1/2: $u_array.rows[7].cols[10].u_pe.psum_out$2493
     2/2: $u_array.rows[7].cols[10].u_pe.act_out$2492
Creating decoders for process `\top.$2486'.
     1/2: $u_array.rows[7].cols[10].u_pe.weight$2487
     2/2: $u_array.rows[7].cols[10].u_pe.weight$2488
Creating decoders for process `\top.$2471'.
     1/2: $u_array.rows[7].cols[9].u_pe.psum_out$2475
     2/2: $u_array.rows[7].cols[9].u_pe.act_out$2474
Creating decoders for process `\top.$2468'.
     1/2: $u_array.rows[7].cols[9].u_pe.weight$2469
     2/2: $u_array.rows[7].cols[9].u_pe.weight$2470
Creating decoders for process `\top.$2453'.
     1/2: $u_array.rows[7].cols[8].u_pe.psum_out$2457
     2/2: $u_array.rows[7].cols[8].u_pe.act_out$2456
Creating decoders for process `\top.$2450'.
     1/2: $u_array.rows[7].cols[8].u_pe.weight$2451
     2/2: $u_array.rows[7].cols[8].u_pe.weight$2452
Creating decoders for process `\top.$2435'.
     1/2: $u_array.rows[7].cols[7].u_pe.psum_out$2439
     2/2: $u_array.rows[7].cols[7].u_pe.act_out$2438
Creating decoders for process `\top.$2432'.
     1/2: $u_array.rows[7].cols[7].u_pe.weight$2433
     2/2: $u_array.rows[7].cols[7].u_pe.weight$2434
Creating decoders for process `\top.$2417'.
     1/2: $u_array.rows[7].cols[6].u_pe.psum_out$2421
     2/2: $u_array.rows[7].cols[6].u_pe.act_out$2420
Creating decoders for process `\top.$2414'.
     1/2: $u_array.rows[7].cols[6].u_pe.weight$2415
     2/2: $u_array.rows[7].cols[6].u_pe.weight$2416
Creating decoders for process `\top.$2399'.
     1/2: $u_array.rows[7].cols[5].u_pe.psum_out$2403
     2/2: $u_array.rows[7].cols[5].u_pe.act_out$2402
Creating decoders for process `\top.$2396'.
     1/2: $u_array.rows[7].cols[5].u_pe.weight$2397
     2/2: $u_array.rows[7].cols[5].u_pe.weight$2398
Creating decoders for process `\top.$2381'.
     1/2: $u_array.rows[7].cols[4].u_pe.psum_out$2385
     2/2: $u_array.rows[7].cols[4].u_pe.act_out$2384
Creating decoders for process `\top.$2378'.
     1/2: $u_array.rows[7].cols[4].u_pe.weight$2379
     2/2: $u_array.rows[7].cols[4].u_pe.weight$2380
Creating decoders for process `\top.$2363'.
     1/2: $u_array.rows[7].cols[3].u_pe.psum_out$2367
     2/2: $u_array.rows[7].cols[3].u_pe.act_out$2366
Creating decoders for process `\top.$2360'.
     1/2: $u_array.rows[7].cols[3].u_pe.weight$2361
     2/2: $u_array.rows[7].cols[3].u_pe.weight$2362
Creating decoders for process `\top.$2345'.
     1/2: $u_array.rows[7].cols[2].u_pe.psum_out$2349
     2/2: $u_array.rows[7].cols[2].u_pe.act_out$2348
Creating decoders for process `\top.$2342'.
     1/2: $u_array.rows[7].cols[2].u_pe.weight$2343
     2/2: $u_array.rows[7].cols[2].u_pe.weight$2344
Creating decoders for process `\top.$2327'.
     1/2: $u_array.rows[7].cols[1].u_pe.psum_out$2331
     2/2: $u_array.rows[7].cols[1].u_pe.act_out$2330
Creating decoders for process `\top.$2324'.
     1/2: $u_array.rows[7].cols[1].u_pe.weight$2325
     2/2: $u_array.rows[7].cols[1].u_pe.weight$2326
Creating decoders for process `\top.$2309'.
     1/2: $u_array.rows[7].cols[0].u_pe.psum_out$2313
     2/2: $u_array.rows[7].cols[0].u_pe.act_out$2312
Creating decoders for process `\top.$2306'.
     1/2: $u_array.rows[7].cols[0].u_pe.weight$2307
     2/2: $u_array.rows[7].cols[0].u_pe.weight$2308
Creating decoders for process `\top.$2291'.
     1/2: $u_array.rows[6].cols[15].u_pe.psum_out$2295
     2/2: $u_array.rows[6].cols[15].u_pe.act_out$2294
Creating decoders for process `\top.$2288'.
     1/2: $u_array.rows[6].cols[15].u_pe.weight$2289
     2/2: $u_array.rows[6].cols[15].u_pe.weight$2290
Creating decoders for process `\top.$2273'.
     1/2: $u_array.rows[6].cols[14].u_pe.psum_out$2277
     2/2: $u_array.rows[6].cols[14].u_pe.act_out$2276
Creating decoders for process `\top.$2270'.
     1/2: $u_array.rows[6].cols[14].u_pe.weight$2271
     2/2: $u_array.rows[6].cols[14].u_pe.weight$2272
Creating decoders for process `\top.$2255'.
     1/2: $u_array.rows[6].cols[13].u_pe.psum_out$2259
     2/2: $u_array.rows[6].cols[13].u_pe.act_out$2258
Creating decoders for process `\top.$2252'.
     1/2: $u_array.rows[6].cols[13].u_pe.weight$2253
     2/2: $u_array.rows[6].cols[13].u_pe.weight$2254
Creating decoders for process `\top.$2237'.
     1/2: $u_array.rows[6].cols[12].u_pe.psum_out$2241
     2/2: $u_array.rows[6].cols[12].u_pe.act_out$2240
Creating decoders for process `\top.$2234'.
     1/2: $u_array.rows[6].cols[12].u_pe.weight$2235
     2/2: $u_array.rows[6].cols[12].u_pe.weight$2236
Creating decoders for process `\top.$2219'.
     1/2: $u_array.rows[6].cols[11].u_pe.psum_out$2223
     2/2: $u_array.rows[6].cols[11].u_pe.act_out$2222
Creating decoders for process `\top.$2216'.
     1/2: $u_array.rows[6].cols[11].u_pe.weight$2217
     2/2: $u_array.rows[6].cols[11].u_pe.weight$2218
Creating decoders for process `\top.$2201'.
     1/2: $u_array.rows[6].cols[10].u_pe.psum_out$2205
     2/2: $u_array.rows[6].cols[10].u_pe.act_out$2204
Creating decoders for process `\top.$2198'.
     1/2: $u_array.rows[6].cols[10].u_pe.weight$2199
     2/2: $u_array.rows[6].cols[10].u_pe.weight$2200
Creating decoders for process `\top.$2183'.
     1/2: $u_array.rows[6].cols[9].u_pe.psum_out$2187
     2/2: $u_array.rows[6].cols[9].u_pe.act_out$2186
Creating decoders for process `\top.$2180'.
     1/2: $u_array.rows[6].cols[9].u_pe.weight$2181
     2/2: $u_array.rows[6].cols[9].u_pe.weight$2182
Creating decoders for process `\top.$2165'.
     1/2: $u_array.rows[6].cols[8].u_pe.psum_out$2169
     2/2: $u_array.rows[6].cols[8].u_pe.act_out$2168
Creating decoders for process `\top.$2162'.
     1/2: $u_array.rows[6].cols[8].u_pe.weight$2163
     2/2: $u_array.rows[6].cols[8].u_pe.weight$2164
Creating decoders for process `\top.$2147'.
     1/2: $u_array.rows[6].cols[7].u_pe.psum_out$2151
     2/2: $u_array.rows[6].cols[7].u_pe.act_out$2150
Creating decoders for process `\top.$2144'.
     1/2: $u_array.rows[6].cols[7].u_pe.weight$2145
     2/2: $u_array.rows[6].cols[7].u_pe.weight$2146
Creating decoders for process `\top.$2129'.
     1/2: $u_array.rows[6].cols[6].u_pe.psum_out$2133
     2/2: $u_array.rows[6].cols[6].u_pe.act_out$2132
Creating decoders for process `\top.$2126'.
     1/2: $u_array.rows[6].cols[6].u_pe.weight$2127
     2/2: $u_array.rows[6].cols[6].u_pe.weight$2128
Creating decoders for process `\top.$2111'.
     1/2: $u_array.rows[6].cols[5].u_pe.psum_out$2115
     2/2: $u_array.rows[6].cols[5].u_pe.act_out$2114
Creating decoders for process `\top.$2108'.
     1/2: $u_array.rows[6].cols[5].u_pe.weight$2109
     2/2: $u_array.rows[6].cols[5].u_pe.weight$2110
Creating decoders for process `\top.$2093'.
     1/2: $u_array.rows[6].cols[4].u_pe.psum_out$2097
     2/2: $u_array.rows[6].cols[4].u_pe.act_out$2096
Creating decoders for process `\top.$2090'.
     1/2: $u_array.rows[6].cols[4].u_pe.weight$2091
     2/2: $u_array.rows[6].cols[4].u_pe.weight$2092
Creating decoders for process `\top.$2075'.
     1/2: $u_array.rows[6].cols[3].u_pe.psum_out$2079
     2/2: $u_array.rows[6].cols[3].u_pe.act_out$2078
Creating decoders for process `\top.$2072'.
     1/2: $u_array.rows[6].cols[3].u_pe.weight$2073
     2/2: $u_array.rows[6].cols[3].u_pe.weight$2074
Creating decoders for process `\top.$2057'.
     1/2: $u_array.rows[6].cols[2].u_pe.psum_out$2061
     2/2: $u_array.rows[6].cols[2].u_pe.act_out$2060
Creating decoders for process `\top.$2054'.
     1/2: $u_array.rows[6].cols[2].u_pe.weight$2055
     2/2: $u_array.rows[6].cols[2].u_pe.weight$2056
Creating decoders for process `\top.$2039'.
     1/2: $u_array.rows[6].cols[1].u_pe.psum_out$2043
     2/2: $u_array.rows[6].cols[1].u_pe.act_out$2042
Creating decoders for process `\top.$2036'.
     1/2: $u_array.rows[6].cols[1].u_pe.weight$2037
     2/2: $u_array.rows[6].cols[1].u_pe.weight$2038
Creating decoders for process `\top.$2021'.
     1/2: $u_array.rows[6].cols[0].u_pe.psum_out$2025
     2/2: $u_array.rows[6].cols[0].u_pe.act_out$2024
Creating decoders for process `\top.$2018'.
     1/2: $u_array.rows[6].cols[0].u_pe.weight$2019
     2/2: $u_array.rows[6].cols[0].u_pe.weight$2020
Creating decoders for process `\top.$2003'.
     1/2: $u_array.rows[5].cols[15].u_pe.psum_out$2007
     2/2: $u_array.rows[5].cols[15].u_pe.act_out$2006
Creating decoders for process `\top.$2000'.
     1/2: $u_array.rows[5].cols[15].u_pe.weight$2001
     2/2: $u_array.rows[5].cols[15].u_pe.weight$2002
Creating decoders for process `\top.$1985'.
     1/2: $u_array.rows[5].cols[14].u_pe.psum_out$1989
     2/2: $u_array.rows[5].cols[14].u_pe.act_out$1988
Creating decoders for process `\top.$1982'.
     1/2: $u_array.rows[5].cols[14].u_pe.weight$1983
     2/2: $u_array.rows[5].cols[14].u_pe.weight$1984
Creating decoders for process `\top.$1967'.
     1/2: $u_array.rows[5].cols[13].u_pe.psum_out$1971
     2/2: $u_array.rows[5].cols[13].u_pe.act_out$1970
Creating decoders for process `\top.$1964'.
     1/2: $u_array.rows[5].cols[13].u_pe.weight$1965
     2/2: $u_array.rows[5].cols[13].u_pe.weight$1966
Creating decoders for process `\top.$1949'.
     1/2: $u_array.rows[5].cols[12].u_pe.psum_out$1953
     2/2: $u_array.rows[5].cols[12].u_pe.act_out$1952
Creating decoders for process `\top.$1946'.
     1/2: $u_array.rows[5].cols[12].u_pe.weight$1947
     2/2: $u_array.rows[5].cols[12].u_pe.weight$1948
Creating decoders for process `\top.$1931'.
     1/2: $u_array.rows[5].cols[11].u_pe.psum_out$1935
     2/2: $u_array.rows[5].cols[11].u_pe.act_out$1934
Creating decoders for process `\top.$1928'.
     1/2: $u_array.rows[5].cols[11].u_pe.weight$1929
     2/2: $u_array.rows[5].cols[11].u_pe.weight$1930
Creating decoders for process `\top.$1913'.
     1/2: $u_array.rows[5].cols[10].u_pe.psum_out$1917
     2/2: $u_array.rows[5].cols[10].u_pe.act_out$1916
Creating decoders for process `\top.$1910'.
     1/2: $u_array.rows[5].cols[10].u_pe.weight$1911
     2/2: $u_array.rows[5].cols[10].u_pe.weight$1912
Creating decoders for process `\top.$1895'.
     1/2: $u_array.rows[5].cols[9].u_pe.psum_out$1899
     2/2: $u_array.rows[5].cols[9].u_pe.act_out$1898
Creating decoders for process `\top.$1892'.
     1/2: $u_array.rows[5].cols[9].u_pe.weight$1893
     2/2: $u_array.rows[5].cols[9].u_pe.weight$1894
Creating decoders for process `\top.$1877'.
     1/2: $u_array.rows[5].cols[8].u_pe.psum_out$1881
     2/2: $u_array.rows[5].cols[8].u_pe.act_out$1880
Creating decoders for process `\top.$1874'.
     1/2: $u_array.rows[5].cols[8].u_pe.weight$1875
     2/2: $u_array.rows[5].cols[8].u_pe.weight$1876
Creating decoders for process `\top.$1859'.
     1/2: $u_array.rows[5].cols[7].u_pe.psum_out$1863
     2/2: $u_array.rows[5].cols[7].u_pe.act_out$1862
Creating decoders for process `\top.$1856'.
     1/2: $u_array.rows[5].cols[7].u_pe.weight$1857
     2/2: $u_array.rows[5].cols[7].u_pe.weight$1858
Creating decoders for process `\top.$1841'.
     1/2: $u_array.rows[5].cols[6].u_pe.psum_out$1845
     2/2: $u_array.rows[5].cols[6].u_pe.act_out$1844
Creating decoders for process `\top.$1838'.
     1/2: $u_array.rows[5].cols[6].u_pe.weight$1839
     2/2: $u_array.rows[5].cols[6].u_pe.weight$1840
Creating decoders for process `\top.$1823'.
     1/2: $u_array.rows[5].cols[5].u_pe.psum_out$1827
     2/2: $u_array.rows[5].cols[5].u_pe.act_out$1826
Creating decoders for process `\top.$1820'.
     1/2: $u_array.rows[5].cols[5].u_pe.weight$1821
     2/2: $u_array.rows[5].cols[5].u_pe.weight$1822
Creating decoders for process `\top.$1805'.
     1/2: $u_array.rows[5].cols[4].u_pe.psum_out$1809
     2/2: $u_array.rows[5].cols[4].u_pe.act_out$1808
Creating decoders for process `\top.$1802'.
     1/2: $u_array.rows[5].cols[4].u_pe.weight$1803
     2/2: $u_array.rows[5].cols[4].u_pe.weight$1804
Creating decoders for process `\top.$1787'.
     1/2: $u_array.rows[5].cols[3].u_pe.psum_out$1791
     2/2: $u_array.rows[5].cols[3].u_pe.act_out$1790
Creating decoders for process `\top.$1784'.
     1/2: $u_array.rows[5].cols[3].u_pe.weight$1785
     2/2: $u_array.rows[5].cols[3].u_pe.weight$1786
Creating decoders for process `\top.$1769'.
     1/2: $u_array.rows[5].cols[2].u_pe.psum_out$1773
     2/2: $u_array.rows[5].cols[2].u_pe.act_out$1772
Creating decoders for process `\top.$1766'.
     1/2: $u_array.rows[5].cols[2].u_pe.weight$1767
     2/2: $u_array.rows[5].cols[2].u_pe.weight$1768
Creating decoders for process `\top.$1751'.
     1/2: $u_array.rows[5].cols[1].u_pe.psum_out$1755
     2/2: $u_array.rows[5].cols[1].u_pe.act_out$1754
Creating decoders for process `\top.$1748'.
     1/2: $u_array.rows[5].cols[1].u_pe.weight$1749
     2/2: $u_array.rows[5].cols[1].u_pe.weight$1750
Creating decoders for process `\top.$1733'.
     1/2: $u_array.rows[5].cols[0].u_pe.psum_out$1737
     2/2: $u_array.rows[5].cols[0].u_pe.act_out$1736
Creating decoders for process `\top.$1730'.
     1/2: $u_array.rows[5].cols[0].u_pe.weight$1731
     2/2: $u_array.rows[5].cols[0].u_pe.weight$1732
Creating decoders for process `\top.$1715'.
     1/2: $u_array.rows[4].cols[15].u_pe.psum_out$1719
     2/2: $u_array.rows[4].cols[15].u_pe.act_out$1718
Creating decoders for process `\top.$1712'.
     1/2: $u_array.rows[4].cols[15].u_pe.weight$1713
     2/2: $u_array.rows[4].cols[15].u_pe.weight$1714
Creating decoders for process `\top.$1697'.
     1/2: $u_array.rows[4].cols[14].u_pe.psum_out$1701
     2/2: $u_array.rows[4].cols[14].u_pe.act_out$1700
Creating decoders for process `\top.$1694'.
     1/2: $u_array.rows[4].cols[14].u_pe.weight$1695
     2/2: $u_array.rows[4].cols[14].u_pe.weight$1696
Creating decoders for process `\top.$1679'.
     1/2: $u_array.rows[4].cols[13].u_pe.psum_out$1683
     2/2: $u_array.rows[4].cols[13].u_pe.act_out$1682
Creating decoders for process `\top.$1676'.
     1/2: $u_array.rows[4].cols[13].u_pe.weight$1677
     2/2: $u_array.rows[4].cols[13].u_pe.weight$1678
Creating decoders for process `\top.$1661'.
     1/2: $u_array.rows[4].cols[12].u_pe.psum_out$1665
     2/2: $u_array.rows[4].cols[12].u_pe.act_out$1664
Creating decoders for process `\top.$1658'.
     1/2: $u_array.rows[4].cols[12].u_pe.weight$1659
     2/2: $u_array.rows[4].cols[12].u_pe.weight$1660
Creating decoders for process `\top.$1643'.
     1/2: $u_array.rows[4].cols[11].u_pe.psum_out$1647
     2/2: $u_array.rows[4].cols[11].u_pe.act_out$1646
Creating decoders for process `\top.$1640'.
     1/2: $u_array.rows[4].cols[11].u_pe.weight$1641
     2/2: $u_array.rows[4].cols[11].u_pe.weight$1642
Creating decoders for process `\top.$1625'.
     1/2: $u_array.rows[4].cols[10].u_pe.psum_out$1629
     2/2: $u_array.rows[4].cols[10].u_pe.act_out$1628
Creating decoders for process `\top.$1622'.
     1/2: $u_array.rows[4].cols[10].u_pe.weight$1623
     2/2: $u_array.rows[4].cols[10].u_pe.weight$1624
Creating decoders for process `\top.$1607'.
     1/2: $u_array.rows[4].cols[9].u_pe.psum_out$1611
     2/2: $u_array.rows[4].cols[9].u_pe.act_out$1610
Creating decoders for process `\top.$1604'.
     1/2: $u_array.rows[4].cols[9].u_pe.weight$1605
     2/2: $u_array.rows[4].cols[9].u_pe.weight$1606
Creating decoders for process `\top.$1589'.
     1/2: $u_array.rows[4].cols[8].u_pe.psum_out$1593
     2/2: $u_array.rows[4].cols[8].u_pe.act_out$1592
Creating decoders for process `\top.$1586'.
     1/2: $u_array.rows[4].cols[8].u_pe.weight$1587
     2/2: $u_array.rows[4].cols[8].u_pe.weight$1588
Creating decoders for process `\top.$1571'.
     1/2: $u_array.rows[4].cols[7].u_pe.psum_out$1575
     2/2: $u_array.rows[4].cols[7].u_pe.act_out$1574
Creating decoders for process `\top.$1568'.
     1/2: $u_array.rows[4].cols[7].u_pe.weight$1569
     2/2: $u_array.rows[4].cols[7].u_pe.weight$1570
Creating decoders for process `\top.$1553'.
     1/2: $u_array.rows[4].cols[6].u_pe.psum_out$1557
     2/2: $u_array.rows[4].cols[6].u_pe.act_out$1556
Creating decoders for process `\top.$1550'.
     1/2: $u_array.rows[4].cols[6].u_pe.weight$1551
     2/2: $u_array.rows[4].cols[6].u_pe.weight$1552
Creating decoders for process `\top.$1535'.
     1/2: $u_array.rows[4].cols[5].u_pe.psum_out$1539
     2/2: $u_array.rows[4].cols[5].u_pe.act_out$1538
Creating decoders for process `\top.$1532'.
     1/2: $u_array.rows[4].cols[5].u_pe.weight$1533
     2/2: $u_array.rows[4].cols[5].u_pe.weight$1534
Creating decoders for process `\top.$1517'.
     1/2: $u_array.rows[4].cols[4].u_pe.psum_out$1521
     2/2: $u_array.rows[4].cols[4].u_pe.act_out$1520
Creating decoders for process `\top.$1514'.
     1/2: $u_array.rows[4].cols[4].u_pe.weight$1515
     2/2: $u_array.rows[4].cols[4].u_pe.weight$1516
Creating decoders for process `\top.$1499'.
     1/2: $u_array.rows[4].cols[3].u_pe.psum_out$1503
     2/2: $u_array.rows[4].cols[3].u_pe.act_out$1502
Creating decoders for process `\top.$1496'.
     1/2: $u_array.rows[4].cols[3].u_pe.weight$1497
     2/2: $u_array.rows[4].cols[3].u_pe.weight$1498
Creating decoders for process `\top.$1481'.
     1/2: $u_array.rows[4].cols[2].u_pe.psum_out$1485
     2/2: $u_array.rows[4].cols[2].u_pe.act_out$1484
Creating decoders for process `\top.$1478'.
     1/2: $u_array.rows[4].cols[2].u_pe.weight$1479
     2/2: $u_array.rows[4].cols[2].u_pe.weight$1480
Creating decoders for process `\top.$1463'.
     1/2: $u_array.rows[4].cols[1].u_pe.psum_out$1467
     2/2: $u_array.rows[4].cols[1].u_pe.act_out$1466
Creating decoders for process `\top.$1460'.
     1/2: $u_array.rows[4].cols[1].u_pe.weight$1461
     2/2: $u_array.rows[4].cols[1].u_pe.weight$1462
Creating decoders for process `\top.$1445'.
     1/2: $u_array.rows[4].cols[0].u_pe.psum_out$1449
     2/2: $u_array.rows[4].cols[0].u_pe.act_out$1448
Creating decoders for process `\top.$1442'.
     1/2: $u_array.rows[4].cols[0].u_pe.weight$1443
     2/2: $u_array.rows[4].cols[0].u_pe.weight$1444
Creating decoders for process `\top.$1427'.
     1/2: $u_array.rows[3].cols[15].u_pe.psum_out$1431
     2/2: $u_array.rows[3].cols[15].u_pe.act_out$1430
Creating decoders for process `\top.$1424'.
     1/2: $u_array.rows[3].cols[15].u_pe.weight$1425
     2/2: $u_array.rows[3].cols[15].u_pe.weight$1426
Creating decoders for process `\top.$1409'.
     1/2: $u_array.rows[3].cols[14].u_pe.psum_out$1413
     2/2: $u_array.rows[3].cols[14].u_pe.act_out$1412
Creating decoders for process `\top.$1406'.
     1/2: $u_array.rows[3].cols[14].u_pe.weight$1407
     2/2: $u_array.rows[3].cols[14].u_pe.weight$1408
Creating decoders for process `\top.$1391'.
     1/2: $u_array.rows[3].cols[13].u_pe.psum_out$1395
     2/2: $u_array.rows[3].cols[13].u_pe.act_out$1394
Creating decoders for process `\top.$1388'.
     1/2: $u_array.rows[3].cols[13].u_pe.weight$1389
     2/2: $u_array.rows[3].cols[13].u_pe.weight$1390
Creating decoders for process `\top.$1373'.
     1/2: $u_array.rows[3].cols[12].u_pe.psum_out$1377
     2/2: $u_array.rows[3].cols[12].u_pe.act_out$1376
Creating decoders for process `\top.$1370'.
     1/2: $u_array.rows[3].cols[12].u_pe.weight$1371
     2/2: $u_array.rows[3].cols[12].u_pe.weight$1372
Creating decoders for process `\top.$1355'.
     1/2: $u_array.rows[3].cols[11].u_pe.psum_out$1359
     2/2: $u_array.rows[3].cols[11].u_pe.act_out$1358
Creating decoders for process `\top.$1352'.
     1/2: $u_array.rows[3].cols[11].u_pe.weight$1353
     2/2: $u_array.rows[3].cols[11].u_pe.weight$1354
Creating decoders for process `\top.$1337'.
     1/2: $u_array.rows[3].cols[10].u_pe.psum_out$1341
     2/2: $u_array.rows[3].cols[10].u_pe.act_out$1340
Creating decoders for process `\top.$1334'.
     1/2: $u_array.rows[3].cols[10].u_pe.weight$1335
     2/2: $u_array.rows[3].cols[10].u_pe.weight$1336
Creating decoders for process `\top.$1319'.
     1/2: $u_array.rows[3].cols[9].u_pe.psum_out$1323
     2/2: $u_array.rows[3].cols[9].u_pe.act_out$1322
Creating decoders for process `\top.$1316'.
     1/2: $u_array.rows[3].cols[9].u_pe.weight$1317
     2/2: $u_array.rows[3].cols[9].u_pe.weight$1318
Creating decoders for process `\top.$1301'.
     1/2: $u_array.rows[3].cols[8].u_pe.psum_out$1305
     2/2: $u_array.rows[3].cols[8].u_pe.act_out$1304
Creating decoders for process `\top.$1298'.
     1/2: $u_array.rows[3].cols[8].u_pe.weight$1299
     2/2: $u_array.rows[3].cols[8].u_pe.weight$1300
Creating decoders for process `\top.$1283'.
     1/2: $u_array.rows[3].cols[7].u_pe.psum_out$1287
     2/2: $u_array.rows[3].cols[7].u_pe.act_out$1286
Creating decoders for process `\top.$1280'.
     1/2: $u_array.rows[3].cols[7].u_pe.weight$1281
     2/2: $u_array.rows[3].cols[7].u_pe.weight$1282
Creating decoders for process `\top.$1265'.
     1/2: $u_array.rows[3].cols[6].u_pe.psum_out$1269
     2/2: $u_array.rows[3].cols[6].u_pe.act_out$1268
Creating decoders for process `\top.$1262'.
     1/2: $u_array.rows[3].cols[6].u_pe.weight$1263
     2/2: $u_array.rows[3].cols[6].u_pe.weight$1264
Creating decoders for process `\top.$1247'.
     1/2: $u_array.rows[3].cols[5].u_pe.psum_out$1251
     2/2: $u_array.rows[3].cols[5].u_pe.act_out$1250
Creating decoders for process `\top.$1244'.
     1/2: $u_array.rows[3].cols[5].u_pe.weight$1245
     2/2: $u_array.rows[3].cols[5].u_pe.weight$1246
Creating decoders for process `\top.$1229'.
     1/2: $u_array.rows[3].cols[4].u_pe.psum_out$1233
     2/2: $u_array.rows[3].cols[4].u_pe.act_out$1232
Creating decoders for process `\top.$1226'.
     1/2: $u_array.rows[3].cols[4].u_pe.weight$1227
     2/2: $u_array.rows[3].cols[4].u_pe.weight$1228
Creating decoders for process `\top.$1211'.
     1/2: $u_array.rows[3].cols[3].u_pe.psum_out$1215
     2/2: $u_array.rows[3].cols[3].u_pe.act_out$1214
Creating decoders for process `\top.$1208'.
     1/2: $u_array.rows[3].cols[3].u_pe.weight$1209
     2/2: $u_array.rows[3].cols[3].u_pe.weight$1210
Creating decoders for process `\top.$1193'.
     1/2: $u_array.rows[3].cols[2].u_pe.psum_out$1197
     2/2: $u_array.rows[3].cols[2].u_pe.act_out$1196
Creating decoders for process `\top.$1190'.
     1/2: $u_array.rows[3].cols[2].u_pe.weight$1191
     2/2: $u_array.rows[3].cols[2].u_pe.weight$1192
Creating decoders for process `\top.$1175'.
     1/2: $u_array.rows[3].cols[1].u_pe.psum_out$1179
     2/2: $u_array.rows[3].cols[1].u_pe.act_out$1178
Creating decoders for process `\top.$1172'.
     1/2: $u_array.rows[3].cols[1].u_pe.weight$1173
     2/2: $u_array.rows[3].cols[1].u_pe.weight$1174
Creating decoders for process `\top.$1157'.
     1/2: $u_array.rows[3].cols[0].u_pe.psum_out$1161
     2/2: $u_array.rows[3].cols[0].u_pe.act_out$1160
Creating decoders for process `\top.$1154'.
     1/2: $u_array.rows[3].cols[0].u_pe.weight$1155
     2/2: $u_array.rows[3].cols[0].u_pe.weight$1156
Creating decoders for process `\top.$1139'.
     1/2: $u_array.rows[2].cols[15].u_pe.psum_out$1143
     2/2: $u_array.rows[2].cols[15].u_pe.act_out$1142
Creating decoders for process `\top.$1136'.
     1/2: $u_array.rows[2].cols[15].u_pe.weight$1137
     2/2: $u_array.rows[2].cols[15].u_pe.weight$1138
Creating decoders for process `\top.$1121'.
     1/2: $u_array.rows[2].cols[14].u_pe.psum_out$1125
     2/2: $u_array.rows[2].cols[14].u_pe.act_out$1124
Creating decoders for process `\top.$1118'.
     1/2: $u_array.rows[2].cols[14].u_pe.weight$1119
     2/2: $u_array.rows[2].cols[14].u_pe.weight$1120
Creating decoders for process `\top.$1103'.
     1/2: $u_array.rows[2].cols[13].u_pe.psum_out$1107
     2/2: $u_array.rows[2].cols[13].u_pe.act_out$1106
Creating decoders for process `\top.$1100'.
     1/2: $u_array.rows[2].cols[13].u_pe.weight$1101
     2/2: $u_array.rows[2].cols[13].u_pe.weight$1102
Creating decoders for process `\top.$1085'.
     1/2: $u_array.rows[2].cols[12].u_pe.psum_out$1089
     2/2: $u_array.rows[2].cols[12].u_pe.act_out$1088
Creating decoders for process `\top.$1082'.
     1/2: $u_array.rows[2].cols[12].u_pe.weight$1083
     2/2: $u_array.rows[2].cols[12].u_pe.weight$1084
Creating decoders for process `\top.$1067'.
     1/2: $u_array.rows[2].cols[11].u_pe.psum_out$1071
     2/2: $u_array.rows[2].cols[11].u_pe.act_out$1070
Creating decoders for process `\top.$1064'.
     1/2: $u_array.rows[2].cols[11].u_pe.weight$1065
     2/2: $u_array.rows[2].cols[11].u_pe.weight$1066
Creating decoders for process `\top.$1049'.
     1/2: $u_array.rows[2].cols[10].u_pe.psum_out$1053
     2/2: $u_array.rows[2].cols[10].u_pe.act_out$1052
Creating decoders for process `\top.$1046'.
     1/2: $u_array.rows[2].cols[10].u_pe.weight$1047
     2/2: $u_array.rows[2].cols[10].u_pe.weight$1048
Creating decoders for process `\top.$1031'.
     1/2: $u_array.rows[2].cols[9].u_pe.psum_out$1035
     2/2: $u_array.rows[2].cols[9].u_pe.act_out$1034
Creating decoders for process `\top.$1028'.
     1/2: $u_array.rows[2].cols[9].u_pe.weight$1029
     2/2: $u_array.rows[2].cols[9].u_pe.weight$1030
Creating decoders for process `\top.$1013'.
     1/2: $u_array.rows[2].cols[8].u_pe.psum_out$1017
     2/2: $u_array.rows[2].cols[8].u_pe.act_out$1016
Creating decoders for process `\top.$1010'.
     1/2: $u_array.rows[2].cols[8].u_pe.weight$1011
     2/2: $u_array.rows[2].cols[8].u_pe.weight$1012
Creating decoders for process `\top.$995'.
     1/2: $u_array.rows[2].cols[7].u_pe.psum_out$999
     2/2: $u_array.rows[2].cols[7].u_pe.act_out$998
Creating decoders for process `\top.$992'.
     1/2: $u_array.rows[2].cols[7].u_pe.weight$993
     2/2: $u_array.rows[2].cols[7].u_pe.weight$994
Creating decoders for process `\top.$977'.
     1/2: $u_array.rows[2].cols[6].u_pe.psum_out$981
     2/2: $u_array.rows[2].cols[6].u_pe.act_out$980
Creating decoders for process `\top.$974'.
     1/2: $u_array.rows[2].cols[6].u_pe.weight$975
     2/2: $u_array.rows[2].cols[6].u_pe.weight$976
Creating decoders for process `\top.$959'.
     1/2: $u_array.rows[2].cols[5].u_pe.psum_out$963
     2/2: $u_array.rows[2].cols[5].u_pe.act_out$962
Creating decoders for process `\top.$956'.
     1/2: $u_array.rows[2].cols[5].u_pe.weight$957
     2/2: $u_array.rows[2].cols[5].u_pe.weight$958
Creating decoders for process `\top.$941'.
     1/2: $u_array.rows[2].cols[4].u_pe.psum_out$945
     2/2: $u_array.rows[2].cols[4].u_pe.act_out$944
Creating decoders for process `\top.$938'.
     1/2: $u_array.rows[2].cols[4].u_pe.weight$939
     2/2: $u_array.rows[2].cols[4].u_pe.weight$940
Creating decoders for process `\top.$923'.
     1/2: $u_array.rows[2].cols[3].u_pe.psum_out$927
     2/2: $u_array.rows[2].cols[3].u_pe.act_out$926
Creating decoders for process `\top.$920'.
     1/2: $u_array.rows[2].cols[3].u_pe.weight$921
     2/2: $u_array.rows[2].cols[3].u_pe.weight$922
Creating decoders for process `\top.$905'.
     1/2: $u_array.rows[2].cols[2].u_pe.psum_out$909
     2/2: $u_array.rows[2].cols[2].u_pe.act_out$908
Creating decoders for process `\top.$902'.
     1/2: $u_array.rows[2].cols[2].u_pe.weight$903
     2/2: $u_array.rows[2].cols[2].u_pe.weight$904
Creating decoders for process `\top.$887'.
     1/2: $u_array.rows[2].cols[1].u_pe.psum_out$891
     2/2: $u_array.rows[2].cols[1].u_pe.act_out$890
Creating decoders for process `\top.$884'.
     1/2: $u_array.rows[2].cols[1].u_pe.weight$885
     2/2: $u_array.rows[2].cols[1].u_pe.weight$886
Creating decoders for process `\top.$869'.
     1/2: $u_array.rows[2].cols[0].u_pe.psum_out$873
     2/2: $u_array.rows[2].cols[0].u_pe.act_out$872
Creating decoders for process `\top.$866'.
     1/2: $u_array.rows[2].cols[0].u_pe.weight$867
     2/2: $u_array.rows[2].cols[0].u_pe.weight$868
Creating decoders for process `\top.$851'.
     1/2: $u_array.rows[1].cols[15].u_pe.psum_out$855
     2/2: $u_array.rows[1].cols[15].u_pe.act_out$854
Creating decoders for process `\top.$848'.
     1/2: $u_array.rows[1].cols[15].u_pe.weight$849
     2/2: $u_array.rows[1].cols[15].u_pe.weight$850
Creating decoders for process `\top.$833'.
     1/2: $u_array.rows[1].cols[14].u_pe.psum_out$837
     2/2: $u_array.rows[1].cols[14].u_pe.act_out$836
Creating decoders for process `\top.$830'.
     1/2: $u_array.rows[1].cols[14].u_pe.weight$831
     2/2: $u_array.rows[1].cols[14].u_pe.weight$832
Creating decoders for process `\top.$815'.
     1/2: $u_array.rows[1].cols[13].u_pe.psum_out$819
     2/2: $u_array.rows[1].cols[13].u_pe.act_out$818
Creating decoders for process `\top.$812'.
     1/2: $u_array.rows[1].cols[13].u_pe.weight$813
     2/2: $u_array.rows[1].cols[13].u_pe.weight$814
Creating decoders for process `\top.$797'.
     1/2: $u_array.rows[1].cols[12].u_pe.psum_out$801
     2/2: $u_array.rows[1].cols[12].u_pe.act_out$800
Creating decoders for process `\top.$794'.
     1/2: $u_array.rows[1].cols[12].u_pe.weight$795
     2/2: $u_array.rows[1].cols[12].u_pe.weight$796
Creating decoders for process `\top.$779'.
     1/2: $u_array.rows[1].cols[11].u_pe.psum_out$783
     2/2: $u_array.rows[1].cols[11].u_pe.act_out$782
Creating decoders for process `\top.$776'.
     1/2: $u_array.rows[1].cols[11].u_pe.weight$777
     2/2: $u_array.rows[1].cols[11].u_pe.weight$778
Creating decoders for process `\top.$761'.
     1/2: $u_array.rows[1].cols[10].u_pe.psum_out$765
     2/2: $u_array.rows[1].cols[10].u_pe.act_out$764
Creating decoders for process `\top.$758'.
     1/2: $u_array.rows[1].cols[10].u_pe.weight$759
     2/2: $u_array.rows[1].cols[10].u_pe.weight$760
Creating decoders for process `\top.$743'.
     1/2: $u_array.rows[1].cols[9].u_pe.psum_out$747
     2/2: $u_array.rows[1].cols[9].u_pe.act_out$746
Creating decoders for process `\top.$740'.
     1/2: $u_array.rows[1].cols[9].u_pe.weight$741
     2/2: $u_array.rows[1].cols[9].u_pe.weight$742
Creating decoders for process `\top.$725'.
     1/2: $u_array.rows[1].cols[8].u_pe.psum_out$729
     2/2: $u_array.rows[1].cols[8].u_pe.act_out$728
Creating decoders for process `\top.$722'.
     1/2: $u_array.rows[1].cols[8].u_pe.weight$723
     2/2: $u_array.rows[1].cols[8].u_pe.weight$724
Creating decoders for process `\top.$707'.
     1/2: $u_array.rows[1].cols[7].u_pe.psum_out$711
     2/2: $u_array.rows[1].cols[7].u_pe.act_out$710
Creating decoders for process `\top.$704'.
     1/2: $u_array.rows[1].cols[7].u_pe.weight$705
     2/2: $u_array.rows[1].cols[7].u_pe.weight$706
Creating decoders for process `\top.$689'.
     1/2: $u_array.rows[1].cols[6].u_pe.psum_out$693
     2/2: $u_array.rows[1].cols[6].u_pe.act_out$692
Creating decoders for process `\top.$686'.
     1/2: $u_array.rows[1].cols[6].u_pe.weight$687
     2/2: $u_array.rows[1].cols[6].u_pe.weight$688
Creating decoders for process `\top.$671'.
     1/2: $u_array.rows[1].cols[5].u_pe.psum_out$675
     2/2: $u_array.rows[1].cols[5].u_pe.act_out$674
Creating decoders for process `\top.$668'.
     1/2: $u_array.rows[1].cols[5].u_pe.weight$669
     2/2: $u_array.rows[1].cols[5].u_pe.weight$670
Creating decoders for process `\top.$653'.
     1/2: $u_array.rows[1].cols[4].u_pe.psum_out$657
     2/2: $u_array.rows[1].cols[4].u_pe.act_out$656
Creating decoders for process `\top.$650'.
     1/2: $u_array.rows[1].cols[4].u_pe.weight$651
     2/2: $u_array.rows[1].cols[4].u_pe.weight$652
Creating decoders for process `\top.$635'.
     1/2: $u_array.rows[1].cols[3].u_pe.psum_out$639
     2/2: $u_array.rows[1].cols[3].u_pe.act_out$638
Creating decoders for process `\top.$632'.
     1/2: $u_array.rows[1].cols[3].u_pe.weight$633
     2/2: $u_array.rows[1].cols[3].u_pe.weight$634
Creating decoders for process `\top.$617'.
     1/2: $u_array.rows[1].cols[2].u_pe.psum_out$621
     2/2: $u_array.rows[1].cols[2].u_pe.act_out$620
Creating decoders for process `\top.$614'.
     1/2: $u_array.rows[1].cols[2].u_pe.weight$615
     2/2: $u_array.rows[1].cols[2].u_pe.weight$616
Creating decoders for process `\top.$599'.
     1/2: $u_array.rows[1].cols[1].u_pe.psum_out$603
     2/2: $u_array.rows[1].cols[1].u_pe.act_out$602
Creating decoders for process `\top.$596'.
     1/2: $u_array.rows[1].cols[1].u_pe.weight$597
     2/2: $u_array.rows[1].cols[1].u_pe.weight$598
Creating decoders for process `\top.$581'.
     1/2: $u_array.rows[1].cols[0].u_pe.psum_out$585
     2/2: $u_array.rows[1].cols[0].u_pe.act_out$584
Creating decoders for process `\top.$578'.
     1/2: $u_array.rows[1].cols[0].u_pe.weight$579
     2/2: $u_array.rows[1].cols[0].u_pe.weight$580
Creating decoders for process `\top.$563'.
     1/2: $u_array.rows[0].cols[15].u_pe.psum_out$567
     2/2: $u_array.rows[0].cols[15].u_pe.act_out$566
Creating decoders for process `\top.$560'.
     1/2: $u_array.rows[0].cols[15].u_pe.weight$561
     2/2: $u_array.rows[0].cols[15].u_pe.weight$562
Creating decoders for process `\top.$545'.
     1/2: $u_array.rows[0].cols[14].u_pe.psum_out$549
     2/2: $u_array.rows[0].cols[14].u_pe.act_out$548
Creating decoders for process `\top.$542'.
     1/2: $u_array.rows[0].cols[14].u_pe.weight$543
     2/2: $u_array.rows[0].cols[14].u_pe.weight$544
Creating decoders for process `\top.$527'.
     1/2: $u_array.rows[0].cols[13].u_pe.psum_out$531
     2/2: $u_array.rows[0].cols[13].u_pe.act_out$530
Creating decoders for process `\top.$524'.
     1/2: $u_array.rows[0].cols[13].u_pe.weight$525
     2/2: $u_array.rows[0].cols[13].u_pe.weight$526
Creating decoders for process `\top.$509'.
     1/2: $u_array.rows[0].cols[12].u_pe.psum_out$513
     2/2: $u_array.rows[0].cols[12].u_pe.act_out$512
Creating decoders for process `\top.$506'.
     1/2: $u_array.rows[0].cols[12].u_pe.weight$507
     2/2: $u_array.rows[0].cols[12].u_pe.weight$508
Creating decoders for process `\top.$491'.
     1/2: $u_array.rows[0].cols[11].u_pe.psum_out$495
     2/2: $u_array.rows[0].cols[11].u_pe.act_out$494
Creating decoders for process `\top.$488'.
     1/2: $u_array.rows[0].cols[11].u_pe.weight$489
     2/2: $u_array.rows[0].cols[11].u_pe.weight$490
Creating decoders for process `\top.$473'.
     1/2: $u_array.rows[0].cols[10].u_pe.psum_out$477
     2/2: $u_array.rows[0].cols[10].u_pe.act_out$476
Creating decoders for process `\top.$470'.
     1/2: $u_array.rows[0].cols[10].u_pe.weight$471
     2/2: $u_array.rows[0].cols[10].u_pe.weight$472
Creating decoders for process `\top.$455'.
     1/2: $u_array.rows[0].cols[9].u_pe.psum_out$459
     2/2: $u_array.rows[0].cols[9].u_pe.act_out$458
Creating decoders for process `\top.$452'.
     1/2: $u_array.rows[0].cols[9].u_pe.weight$453
     2/2: $u_array.rows[0].cols[9].u_pe.weight$454
Creating decoders for process `\top.$437'.
     1/2: $u_array.rows[0].cols[8].u_pe.psum_out$441
     2/2: $u_array.rows[0].cols[8].u_pe.act_out$440
Creating decoders for process `\top.$434'.
     1/2: $u_array.rows[0].cols[8].u_pe.weight$435
     2/2: $u_array.rows[0].cols[8].u_pe.weight$436
Creating decoders for process `\top.$419'.
     1/2: $u_array.rows[0].cols[7].u_pe.psum_out$423
     2/2: $u_array.rows[0].cols[7].u_pe.act_out$422
Creating decoders for process `\top.$416'.
     1/2: $u_array.rows[0].cols[7].u_pe.weight$417
     2/2: $u_array.rows[0].cols[7].u_pe.weight$418
Creating decoders for process `\top.$401'.
     1/2: $u_array.rows[0].cols[6].u_pe.psum_out$405
     2/2: $u_array.rows[0].cols[6].u_pe.act_out$404
Creating decoders for process `\top.$398'.
     1/2: $u_array.rows[0].cols[6].u_pe.weight$399
     2/2: $u_array.rows[0].cols[6].u_pe.weight$400
Creating decoders for process `\top.$383'.
     1/2: $u_array.rows[0].cols[5].u_pe.psum_out$387
     2/2: $u_array.rows[0].cols[5].u_pe.act_out$386
Creating decoders for process `\top.$380'.
     1/2: $u_array.rows[0].cols[5].u_pe.weight$381
     2/2: $u_array.rows[0].cols[5].u_pe.weight$382
Creating decoders for process `\top.$365'.
     1/2: $u_array.rows[0].cols[4].u_pe.psum_out$369
     2/2: $u_array.rows[0].cols[4].u_pe.act_out$368
Creating decoders for process `\top.$362'.
     1/2: $u_array.rows[0].cols[4].u_pe.weight$363
     2/2: $u_array.rows[0].cols[4].u_pe.weight$364
Creating decoders for process `\top.$347'.
     1/2: $u_array.rows[0].cols[3].u_pe.psum_out$351
     2/2: $u_array.rows[0].cols[3].u_pe.act_out$350
Creating decoders for process `\top.$344'.
     1/2: $u_array.rows[0].cols[3].u_pe.weight$345
     2/2: $u_array.rows[0].cols[3].u_pe.weight$346
Creating decoders for process `\top.$329'.
     1/2: $u_array.rows[0].cols[2].u_pe.psum_out$333
     2/2: $u_array.rows[0].cols[2].u_pe.act_out$332
Creating decoders for process `\top.$326'.
     1/2: $u_array.rows[0].cols[2].u_pe.weight$327
     2/2: $u_array.rows[0].cols[2].u_pe.weight$328
Creating decoders for process `\top.$311'.
     1/2: $u_array.rows[0].cols[1].u_pe.psum_out$315
     2/2: $u_array.rows[0].cols[1].u_pe.act_out$314
Creating decoders for process `\top.$308'.
     1/2: $u_array.rows[0].cols[1].u_pe.weight$309
     2/2: $u_array.rows[0].cols[1].u_pe.weight$310
Creating decoders for process `\top.$293'.
     1/2: $u_array.rows[0].cols[0].u_pe.psum_out$297
     2/2: $u_array.rows[0].cols[0].u_pe.act_out$296
Creating decoders for process `\top.$290'.
     1/2: $u_array.rows[0].cols[0].u_pe.weight$291
     2/2: $u_array.rows[0].cols[0].u_pe.weight$292

1.7. Executing PROC_CLEAN pass (remove empty switches from decision trees).
Found and cleaned up 1 empty switch in `\top.$4883'.
Removing empty process `top.$4883'.
Found and cleaned up 3 empty switches in `\top.$4880'.
Removing empty process `top.$4880'.
Found and cleaned up 1 empty switch in `\top.$4865'.
Removing empty process `top.$4865'.
Found and cleaned up 3 empty switches in `\top.$4862'.
Removing empty process `top.$4862'.
Found and cleaned up 1 empty switch in `\top.$4847'.
Removing empty process `top.$4847'.
Found and cleaned up 3 empty switches in `\top.$4844'.
Removing empty process `top.$4844'.
Found and cleaned up 1 empty switch in `\top.$4829'.
Removing empty process `top.$4829'.
Found and cleaned up 3 empty switches in `\top.$4826'.
Removing empty process `top.$4826'.
Found and cleaned up 1 empty switch in `\top.$4811'.
Removing empty process `top.$4811'.
Found and cleaned up 3 empty switches in `\top.$4808'.
Removing empty process `top.$4808'.
Found and cleaned up 1 empty switch in `\top.$4793'.
Removing empty process `top.$4793'.
Found and cleaned up 3 empty switches in `\top.$4790'.
Removing empty process `top.$4790'.
Found and cleaned up 1 empty switch in `\top.$4775'.
Removing empty process `top.$4775'.
Found and cleaned up 3 empty switches in `\top.$4772'.
Removing empty process `top.$4772'.
Found and cleaned up 1 empty switch in `\top.$4757'.
Removing empty process `top.$4757'.
Found and cleaned up 3 empty switches in `\top.$4754'.
Removing empty process `top.$4754'.
Found and cleaned up 1 empty switch in `\top.$4739'.
Removing empty process `top.$4739'.
Found and cleaned up 3 empty switches in `\top.$4736'.
Removing empty process `top.$4736'.
Found and cleaned up 1 empty switch in `\top.$4721'.
Removing empty process `top.$4721'.
Found and cleaned up 3 empty switches in `\top.$4718'.
Removing empty process `top.$4718'.
Found and cleaned up 1 empty switch in `\top.$4703'.
Removing empty process `top.$4703'.
Found and cleaned up 3 empty switches in `\top.$4700'.
Removing empty process `top.$4700'.
Found and cleaned up 1 empty switch in `\top.$4685'.
Removing empty process `top.$4685'.
Found and cleaned up 3 empty switches in `\top.$4682'.
Removing empty process `top.$4682'.
Found and cleaned up 1 empty switch in `\top.$4667'.
Removing empty process `top.$4667'.
Found and cleaned up 3 empty switches in `\top.$4664'.
Removing empty process `top.$4664'.
Found and cleaned up 1 empty switch in `\top.$4649'.
Removing empty process `top.$4649'.
Found and cleaned up 3 empty switches in `\top.$4646'.
Removing empty process `top.$4646'.
Found and cleaned up 1 empty switch in `\top.$4631'.
Removing empty process `top.$4631'.
Found and cleaned up 3 empty switches in `\top.$4628'.
Removing empty process `top.$4628'.
Found and cleaned up 1 empty switch in `\top.$4613'.
Removing empty process `top.$4613'.
Found and cleaned up 3 empty switches in `\top.$4610'.
Removing empty process `top.$4610'.
Found and cleaned up 1 empty switch in `\top.$4595'.
Removing empty process `top.$4595'.
Found and cleaned up 3 empty switches in `\top.$4592'.
Removing empty process `top.$4592'.
Found and cleaned up 1 empty switch in `\top.$4577'.
Removing empty process `top.$4577'.
Found and cleaned up 3 empty switches in `\top.$4574'.
Removing empty process `top.$4574'.
Found and cleaned up 1 empty switch in `\top.$4559'.
Removing empty process `top.$4559'.
Found and cleaned up 3 empty switches in `\top.$4556'.
Removing empty process `top.$4556'.
Found and cleaned up 1 empty switch in `\top.$4541'.
Removing empty process `top.$4541'.
Found and cleaned up 3 empty switches in `\top.$4538'.
Removing empty process `top.$4538'.
Found and cleaned up 1 empty switch in `\top.$4523'.
Removing empty process `top.$4523'.
Found and cleaned up 3 empty switches in `\top.$4520'.
Removing empty process `top.$4520'.
Found and cleaned up 1 empty switch in `\top.$4505'.
Removing empty process `top.$4505'.
Found and cleaned up 3 empty switches in `\top.$4502'.
Removing empty process `top.$4502'.
Found and cleaned up 1 empty switch in `\top.$4487'.
Removing empty process `top.$4487'.
Found and cleaned up 3 empty switches in `\top.$4484'.
Removing empty process `top.$4484'.
Found and cleaned up 1 empty switch in `\top.$4469'.
Removing empty process `top.$4469'.
Found and cleaned up 3 empty switches in `\top.$4466'.
Removing empty process `top.$4466'.
Found and cleaned up 1 empty switch in `\top.$4451'.
Removing empty process `top.$4451'.
Found and cleaned up 3 empty switches in `\top.$4448'.
Removing empty process `top.$4448'.
Found and cleaned up 1 empty switch in `\top.$4433'.
Removing empty process `top.$4433'.
Found and cleaned up 3 empty switches in `\top.$4430'.
Removing empty process `top.$4430'.
Found and cleaned up 1 empty switch in `\top.$4415'.
Removing empty process `top.$4415'.
Found and cleaned up 3 empty switches in `\top.$4412'.
Removing empty process `top.$4412'.
Found and cleaned up 1 empty switch in `\top.$4397'.
Removing empty process `top.$4397'.
Found and cleaned up 3 empty switches in `\top.$4394'.
Removing empty process `top.$4394'.
Found and cleaned up 1 empty switch in `\top.$4379'.
Removing empty process `top.$4379'.
Found and cleaned up 3 empty switches in `\top.$4376'.
Removing empty process `top.$4376'.
Found and cleaned up 1 empty switch in `\top.$4361'.
Removing empty process `top.$4361'.
Found and cleaned up 3 empty switches in `\top.$4358'.
Removing empty process `top.$4358'.
Found and cleaned up 1 empty switch in `\top.$4343'.
Removing empty process `top.$4343'.
Found and cleaned up 3 empty switches in `\top.$4340'.
Removing empty process `top.$4340'.
Found and cleaned up 1 empty switch in `\top.$4325'.
Removing empty process `top.$4325'.
Found and cleaned up 3 empty switches in `\top.$4322'.
Removing empty process `top.$4322'.
Found and cleaned up 1 empty switch in `\top.$4307'.
Removing empty process `top.$4307'.
Found and cleaned up 3 empty switches in `\top.$4304'.
Removing empty process `top.$4304'.
Found and cleaned up 1 empty switch in `\top.$4289'.
Removing empty process `top.$4289'.
Found and cleaned up 3 empty switches in `\top.$4286'.
Removing empty process `top.$4286'.
Found and cleaned up 1 empty switch in `\top.$4271'.
Removing empty process `top.$4271'.
Found and cleaned up 3 empty switches in `\top.$4268'.
Removing empty process `top.$4268'.
Found and cleaned up 1 empty switch in `\top.$4253'.
Removing empty process `top.$4253'.
Found and cleaned up 3 empty switches in `\top.$4250'.
Removing empty process `top.$4250'.
Found and cleaned up 1 empty switch in `\top.$4235'.
Removing empty process `top.$4235'.
Found and cleaned up 3 empty switches in `\top.$4232'.
Removing empty process `top.$4232'.
Found and cleaned up 1 empty switch in `\top.$4217'.
Removing empty process `top.$4217'.
Found and cleaned up 3 empty switches in `\top.$4214'.
Removing empty process `top.$4214'.
Found and cleaned up 1 empty switch in `\top.$4199'.
Removing empty process `top.$4199'.
Found and cleaned up 3 empty switches in `\top.$4196'.
Removing empty process `top.$4196'.
Found and cleaned up 1 empty switch in `\top.$4181'.
Removing empty process `top.$4181'.
Found and cleaned up 3 empty switches in `\top.$4178'.
Removing empty process `top.$4178'.
Found and cleaned up 1 empty switch in `\top.$4163'.
Removing empty process `top.$4163'.
Found and cleaned up 3 empty switches in `\top.$4160'.
Removing empty process `top.$4160'.
Found and cleaned up 1 empty switch in `\top.$4145'.
Removing empty process `top.$4145'.
Found and cleaned up 3 empty switches in `\top.$4142'.
Removing empty process `top.$4142'.
Found and cleaned up 1 empty switch in `\top.$4127'.
Removing empty process `top.$4127'.
Found and cleaned up 3 empty switches in `\top.$4124'.
Removing empty process `top.$4124'.
Found and cleaned up 1 empty switch in `\top.$4109'.
Removing empty process `top.$4109'.
Found and cleaned up 3 empty switches in `\top.$4106'.
Removing empty process `top.$4106'.
Found and cleaned up 1 empty switch in `\top.$4091'.
Removing empty process `top.$4091'.
Found and cleaned up 3 empty switches in `\top.$4088'.
Removing empty process `top.$4088'.
Found and cleaned up 1 empty switch in `\top.$4073'.
Removing empty process `top.$4073'.
Found and cleaned up 3 empty switches in `\top.$4070'.
Removing empty process `top.$4070'.
Found and cleaned up 1 empty switch in `\top.$4055'.
Removing empty process `top.$4055'.
Found and cleaned up 3 empty switches in `\top.$4052'.
Removing empty process `top.$4052'.
Found and cleaned up 1 empty switch in `\top.$4037'.
Removing empty process `top.$4037'.
Found and cleaned up 3 empty switches in `\top.$4034'.
Removing empty process `top.$4034'.
Found and cleaned up 1 empty switch in `\top.$4019'.
Removing empty process `top.$4019'.
Found and cleaned up 3 empty switches in `\top.$4016'.
Removing empty process `top.$4016'.
Found and cleaned up 1 empty switch in `\top.$4001'.
Removing empty process `top.$4001'.
Found and cleaned up 3 empty switches in `\top.$3998'.
Removing empty process `top.$3998'.
Found and cleaned up 1 empty switch in `\top.$3983'.
Removing empty process `top.$3983'.
Found and cleaned up 3 empty switches in `\top.$3980'.
Removing empty process `top.$3980'.
Found and cleaned up 1 empty switch in `\top.$3965'.
Removing empty process `top.$3965'.
Found and cleaned up 3 empty switches in `\top.$3962'.
Removing empty process `top.$3962'.
Found and cleaned up 1 empty switch in `\top.$3947'.
Removing empty process `top.$3947'.
Found and cleaned up 3 empty switches in `\top.$3944'.
Removing empty process `top.$3944'.
Found and cleaned up 1 empty switch in `\top.$3929'.
Removing empty process `top.$3929'.
Found and cleaned up 3 empty switches in `\top.$3926'.
Removing empty process `top.$3926'.
Found and cleaned up 1 empty switch in `\top.$3911'.
Removing empty process `top.$3911'.
Found and cleaned up 3 empty switches in `\top.$3908'.
Removing empty process `top.$3908'.
Found and cleaned up 1 empty switch in `\top.$3893'.
Removing empty process `top.$3893'.
Found and cleaned up 3 empty switches in `\top.$3890'.
Removing empty process `top.$3890'.
Found and cleaned up 1 empty switch in `\top.$3875'.
Removing empty process `top.$3875'.
Found and cleaned up 3 empty switches in `\top.$3872'.
Removing empty process `top.$3872'.
Found and cleaned up 1 empty switch in `\top.$3857'.
Removing empty process `top.$3857'.
Found and cleaned up 3 empty switches in `\top.$3854'.
Removing empty process `top.$3854'.
Found and cleaned up 1 empty switch in `\top.$3839'.
Removing empty process `top.$3839'.
Found and cleaned up 3 empty switches in `\top.$3836'.
Removing empty process `top.$3836'.
Found and cleaned up 1 empty switch in `\top.$3821'.
Removing empty process `top.$3821'.
Found and cleaned up 3 empty switches in `\top.$3818'.
Removing empty process `top.$3818'.
Found and cleaned up 1 empty switch in `\top.$3803'.
Removing empty process `top.$3803'.
Found and cleaned up 3 empty switches in `\top.$3800'.
Removing empty process `top.$3800'.
Found and cleaned up 1 empty switch in `\top.$3785'.
Removing empty process `top.$3785'.
Found and cleaned up 3 empty switches in `\top.$3782'.
Removing empty process `top.$3782'.
Found and cleaned up 1 empty switch in `\top.$3767'.
Removing empty process `top.$3767'.
Found and cleaned up 3 empty switches in `\top.$3764'.
Removing empty process `top.$3764'.
Found and cleaned up 1 empty switch in `\top.$3749'.
Removing empty process `top.$3749'.
Found and cleaned up 3 empty switches in `\top.$3746'.
Removing empty process `top.$3746'.
Found and cleaned up 1 empty switch in `\top.$3731'.
Removing empty process `top.$3731'.
Found and cleaned up 3 empty switches in `\top.$3728'.
Removing empty process `top.$3728'.
Found and cleaned up 1 empty switch in `\top.$3713'.
Removing empty process `top.$3713'.
Found and cleaned up 3 empty switches in `\top.$3710'.
Removing empty process `top.$3710'.
Found and cleaned up 1 empty switch in `\top.$3695'.
Removing empty process `top.$3695'.
Found and cleaned up 3 empty switches in `\top.$3692'.
Removing empty process `top.$3692'.
Found and cleaned up 1 empty switch in `\top.$3677'.
Removing empty process `top.$3677'.
Found and cleaned up 3 empty switches in `\top.$3674'.
Removing empty process `top.$3674'.
Found and cleaned up 1 empty switch in `\top.$3659'.
Removing empty process `top.$3659'.
Found and cleaned up 3 empty switches in `\top.$3656'.
Removing empty process `top.$3656'.
Found and cleaned up 1 empty switch in `\top.$3641'.
Removing empty process `top.$3641'.
Found and cleaned up 3 empty switches in `\top.$3638'.
Removing empty process `top.$3638'.
Found and cleaned up 1 empty switch in `\top.$3623'.
Removing empty process `top.$3623'.
Found and cleaned up 3 empty switches in `\top.$3620'.
Removing empty process `top.$3620'.
Found and cleaned up 1 empty switch in `\top.$3605'.
Removing empty process `top.$3605'.
Found and cleaned up 3 empty switches in `\top.$3602'.
Removing empty process `top.$3602'.
Found and cleaned up 1 empty switch in `\top.$3587'.
Removing empty process `top.$3587'.
Found and cleaned up 3 empty switches in `\top.$3584'.
Removing empty process `top.$3584'.
Found and cleaned up 1 empty switch in `\top.$3569'.
Removing empty process `top.$3569'.
Found and cleaned up 3 empty switches in `\top.$3566'.
Removing empty process `top.$3566'.
Found and cleaned up 1 empty switch in `\top.$3551'.
Removing empty process `top.$3551'.
Found and cleaned up 3 empty switches in `\top.$3548'.
Removing empty process `top.$3548'.
Found and cleaned up 1 empty switch in `\top.$3533'.
Removing empty process `top.$3533'.
Found and cleaned up 3 empty switches in `\top.$3530'.
Removing empty process `top.$3530'.
Found and cleaned up 1 empty switch in `\top.$3515'.
Removing empty process `top.$3515'.
Found and cleaned up 3 empty switches in `\top.$3512'.
Removing empty process `top.$3512'.
Found and cleaned up 1 empty switch in `\top.$3497'.
Removing empty process `top.$3497'.
Found and cleaned up 3 empty switches in `\top.$3494'.
Removing empty process `top.$3494'.
Found and cleaned up 1 empty switch in `\top.$3479'.
Removing empty process `top.$3479'.
Found and cleaned up 3 empty switches in `\top.$3476'.
Removing empty process `top.$3476'.
Found and cleaned up 1 empty switch in `\top.$3461'.
Removing empty process `top.$3461'.
Found and cleaned up 3 empty switches in `\top.$3458'.
Removing empty process `top.$3458'.
Found and cleaned up 1 empty switch in `\top.$3443'.
Removing empty process `top.$3443'.
Found and cleaned up 3 empty switches in `\top.$3440'.
Removing empty process `top.$3440'.
Found and cleaned up 1 empty switch in `\top.$3425'.
Removing empty process `top.$3425'.
Found and cleaned up 3 empty switches in `\top.$3422'.
Removing empty process `top.$3422'.
Found and cleaned up 1 empty switch in `\top.$3407'.
Removing empty process `top.$3407'.
Found and cleaned up 3 empty switches in `\top.$3404'.
Removing empty process `top.$3404'.
Found and cleaned up 1 empty switch in `\top.$3389'.
Removing empty process `top.$3389'.
Found and cleaned up 3 empty switches in `\top.$3386'.
Removing empty process `top.$3386'.
Found and cleaned up 1 empty switch in `\top.$3371'.
Removing empty process `top.$3371'.
Found and cleaned up 3 empty switches in `\top.$3368'.
Removing empty process `top.$3368'.
Found and cleaned up 1 empty switch in `\top.$3353'.
Removing empty process `top.$3353'.
Found and cleaned up 3 empty switches in `\top.$3350'.
Removing empty process `top.$3350'.
Found and cleaned up 1 empty switch in `\top.$3335'.
Removing empty process `top.$3335'.
Found and cleaned up 3 empty switches in `\top.$3332'.
Removing empty process `top.$3332'.
Found and cleaned up 1 empty switch in `\top.$3317'.
Removing empty process `top.$3317'.
Found and cleaned up 3 empty switches in `\top.$3314'.
Removing empty process `top.$3314'.
Found and cleaned up 1 empty switch in `\top.$3299'.
Removing empty process `top.$3299'.
Found and cleaned up 3 empty switches in `\top.$3296'.
Removing empty process `top.$3296'.
Found and cleaned up 1 empty switch in `\top.$3281'.
Removing empty process `top.$3281'.
Found and cleaned up 3 empty switches in `\top.$3278'.
Removing empty process `top.$3278'.
Found and cleaned up 1 empty switch in `\top.$3263'.
Removing empty process `top.$3263'.
Found and cleaned up 3 empty switches in `\top.$3260'.
Removing empty process `top.$3260'.
Found and cleaned up 1 empty switch in `\top.$3245'.
Removing empty process `top.$3245'.
Found and cleaned up 3 empty switches in `\top.$3242'.
Removing empty process `top.$3242'.
Found and cleaned up 1 empty switch in `\top.$3227'.
Removing empty process `top.$3227'.
Found and cleaned up 3 empty switches in `\top.$3224'.
Removing empty process `top.$3224'.
Found and cleaned up 1 empty switch in `\top.$3209'.
Removing empty process `top.$3209'.
Found and cleaned up 3 empty switches in `\top.$3206'.
Removing empty process `top.$3206'.
Found and cleaned up 1 empty switch in `\top.$3191'.
Removing empty process `top.$3191'.
Found and cleaned up 3 empty switches in `\top.$3188'.
Removing empty process `top.$3188'.
Found and cleaned up 1 empty switch in `\top.$3173'.
Removing empty process `top.$3173'.
Found and cleaned up 3 empty switches in `\top.$3170'.
Removing empty process `top.$3170'.
Found and cleaned up 1 empty switch in `\top.$3155'.
Removing empty process `top.$3155'.
Found and cleaned up 3 empty switches in `\top.$3152'.
Removing empty process `top.$3152'.
Found and cleaned up 1 empty switch in `\top.$3137'.
Removing empty process `top.$3137'.
Found and cleaned up 3 empty switches in `\top.$3134'.
Removing empty process `top.$3134'.
Found and cleaned up 1 empty switch in `\top.$3119'.
Removing empty process `top.$3119'.
Found and cleaned up 3 empty switches in `\top.$3116'.
Removing empty process `top.$3116'.
Found and cleaned up 1 empty switch in `\top.$3101'.
Removing empty process `top.$3101'.
Found and cleaned up 3 empty switches in `\top.$3098'.
Removing empty process `top.$3098'.
Found and cleaned up 1 empty switch in `\top.$3083'.
Removing empty process `top.$3083'.
Found and cleaned up 3 empty switches in `\top.$3080'.
Removing empty process `top.$3080'.
Found and cleaned up 1 empty switch in `\top.$3065'.
Removing empty process `top.$3065'.
Found and cleaned up 3 empty switches in `\top.$3062'.
Removing empty process `top.$3062'.
Found and cleaned up 1 empty switch in `\top.$3047'.
Removing empty process `top.$3047'.
Found and cleaned up 3 empty switches in `\top.$3044'.
Removing empty process `top.$3044'.
Found and cleaned up 1 empty switch in `\top.$3029'.
Removing empty process `top.$3029'.
Found and cleaned up 3 empty switches in `\top.$3026'.
Removing empty process `top.$3026'.
Found and cleaned up 1 empty switch in `\top.$3011'.
Removing empty process `top.$3011'.
Found and cleaned up 3 empty switches in `\top.$3008'.
Removing empty process `top.$3008'.
Found and cleaned up 1 empty switch in `\top.$2993'.
Removing empty process `top.$2993'.
Found and cleaned up 3 empty switches in `\top.$2990'.
Removing empty process `top.$2990'.
Found and cleaned up 1 empty switch in `\top.$2975'.
Removing empty process `top.$2975'.
Found and cleaned up 3 empty switches in `\top.$2972'.
Removing empty process `top.$2972'.
Found and cleaned up 1 empty switch in `\top.$2957'.
Removing empty process `top.$2957'.
Found and cleaned up 3 empty switches in `\top.$2954'.
Removing empty process `top.$2954'.
Found and cleaned up 1 empty switch in `\top.$2939'.
Removing empty process `top.$2939'.
Found and cleaned up 3 empty switches in `\top.$2936'.
Removing empty process `top.$2936'.
Found and cleaned up 1 empty switch in `\top.$2921'.
Removing empty process `top.$2921'.
Found and cleaned up 3 empty switches in `\top.$2918'.
Removing empty process `top.$2918'.
Found and cleaned up 1 empty switch in `\top.$2903'.
Removing empty process `top.$2903'.
Found and cleaned up 3 empty switches in `\top.$2900'.
Removing empty process `top.$2900'.
Found and cleaned up 1 empty switch in `\top.$2885'.
Removing empty process `top.$2885'.
Found and cleaned up 3 empty switches in `\top.$2882'.
Removing empty process `top.$2882'.
Found and cleaned up 1 empty switch in `\top.$2867'.
Removing empty process `top.$2867'.
Found and cleaned up 3 empty switches in `\top.$2864'.
Removing empty process `top.$2864'.
Found and cleaned up 1 empty switch in `\top.$2849'.
Removing empty process `top.$2849'.
Found and cleaned up 3 empty switches in `\top.$2846'.
Removing empty process `top.$2846'.
Found and cleaned up 1 empty switch in `\top.$2831'.
Removing empty process `top.$2831'.
Found and cleaned up 3 empty switches in `\top.$2828'.
Removing empty process `top.$2828'.
Found and cleaned up 1 empty switch in `\top.$2813'.
Removing empty process `top.$2813'.
Found and cleaned up 3 empty switches in `\top.$2810'.
Removing empty process `top.$2810'.
Found and cleaned up 1 empty switch in `\top.$2795'.
Removing empty process `top.$2795'.
Found and cleaned up 3 empty switches in `\top.$2792'.
Removing empty process `top.$2792'.
Found and cleaned up 1 empty switch in `\top.$2777'.
Removing empty process `top.$2777'.
Found and cleaned up 3 empty switches in `\top.$2774'.
Removing empty process `top.$2774'.
Found and cleaned up 1 empty switch in `\top.$2759'.
Removing empty process `top.$2759'.
Found and cleaned up 3 empty switches in `\top.$2756'.
Removing empty process `top.$2756'.
Found and cleaned up 1 empty switch in `\top.$2741'.
Removing empty process `top.$2741'.
Found and cleaned up 3 empty switches in `\top.$2738'.
Removing empty process `top.$2738'.
Found and cleaned up 1 empty switch in `\top.$2723'.
Removing empty process `top.$2723'.
Found and cleaned up 3 empty switches in `\top.$2720'.
Removing empty process `top.$2720'.
Found and cleaned up 1 empty switch in `\top.$2705'.
Removing empty process `top.$2705'.
Found and cleaned up 3 empty switches in `\top.$2702'.
Removing empty process `top.$2702'.
Found and cleaned up 1 empty switch in `\top.$2687'.
Removing empty process `top.$2687'.
Found and cleaned up 3 empty switches in `\top.$2684'.
Removing empty process `top.$2684'.
Found and cleaned up 1 empty switch in `\top.$2669'.
Removing empty process `top.$2669'.
Found and cleaned up 3 empty switches in `\top.$2666'.
Removing empty process `top.$2666'.
Found and cleaned up 1 empty switch in `\top.$2651'.
Removing empty process `top.$2651'.
Found and cleaned up 3 empty switches in `\top.$2648'.
Removing empty process `top.$2648'.
Found and cleaned up 1 empty switch in `\top.$2633'.
Removing empty process `top.$2633'.
Found and cleaned up 3 empty switches in `\top.$2630'.
Removing empty process `top.$2630'.
Found and cleaned up 1 empty switch in `\top.$2615'.
Removing empty process `top.$2615'.
Found and cleaned up 3 empty switches in `\top.$2612'.
Removing empty process `top.$2612'.
Found and cleaned up 1 empty switch in `\top.$2597'.
Removing empty process `top.$2597'.
Found and cleaned up 3 empty switches in `\top.$2594'.
Removing empty process `top.$2594'.
Found and cleaned up 1 empty switch in `\top.$2579'.
Removing empty process `top.$2579'.
Found and cleaned up 3 empty switches in `\top.$2576'.
Removing empty process `top.$2576'.
Found and cleaned up 1 empty switch in `\top.$2561'.
Removing empty process `top.$2561'.
Found and cleaned up 3 empty switches in `\top.$2558'.
Removing empty process `top.$2558'.
Found and cleaned up 1 empty switch in `\top.$2543'.
Removing empty process `top.$2543'.
Found and cleaned up 3 empty switches in `\top.$2540'.
Removing empty process `top.$2540'.
Found and cleaned up 1 empty switch in `\top.$2525'.
Removing empty process `top.$2525'.
Found and cleaned up 3 empty switches in `\top.$2522'.
Removing empty process `top.$2522'.
Found and cleaned up 1 empty switch in `\top.$2507'.
Removing empty process `top.$2507'.
Found and cleaned up 3 empty switches in `\top.$2504'.
Removing empty process `top.$2504'.
Found and cleaned up 1 empty switch in `\top.$2489'.
Removing empty process `top.$2489'.
Found and cleaned up 3 empty switches in `\top.$2486'.
Removing empty process `top.$2486'.
Found and cleaned up 1 empty switch in `\top.$2471'.
Removing empty process `top.$2471'.
Found and cleaned up 3 empty switches in `\top.$2468'.
Removing empty process `top.$2468'.
Found and cleaned up 1 empty switch in `\top.$2453'.
Removing empty process `top.$2453'.
Found and cleaned up 3 empty switches in `\top.$2450'.
Removing empty process `top.$2450'.
Found and cleaned up 1 empty switch in `\top.$2435'.
Removing empty process `top.$2435'.
Found and cleaned up 3 empty switches in `\top.$2432'.
Removing empty process `top.$2432'.
Found and cleaned up 1 empty switch in `\top.$2417'.
Removing empty process `top.$2417'.
Found and cleaned up 3 empty switches in `\top.$2414'.
Removing empty process `top.$2414'.
Found and cleaned up 1 empty switch in `\top.$2399'.
Removing empty process `top.$2399'.
Found and cleaned up 3 empty switches in `\top.$2396'.
Removing empty process `top.$2396'.
Found and cleaned up 1 empty switch in `\top.$2381'.
Removing empty process `top.$2381'.
Found and cleaned up 3 empty switches in `\top.$2378'.
Removing empty process `top.$2378'.
Found and cleaned up 1 empty switch in `\top.$2363'.
Removing empty process `top.$2363'.
Found and cleaned up 3 empty switches in `\top.$2360'.
Removing empty process `top.$2360'.
Found and cleaned up 1 empty switch in `\top.$2345'.
Removing empty process `top.$2345'.
Found and cleaned up 3 empty switches in `\top.$2342'.
Removing empty process `top.$2342'.
Found and cleaned up 1 empty switch in `\top.$2327'.
Removing empty process `top.$2327'.
Found and cleaned up 3 empty switches in `\top.$2324'.
Removing empty process `top.$2324'.
Found and cleaned up 1 empty switch in `\top.$2309'.
Removing empty process `top.$2309'.
Found and cleaned up 3 empty switches in `\top.$2306'.
Removing empty process `top.$2306'.
Found and cleaned up 1 empty switch in `\top.$2291'.
Removing empty process `top.$2291'.
Found and cleaned up 3 empty switches in `\top.$2288'.
Removing empty process `top.$2288'.
Found and cleaned up 1 empty switch in `\top.$2273'.
Removing empty process `top.$2273'.
Found and cleaned up 3 empty switches in `\top.$2270'.
Removing empty process `top.$2270'.
Found and cleaned up 1 empty switch in `\top.$2255'.
Removing empty process `top.$2255'.
Found and cleaned up 3 empty switches in `\top.$2252'.
Removing empty process `top.$2252'.
Found and cleaned up 1 empty switch in `\top.$2237'.
Removing empty process `top.$2237'.
Found and cleaned up 3 empty switches in `\top.$2234'.
Removing empty process `top.$2234'.
Found and cleaned up 1 empty switch in `\top.$2219'.
Removing empty process `top.$2219'.
Found and cleaned up 3 empty switches in `\top.$2216'.
Removing empty process `top.$2216'.
Found and cleaned up 1 empty switch in `\top.$2201'.
Removing empty process `top.$2201'.
Found and cleaned up 3 empty switches in `\top.$2198'.
Removing empty process `top.$2198'.
Found and cleaned up 1 empty switch in `\top.$2183'.
Removing empty process `top.$2183'.
Found and cleaned up 3 empty switches in `\top.$2180'.
Removing empty process `top.$2180'.
Found and cleaned up 1 empty switch in `\top.$2165'.
Removing empty process `top.$2165'.
Found and cleaned up 3 empty switches in `\top.$2162'.
Removing empty process `top.$2162'.
Found and cleaned up 1 empty switch in `\top.$2147'.
Removing empty process `top.$2147'.
Found and cleaned up 3 empty switches in `\top.$2144'.
Removing empty process `top.$2144'.
Found and cleaned up 1 empty switch in `\top.$2129'.
Removing empty process `top.$2129'.
Found and cleaned up 3 empty switches in `\top.$2126'.
Removing empty process `top.$2126'.
Found and cleaned up 1 empty switch in `\top.$2111'.
Removing empty process `top.$2111'.
Found and cleaned up 3 empty switches in `\top.$2108'.
Removing empty process `top.$2108'.
Found and cleaned up 1 empty switch in `\top.$2093'.
Removing empty process `top.$2093'.
Found and cleaned up 3 empty switches in `\top.$2090'.
Removing empty process `top.$2090'.
Found and cleaned up 1 empty switch in `\top.$2075'.
Removing empty process `top.$2075'.
Found and cleaned up 3 empty switches in `\top.$2072'.
Removing empty process `top.$2072'.
Found and cleaned up 1 empty switch in `\top.$2057'.
Removing empty process `top.$2057'.
Found and cleaned up 3 empty switches in `\top.$2054'.
Removing empty process `top.$2054'.
Found and cleaned up 1 empty switch in `\top.$2039'.
Removing empty process `top.$2039'.
Found and cleaned up 3 empty switches in `\top.$2036'.
Removing empty process `top.$2036'.
Found and cleaned up 1 empty switch in `\top.$2021'.
Removing empty process `top.$2021'.
Found and cleaned up 3 empty switches in `\top.$2018'.
Removing empty process `top.$2018'.
Found and cleaned up 1 empty switch in `\top.$2003'.
Removing empty process `top.$2003'.
Found and cleaned up 3 empty switches in `\top.$2000'.
Removing empty process `top.$2000'.
Found and cleaned up 1 empty switch in `\top.$1985'.
Removing empty process `top.$1985'.
Found and cleaned up 3 empty switches in `\top.$1982'.
Removing empty process `top.$1982'.
Found and cleaned up 1 empty switch in `\top.$1967'.
Removing empty process `top.$1967'.
Found and cleaned up 3 empty switches in `\top.$1964'.
Removing empty process `top.$1964'.
Found and cleaned up 1 empty switch in `\top.$1949'.
Removing empty process `top.$1949'.
Found and cleaned up 3 empty switches in `\top.$1946'.
Removing empty process `top.$1946'.
Found and cleaned up 1 empty switch in `\top.$1931'.
Removing empty process `top.$1931'.
Found and cleaned up 3 empty switches in `\top.$1928'.
Removing empty process `top.$1928'.
Found and cleaned up 1 empty switch in `\top.$1913'.
Removing empty process `top.$1913'.
Found and cleaned up 3 empty switches in `\top.$1910'.
Removing empty process `top.$1910'.
Found and cleaned up 1 empty switch in `\top.$1895'.
Removing empty process `top.$1895'.
Found and cleaned up 3 empty switches in `\top.$1892'.
Removing empty process `top.$1892'.
Found and cleaned up 1 empty switch in `\top.$1877'.
Removing empty process `top.$1877'.
Found and cleaned up 3 empty switches in `\top.$1874'.
Removing empty process `top.$1874'.
Found and cleaned up 1 empty switch in `\top.$1859'.
Removing empty process `top.$1859'.
Found and cleaned up 3 empty switches in `\top.$1856'.
Removing empty process `top.$1856'.
Found and cleaned up 1 empty switch in `\top.$1841'.
Removing empty process `top.$1841'.
Found and cleaned up 3 empty switches in `\top.$1838'.
Removing empty process `top.$1838'.
Found and cleaned up 1 empty switch in `\top.$1823'.
Removing empty process `top.$1823'.
Found and cleaned up 3 empty switches in `\top.$1820'.
Removing empty process `top.$1820'.
Found and cleaned up 1 empty switch in `\top.$1805'.
Removing empty process `top.$1805'.
Found and cleaned up 3 empty switches in `\top.$1802'.
Removing empty process `top.$1802'.
Found and cleaned up 1 empty switch in `\top.$1787'.
Removing empty process `top.$1787'.
Found and cleaned up 3 empty switches in `\top.$1784'.
Removing empty process `top.$1784'.
Found and cleaned up 1 empty switch in `\top.$1769'.
Removing empty process `top.$1769'.
Found and cleaned up 3 empty switches in `\top.$1766'.
Removing empty process `top.$1766'.
Found and cleaned up 1 empty switch in `\top.$1751'.
Removing empty process `top.$1751'.
Found and cleaned up 3 empty switches in `\top.$1748'.
Removing empty process `top.$1748'.
Found and cleaned up 1 empty switch in `\top.$1733'.
Removing empty process `top.$1733'.
Found and cleaned up 3 empty switches in `\top.$1730'.
Removing empty process `top.$1730'.
Found and cleaned up 1 empty switch in `\top.$1715'.
Removing empty process `top.$1715'.
Found and cleaned up 3 empty switches in `\top.$1712'.
Removing empty process `top.$1712'.
Found and cleaned up 1 empty switch in `\top.$1697'.
Removing empty process `top.$1697'.
Found and cleaned up 3 empty switches in `\top.$1694'.
Removing empty process `top.$1694'.
Found and cleaned up 1 empty switch in `\top.$1679'.
Removing empty process `top.$1679'.
Found and cleaned up 3 empty switches in `\top.$1676'.
Removing empty process `top.$1676'.
Found and cleaned up 1 empty switch in `\top.$1661'.
Removing empty process `top.$1661'.
Found and cleaned up 3 empty switches in `\top.$1658'.
Removing empty process `top.$1658'.
Found and cleaned up 1 empty switch in `\top.$1643'.
Removing empty process `top.$1643'.
Found and cleaned up 3 empty switches in `\top.$1640'.
Removing empty process `top.$1640'.
Found and cleaned up 1 empty switch in `\top.$1625'.
Removing empty process `top.$1625'.
Found and cleaned up 3 empty switches in `\top.$1622'.
Removing empty process `top.$1622'.
Found and cleaned up 1 empty switch in `\top.$1607'.
Removing empty process `top.$1607'.
Found and cleaned up 3 empty switches in `\top.$1604'.
Removing empty process `top.$1604'.
Found and cleaned up 1 empty switch in `\top.$1589'.
Removing empty process `top.$1589'.
Found and cleaned up 3 empty switches in `\top.$1586'.
Removing empty process `top.$1586'.
Found and cleaned up 1 empty switch in `\top.$1571'.
Removing empty process `top.$1571'.
Found and cleaned up 3 empty switches in `\top.$1568'.
Removing empty process `top.$1568'.
Found and cleaned up 1 empty switch in `\top.$1553'.
Removing empty process `top.$1553'.
Found and cleaned up 3 empty switches in `\top.$1550'.
Removing empty process `top.$1550'.
Found and cleaned up 1 empty switch in `\top.$1535'.
Removing empty process `top.$1535'.
Found and cleaned up 3 empty switches in `\top.$1532'.
Removing empty process `top.$1532'.
Found and cleaned up 1 empty switch in `\top.$1517'.
Removing empty process `top.$1517'.
Found and cleaned up 3 empty switches in `\top.$1514'.
Removing empty process `top.$1514'.
Found and cleaned up 1 empty switch in `\top.$1499'.
Removing empty process `top.$1499'.
Found and cleaned up 3 empty switches in `\top.$1496'.
Removing empty process `top.$1496'.
Found and cleaned up 1 empty switch in `\top.$1481'.
Removing empty process `top.$1481'.
Found and cleaned up 3 empty switches in `\top.$1478'.
Removing empty process `top.$1478'.
Found and cleaned up 1 empty switch in `\top.$1463'.
Removing empty process `top.$1463'.
Found and cleaned up 3 empty switches in `\top.$1460'.
Removing empty process `top.$1460'.
Found and cleaned up 1 empty switch in `\top.$1445'.
Removing empty process `top.$1445'.
Found and cleaned up 3 empty switches in `\top.$1442'.
Removing empty process `top.$1442'.
Found and cleaned up 1 empty switch in `\top.$1427'.
Removing empty process `top.$1427'.
Found and cleaned up 3 empty switches in `\top.$1424'.
Removing empty process `top.$1424'.
Found and cleaned up 1 empty switch in `\top.$1409'.
Removing empty process `top.$1409'.
Found and cleaned up 3 empty switches in `\top.$1406'.
Removing empty process `top.$1406'.
Found and cleaned up 1 empty switch in `\top.$1391'.
Removing empty process `top.$1391'.
Found and cleaned up 3 empty switches in `\top.$1388'.
Removing empty process `top.$1388'.
Found and cleaned up 1 empty switch in `\top.$1373'.
Removing empty process `top.$1373'.
Found and cleaned up 3 empty switches in `\top.$1370'.
Removing empty process `top.$1370'.
Found and cleaned up 1 empty switch in `\top.$1355'.
Removing empty process `top.$1355'.
Found and cleaned up 3 empty switches in `\top.$1352'.
Removing empty process `top.$1352'.
Found and cleaned up 1 empty switch in `\top.$1337'.
Removing empty process `top.$1337'.
Found and cleaned up 3 empty switches in `\top.$1334'.
Removing empty process `top.$1334'.
Found and cleaned up 1 empty switch in `\top.$1319'.
Removing empty process `top.$1319'.
Found and cleaned up 3 empty switches in `\top.$1316'.
Removing empty process `top.$1316'.
Found and cleaned up 1 empty switch in `\top.$1301'.
Removing empty process `top.$1301'.
Found and cleaned up 3 empty switches in `\top.$1298'.
Removing empty process `top.$1298'.
Found and cleaned up 1 empty switch in `\top.$1283'.
Removing empty process `top.$1283'.
Found and cleaned up 3 empty switches in `\top.$1280'.
Removing empty process `top.$1280'.
Found and cleaned up 1 empty switch in `\top.$1265'.
Removing empty process `top.$1265'.
Found and cleaned up 3 empty switches in `\top.$1262'.
Removing empty process `top.$1262'.
Found and cleaned up 1 empty switch in `\top.$1247'.
Removing empty process `top.$1247'.
Found and cleaned up 3 empty switches in `\top.$1244'.
Removing empty process `top.$1244'.
Found and cleaned up 1 empty switch in `\top.$1229'.
Removing empty process `top.$1229'.
Found and cleaned up 3 empty switches in `\top.$1226'.
Removing empty process `top.$1226'.
Found and cleaned up 1 empty switch in `\top.$1211'.
Removing empty process `top.$1211'.
Found and cleaned up 3 empty switches in `\top.$1208'.
Removing empty process `top.$1208'.
Found and cleaned up 1 empty switch in `\top.$1193'.
Removing empty process `top.$1193'.
Found and cleaned up 3 empty switches in `\top.$1190'.
Removing empty process `top.$1190'.
Found and cleaned up 1 empty switch in `\top.$1175'.
Removing empty process `top.$1175'.
Found and cleaned up 3 empty switches in `\top.$1172'.
Removing empty process `top.$1172'.
Found and cleaned up 1 empty switch in `\top.$1157'.
Removing empty process `top.$1157'.
Found and cleaned up 3 empty switches in `\top.$1154'.
Removing empty process `top.$1154'.
Found and cleaned up 1 empty switch in `\top.$1139'.
Removing empty process `top.$1139'.
Found and cleaned up 3 empty switches in `\top.$1136'.
Removing empty process `top.$1136'.
Found and cleaned up 1 empty switch in `\top.$1121'.
Removing empty process `top.$1121'.
Found and cleaned up 3 empty switches in `\top.$1118'.
Removing empty process `top.$1118'.
Found and cleaned up 1 empty switch in `\top.$1103'.
Removing empty process `top.$1103'.
Found and cleaned up 3 empty switches in `\top.$1100'.
Removing empty process `top.$1100'.
Found and cleaned up 1 empty switch in `\top.$1085'.
Removing empty process `top.$1085'.
Found and cleaned up 3 empty switches in `\top.$1082'.
Removing empty process `top.$1082'.
Found and cleaned up 1 empty switch in `\top.$1067'.
Removing empty process `top.$1067'.
Found and cleaned up 3 empty switches in `\top.$1064'.
Removing empty process `top.$1064'.
Found and cleaned up 1 empty switch in `\top.$1049'.
Removing empty process `top.$1049'.
Found and cleaned up 3 empty switches in `\top.$1046'.
Removing empty process `top.$1046'.
Found and cleaned up 1 empty switch in `\top.$1031'.
Removing empty process `top.$1031'.
Found and cleaned up 3 empty switches in `\top.$1028'.
Removing empty process `top.$1028'.
Found and cleaned up 1 empty switch in `\top.$1013'.
Removing empty process `top.$1013'.
Found and cleaned up 3 empty switches in `\top.$1010'.
Removing empty process `top.$1010'.
Found and cleaned up 1 empty switch in `\top.$995'.
Removing empty process `top.$995'.
Found and cleaned up 3 empty switches in `\top.$992'.
Removing empty process `top.$992'.
Found and cleaned up 1 empty switch in `\top.$977'.
Removing empty process `top.$977'.
Found and cleaned up 3 empty switches in `\top.$974'.
Removing empty process `top.$974'.
Found and cleaned up 1 empty switch in `\top.$959'.
Removing empty process `top.$959'.
Found and cleaned up 3 empty switches in `\top.$956'.
Removing empty process `top.$956'.
Found and cleaned up 1 empty switch in `\top.$941'.
Removing empty process `top.$941'.
Found and cleaned up 3 empty switches in `\top.$938'.
Removing empty process `top.$938'.
Found and cleaned up 1 empty switch in `\top.$923'.
Removing empty process `top.$923'.
Found and cleaned up 3 empty switches in `\top.$920'.
Removing empty process `top.$920'.
Found and cleaned up 1 empty switch in `\top.$905'.
Removing empty process `top.$905'.
Found and cleaned up 3 empty switches in `\top.$902'.
Removing empty process `top.$902'.
Found and cleaned up 1 empty switch in `\top.$887'.
Removing empty process `top.$887'.
Found and cleaned up 3 empty switches in `\top.$884'.
Removing empty process `top.$884'.
Found and cleaned up 1 empty switch in `\top.$869'.
Removing empty process `top.$869'.
Found and cleaned up 3 empty switches in `\top.$866'.
Removing empty process `top.$866'.
Found and cleaned up 1 empty switch in `\top.$851'.
Removing empty process `top.$851'.
Found and cleaned up 3 empty switches in `\top.$848'.
Removing empty process `top.$848'.
Found and cleaned up 1 empty switch in `\top.$833'.
Removing empty process `top.$833'.
Found and cleaned up 3 empty switches in `\top.$830'.
Removing empty process `top.$830'.
Found and cleaned up 1 empty switch in `\top.$815'.
Removing empty process `top.$815'.
Found and cleaned up 3 empty switches in `\top.$812'.
Removing empty process `top.$812'.
Found and cleaned up 1 empty switch in `\top.$797'.
Removing empty process `top.$797'.
Found and cleaned up 3 empty switches in `\top.$794'.
Removing empty process `top.$794'.
Found and cleaned up 1 empty switch in `\top.$779'.
Removing empty process `top.$779'.
Found and cleaned up 3 empty switches in `\top.$776'.
Removing empty process `top.$776'.
Found and cleaned up 1 empty switch in `\top.$761'.
Removing empty process `top.$761'.
Found and cleaned up 3 empty switches in `\top.$758'.
Removing empty process `top.$758'.
Found and cleaned up 1 empty switch in `\top.$743'.
Removing empty process `top.$743'.
Found and cleaned up 3 empty switches in `\top.$740'.
Removing empty process `top.$740'.
Found and cleaned up 1 empty switch in `\top.$725'.
Removing empty process `top.$725'.
Found and cleaned up 3 empty switches in `\top.$722'.
Removing empty process `top.$722'.
Found and cleaned up 1 empty switch in `\top.$707'.
Removing empty process `top.$707'.
Found and cleaned up 3 empty switches in `\top.$704'.
Removing empty process `top.$704'.
Found and cleaned up 1 empty switch in `\top.$689'.
Removing empty process `top.$689'.
Found and cleaned up 3 empty switches in `\top.$686'.
Removing empty process `top.$686'.
Found and cleaned up 1 empty switch in `\top.$671'.
Removing empty process `top.$671'.
Found and cleaned up 3 empty switches in `\top.$668'.
Removing empty process `top.$668'.
Found and cleaned up 1 empty switch in `\top.$653'.
Removing empty process `top.$653'.
Found and cleaned up 3 empty switches in `\top.$650'.
Removing empty process `top.$650'.
Found and cleaned up 1 empty switch in `\top.$635'.
Removing empty process `top.$635'.
Found and cleaned up 3 empty switches in `\top.$632'.
Removing empty process `top.$632'.
Found and cleaned up 1 empty switch in `\top.$617'.
Removing empty process `top.$617'.
Found and cleaned up 3 empty switches in `\top.$614'.
Removing empty process `top.$614'.
Found and cleaned up 1 empty switch in `\top.$599'.
Removing empty process `top.$599'.
Found and cleaned up 3 empty switches in `\top.$596'.
Removing empty process `top.$596'.
Found and cleaned up 1 empty switch in `\top.$581'.
Removing empty process `top.$581'.
Found and cleaned up 3 empty switches in `\top.$578'.
Removing empty process `top.$578'.
Found and cleaned up 1 empty switch in `\top.$563'.
Removing empty process `top.$563'.
Found and cleaned up 3 empty switches in `\top.$560'.
Removing empty process `top.$560'.
Found and cleaned up 1 empty switch in `\top.$545'.
Removing empty process `top.$545'.
Found and cleaned up 3 empty switches in `\top.$542'.
Removing empty process `top.$542'.
Found and cleaned up 1 empty switch in `\top.$527'.
Removing empty process `top.$527'.
Found and cleaned up 3 empty switches in `\top.$524'.
Removing empty process `top.$524'.
Found and cleaned up 1 empty switch in `\top.$509'.
Removing empty process `top.$509'.
Found and cleaned up 3 empty switches in `\top.$506'.
Removing empty process `top.$506'.
Found and cleaned up 1 empty switch in `\top.$491'.
Removing empty process `top.$491'.
Found and cleaned up 3 empty switches in `\top.$488'.
Removing empty process `top.$488'.
Found and cleaned up 1 empty switch in `\top.$473'.
Removing empty process `top.$473'.
Found and cleaned up 3 empty switches in `\top.$470'.
Removing empty process `top.$470'.
Found and cleaned up 1 empty switch in `\top.$455'.
Removing empty process `top.$455'.
Found and cleaned up 3 empty switches in `\top.$452'.
Removing empty process `top.$452'.
Found and cleaned up 1 empty switch in `\top.$437'.
Removing empty process `top.$437'.
Found and cleaned up 3 empty switches in `\top.$434'.
Removing empty process `top.$434'.
Found and cleaned up 1 empty switch in `\top.$419'.
Removing empty process `top.$419'.
Found and cleaned up 3 empty switches in `\top.$416'.
Removing empty process `top.$416'.
Found and cleaned up 1 empty switch in `\top.$401'.
Removing empty process `top.$401'.
Found and cleaned up 3 empty switches in `\top.$398'.
Removing empty process `top.$398'.
Found and cleaned up 1 empty switch in `\top.$383'.
Removing empty process `top.$383'.
Found and cleaned up 3 empty switches in `\top.$380'.
Removing empty process `top.$380'.
Found and cleaned up 1 empty switch in `\top.$365'.
Removing empty process `top.$365'.
Found and cleaned up 3 empty switches in `\top.$362'.
Removing empty process `top.$362'.
Found and cleaned up 1 empty switch in `\top.$347'.
Removing empty process `top.$347'.
Found and cleaned up 3 empty switches in `\top.$344'.
Removing empty process `top.$344'.
Found and cleaned up 1 empty switch in `\top.$329'.
Removing empty process `top.$329'.
Found and cleaned up 3 empty switches in `\top.$326'.
Removing empty process `top.$326'.
Found and cleaned up 1 empty switch in `\top.$311'.
Removing empty process `top.$311'.
Found and cleaned up 3 empty switches in `\top.$308'.
Removing empty process `top.$308'.
Found and cleaned up 1 empty switch in `\top.$293'.
Removing empty process `top.$293'.
Found and cleaned up 3 empty switches in `\top.$290'.
Removing empty process `top.$290'.
Cleaned up 1024 empty switches.

1.8. Executing OPT_EXPR pass (perform const folding).
Optimizing module top.

2. Executing SYNTH pass.

2.1. Executing HIERARCHY pass (managing design hierarchy).

2.1.1. Analyzing design hierarchy..
Top module:  \top

2.1.2. Analyzing design hierarchy..
Top module:  \top
Removed 0 unused modules.

2.2. Executing PROC pass (convert processes to netlists).

2.2.1. Executing PROC_CLEAN pass (remove empty switches from decision trees).
Cleaned up 0 empty switches.

2.2.2. Executing PROC_RMDEAD pass (remove dead branches from decision trees).
Removed a total of 0 dead cases.

2.2.3. Executing PROC_PRUNE pass (remove redundant assignments in processes).
Removed 0 redundant assignments.
Promoted 0 assignments to connections.

2.2.4. Executing PROC_INIT pass (extract init attributes).

2.2.5. Executing PROC_ARST pass (detect async resets in processes).

2.2.6. Executing PROC_ROM pass (convert switches to ROMs).
Converted 0 switches.

2.2.7. Executing PROC_MUX pass (convert decision trees to multiplexers).

2.2.8. Executing PROC_DLATCH pass (convert process syncs to latches).

2.2.9. Executing PROC_DFF pass (convert process syncs to FFs).

2.2.10. Executing PROC_MEMWR pass (convert process memory writes to cells).

2.2.11. Executing PROC_CLEAN pass (remove empty switches from decision trees).
Cleaned up 0 empty switches.

2.2.12. Executing OPT_EXPR pass (perform const folding).
Optimizing module top.

2.3. Executing OPT_EXPR pass (perform const folding).
Optimizing module top.

2.4. Executing CHECK pass (checking for obvious problems).
Checking module top...
Found and reported 0 problems.

2.5. Executing OPT_CLEAN pass (remove unused cells and wires).
Finding unused cells or wires in module \top..
Removed 32 unused cells and 2320 unused wires.
<suppressed ~2905 debug messages>

2.6. Executing OPT pass (performing simple optimizations).

2.6.1. Executing OPT_EXPR pass (perform const folding).
Optimizing module top.
<suppressed ~16 debug messages>

2.6.2. Executing OPT_MERGE pass (detect identical cells).
Finding identical cells in module `\top'.
Computing hashes of 2528 cells of `\top'.
Finding duplicate cells in `\top'.
Removed a total of 0 cells.

2.6.3. Executing OPT_MUXTREE pass (detect dead branches in mux trees).
Running muxtree optimizer on module \top..
  Creating internal representation of mux trees.
  Evaluating internal representation of mux trees.
  Analyzing evaluation results.
    dead port 1/2 on $mux $procmux$550.
    dead port 1/2 on $mux $procmux$535.
    dead port 1/2 on $mux $procmux$520.
    dead port 1/2 on $mux $procmux$505.
    dead port 1/2 on $mux $procmux$490.
    dead port 1/2 on $mux $procmux$475.
    dead port 1/2 on $mux $procmux$460.
    dead port 1/2 on $mux $procmux$445.
    dead port 1/2 on $mux $procmux$430.
    dead port 1/2 on $mux $procmux$415.
    dead port 1/2 on $mux $procmux$400.
    dead port 1/2 on $mux $procmux$385.
    dead port 1/2 on $mux $procmux$370.
    dead port 1/2 on $mux $procmux$355.
    dead port 1/2 on $mux $procmux$340.
    dead port 1/2 on $mux $procmux$325.
    dead port 1/2 on $mux $procmux$310.
    dead port 1/2 on $mux $procmux$295.
    dead port 1/2 on $mux $procmux$280.
    dead port 1/2 on $mux $procmux$265.
    dead port 1/2 on $mux $procmux$250.
    dead port 1/2 on $mux $procmux$235.
    dead port 1/2 on $mux $procmux$220.
    dead port 1/2 on $mux $procmux$205.
    dead port 1/2 on $mux $procmux$190.
    dead port 1/2 on $mux $procmux$175.
    dead port 1/2 on $mux $procmux$160.
    dead port 1/2 on $mux $procmux$145.
    dead port 1/2 on $mux $procmux$130.
    dead port 1/2 on $mux $procmux$115.
    dead port 1/2 on $mux $procmux$100.
    dead port 1/2 on $mux $procmux$85.
    dead port 1/2 on $mux $procmux$70.
    dead port 1/2 on $mux $procmux$55.
    dead port 1/2 on $mux $procmux$40.
    dead port 1/2 on $mux $procmux$25.
    dead port 1/2 on $mux $procmux$10.
    dead port 1/2 on $mux $procmux$3835.
    dead port 1/2 on $mux $procmux$3820.
    dead port 1/2 on $mux $procmux$3805.
    dead port 1/2 on $mux $procmux$3790.
    dead port 1/2 on $mux $procmux$3775.
    dead port 1/2 on $mux $procmux$3760.
    dead port 1/2 on $mux $procmux$3745.
    dead port 1/2 on $mux $procmux$3730.
    dead port 1/2 on $mux $procmux$3715.
    dead port 1/2 on $mux $procmux$3700.
    dead port 1/2 on $mux $procmux$3685.
    dead port 1/2 on $mux $procmux$3670.
    dead port 1/2 on $mux $procmux$3655.
    dead port 1/2 on $mux $procmux$3640.
    dead port 1/2 on $mux $procmux$3625.
    dead port 1/2 on $mux $procmux$3610.
    dead port 1/2 on $mux $procmux$3595.
    dead port 1/2 on $mux $procmux$3580.
    dead port 1/2 on $mux $procmux$3565.
    dead port 1/2 on $mux $procmux$3550.
    dead port 1/2 on $mux $procmux$3535.
    dead port 1/2 on $mux $procmux$3520.
    dead port 1/2 on $mux $procmux$3505.
    dead port 1/2 on $mux $procmux$3490.
    dead port 1/2 on $mux $procmux$3475.
    dead port 1/2 on $mux $procmux$3460.
    dead port 1/2 on $mux $procmux$3445.
    dead port 1/2 on $mux $procmux$3430.
    dead port 1/2 on $mux $procmux$3415.
    dead port 1/2 on $mux $procmux$3400.
    dead port 1/2 on $mux $procmux$3385.
    dead port 1/2 on $mux $procmux$3370.
    dead port 1/2 on $mux $procmux$3355.
    dead port 1/2 on $mux $procmux$3340.
    dead port 1/2 on $mux $procmux$3325.
    dead port 1/2 on $mux $procmux$3310.
    dead port 1/2 on $mux $procmux$3295.
    dead port 1/2 on $mux $procmux$3280.
    dead port 1/2 on $mux $procmux$3265.
    dead port 1/2 on $mux $procmux$595.
    dead port 1/2 on $mux $procmux$3250.
    dead port 1/2 on $mux $procmux$3235.
    dead port 1/2 on $mux $procmux$3220.
    dead port 1/2 on $mux $procmux$3205.
    dead port 1/2 on $mux $procmux$3190.
    dead port 1/2 on $mux $procmux$3175.
    dead port 1/2 on $mux $procmux$3160.
    dead port 1/2 on $mux $procmux$3145.
    dead port 1/2 on $mux $procmux$3130.
    dead port 1/2 on $mux $procmux$565.
    dead port 1/2 on $mux $procmux$3115.
    dead port 1/2 on $mux $procmux$3100.
    dead port 1/2 on $mux $procmux$3085.
    dead port 1/2 on $mux $procmux$3070.
    dead port 1/2 on $mux $procmux$3055.
    dead port 1/2 on $mux $procmux$3040.
    dead port 1/2 on $mux $procmux$3025.
    dead port 1/2 on $mux $procmux$3010.
    dead port 1/2 on $mux $procmux$2995.
    dead port 1/2 on $mux $procmux$2980.
    dead port 1/2 on $mux $procmux$2965.
    dead port 1/2 on $mux $procmux$2950.
    dead port 1/2 on $mux $procmux$2935.
    dead port 1/2 on $mux $procmux$2920.
    dead port 1/2 on $mux $procmux$2905.
    dead port 1/2 on $mux $procmux$2890.
    dead port 1/2 on $mux $procmux$2875.
    dead port 1/2 on $mux $procmux$2860.
    dead port 1/2 on $mux $procmux$2845.
    dead port 1/2 on $mux $procmux$2830.
    dead port 1/2 on $mux $procmux$2815.
    dead port 1/2 on $mux $procmux$2800.
    dead port 1/2 on $mux $procmux$2785.
    dead port 1/2 on $mux $procmux$2770.
    dead port 1/2 on $mux $procmux$2755.
    dead port 1/2 on $mux $procmux$2740.
    dead port 1/2 on $mux $procmux$2725.
    dead port 1/2 on $mux $procmux$2710.
    dead port 1/2 on $mux $procmux$2695.
    dead port 1/2 on $mux $procmux$2680.
    dead port 1/2 on $mux $procmux$2665.
    dead port 1/2 on $mux $procmux$2650.
    dead port 1/2 on $mux $procmux$2635.
    dead port 1/2 on $mux $procmux$2620.
    dead port 1/2 on $mux $procmux$2605.
    dead port 1/2 on $mux $procmux$2590.
    dead port 1/2 on $mux $procmux$2575.
    dead port 1/2 on $mux $procmux$2560.
    dead port 1/2 on $mux $procmux$2545.
    dead port 1/2 on $mux $procmux$2530.
    dead port 1/2 on $mux $procmux$2515.
    dead port 1/2 on $mux $procmux$2500.
    dead port 1/2 on $mux $procmux$2485.
    dead port 1/2 on $mux $procmux$2470.
    dead port 1/2 on $mux $procmux$2455.
    dead port 1/2 on $mux $procmux$2440.
    dead port 1/2 on $mux $procmux$2425.
    dead port 1/2 on $mux $procmux$2410.
    dead port 1/2 on $mux $procmux$2395.
    dead port 1/2 on $mux $procmux$2380.
    dead port 1/2 on $mux $procmux$2365.
    dead port 1/2 on $mux $procmux$2350.
    dead port 1/2 on $mux $procmux$2335.
    dead port 1/2 on $mux $procmux$2320.
    dead port 1/2 on $mux $procmux$2305.
    dead port 1/2 on $mux $procmux$2290.
    dead port 1/2 on $mux $procmux$2275.
    dead port 1/2 on $mux $procmux$2260.
    dead port 1/2 on $mux $procmux$2245.
    dead port 1/2 on $mux $procmux$2230.
    dead port 1/2 on $mux $procmux$2215.
    dead port 1/2 on $mux $procmux$2200.
    dead port 1/2 on $mux $procmux$2185.
    dead port 1/2 on $mux $procmux$2170.
    dead port 1/2 on $mux $procmux$2155.
    dead port 1/2 on $mux $procmux$2140.
    dead port 1/2 on $mux $procmux$2125.
    dead port 1/2 on $mux $procmux$2110.
    dead port 1/2 on $mux $procmux$2095.
    dead port 1/2 on $mux $procmux$2080.
    dead port 1/2 on $mux $procmux$2065.
    dead port 1/2 on $mux $procmux$2050.
    dead port 1/2 on $mux $procmux$2035.
    dead port 1/2 on $mux $procmux$2020.
    dead port 1/2 on $mux $procmux$2005.
    dead port 1/2 on $mux $procmux$1990.
    dead port 1/2 on $mux $procmux$1975.
    dead port 1/2 on $mux $procmux$1960.
    dead port 1/2 on $mux $procmux$1945.
    dead port 1/2 on $mux $procmux$1930.
    dead port 1/2 on $mux $procmux$580.
    dead port 1/2 on $mux $procmux$1915.
    dead port 1/2 on $mux $procmux$1900.
    dead port 1/2 on $mux $procmux$1885.
    dead port 1/2 on $mux $procmux$1870.
    dead port 1/2 on $mux $procmux$1855.
    dead port 1/2 on $mux $procmux$1840.
    dead port 1/2 on $mux $procmux$1825.
    dead port 1/2 on $mux $procmux$1810.
    dead port 1/2 on $mux $procmux$1795.
    dead port 1/2 on $mux $procmux$1780.
    dead port 1/2 on $mux $procmux$1765.
    dead port 1/2 on $mux $procmux$1750.
    dead port 1/2 on $mux $procmux$1735.
    dead port 1/2 on $mux $procmux$1720.
    dead port 1/2 on $mux $procmux$1705.
    dead port 1/2 on $mux $procmux$1690.
    dead port 1/2 on $mux $procmux$1675.
    dead port 1/2 on $mux $procmux$1660.
    dead port 1/2 on $mux $procmux$1645.
    dead port 1/2 on $mux $procmux$1630.
    dead port 1/2 on $mux $procmux$1615.
    dead port 1/2 on $mux $procmux$1600.
    dead port 1/2 on $mux $procmux$1585.
    dead port 1/2 on $mux $procmux$1570.
    dead port 1/2 on $mux $procmux$1555.
    dead port 1/2 on $mux $procmux$1540.
    dead port 1/2 on $mux $procmux$1525.
    dead port 1/2 on $mux $procmux$1510.
    dead port 1/2 on $mux $procmux$1495.
    dead port 1/2 on $mux $procmux$1480.
    dead port 1/2 on $mux $procmux$1465.
    dead port 1/2 on $mux $procmux$1450.
    dead port 1/2 on $mux $procmux$1435.
    dead port 1/2 on $mux $procmux$1420.
    dead port 1/2 on $mux $procmux$1405.
    dead port 1/2 on $mux $procmux$1390.
    dead port 1/2 on $mux $procmux$1375.
    dead port 1/2 on $mux $procmux$1360.
    dead port 1/2 on $mux $procmux$1345.
    dead port 1/2 on $mux $procmux$1330.
    dead port 1/2 on $mux $procmux$1315.
    dead port 1/2 on $mux $procmux$1300.
    dead port 1/2 on $mux $procmux$1285.
    dead port 1/2 on $mux $procmux$1270.
    dead port 1/2 on $mux $procmux$1255.
    dead port 1/2 on $mux $procmux$1240.
    dead port 1/2 on $mux $procmux$1225.
    dead port 1/2 on $mux $procmux$1210.
    dead port 1/2 on $mux $procmux$1195.
    dead port 1/2 on $mux $procmux$1180.
    dead port 1/2 on $mux $procmux$1165.
    dead port 1/2 on $mux $procmux$1150.
    dead port 1/2 on $mux $procmux$1135.
    dead port 1/2 on $mux $procmux$1120.
    dead port 1/2 on $mux $procmux$1105.
    dead port 1/2 on $mux $procmux$1090.
    dead port 1/2 on $mux $procmux$1075.
    dead port 1/2 on $mux $procmux$1060.
    dead port 1/2 on $mux $procmux$1045.
    dead port 1/2 on $mux $procmux$1030.
    dead port 1/2 on $mux $procmux$1015.
    dead port 1/2 on $mux $procmux$1000.
    dead port 1/2 on $mux $procmux$985.
    dead port 1/2 on $mux $procmux$970.
    dead port 1/2 on $mux $procmux$955.
    dead port 1/2 on $mux $procmux$940.
    dead port 1/2 on $mux $procmux$925.
    dead port 1/2 on $mux $procmux$910.
    dead port 1/2 on $mux $procmux$895.
    dead port 1/2 on $mux $procmux$880.
    dead port 1/2 on $mux $procmux$865.
    dead port 1/2 on $mux $procmux$610.
    dead port 1/2 on $mux $procmux$850.
    dead port 1/2 on $mux $procmux$835.
    dead port 1/2 on $mux $procmux$820.
    dead port 1/2 on $mux $procmux$805.
    dead port 1/2 on $mux $procmux$790.
    dead port 1/2 on $mux $procmux$775.
    dead port 1/2 on $mux $procmux$760.
    dead port 1/2 on $mux $procmux$745.
    dead port 1/2 on $mux $procmux$730.
    dead port 1/2 on $mux $procmux$715.
    dead port 1/2 on $mux $procmux$700.
    dead port 1/2 on $mux $procmux$685.
    dead port 1/2 on $mux $procmux$670.
    dead port 1/2 on $mux $procmux$655.
    dead port 1/2 on $mux $procmux$640.
    dead port 1/2 on $mux $procmux$625.
Removed 256 multiplexer ports.
<suppressed ~2016 debug messages>

2.6.4. Executing OPT_REDUCE pass (consolidate $*mux and $reduce_* inputs).
  Optimizing cells in module \top.
Performed a total of 0 changes.

2.6.5. Executing OPT_MERGE pass (detect identical cells).
Finding identical cells in module `\top'.
Computing hashes of 2272 cells of `\top'.
Finding duplicate cells in `\top'.
Removed a total of 0 cells.

2.6.6. Executing OPT_DFF pass (perform DFF optimizations).

2.6.7. Executing OPT_CLEAN pass (remove unused cells and wires).
Finding unused cells or wires in module \top..
Removed 0 unused cells and 272 unused wires.
<suppressed ~17 debug messages>

2.6.8. Executing OPT_EXPR pass (perform const folding).
Optimizing module top.

2.6.9. Rerunning OPT passes. (Maybe there is more to do..)

2.6.10. Executing OPT_MUXTREE pass (detect dead branches in mux trees).
Running muxtree optimizer on module \top..
  Creating internal representation of mux trees.
  Evaluating internal representation of mux trees.
  Analyzing evaluation results.
Removed 0 multiplexer ports.
<suppressed ~1760 debug messages>

2.6.11. Executing OPT_REDUCE pass (consolidate $*mux and $reduce_* inputs).
  Optimizing cells in module \top.
Performed a total of 0 changes.

2.6.12. Executing OPT_MERGE pass (detect identical cells).
Finding identical cells in module `\top'.
Computing hashes of 2256 cells of `\top'.
Finding duplicate cells in `\top'.
Removed a total of 0 cells.

2.6.13. Executing OPT_DFF pass (perform DFF optimizations).

2.6.14. Executing OPT_CLEAN pass (remove unused cells and wires).
Finding unused cells or wires in module \top..

2.6.15. Executing OPT_EXPR pass (perform const folding).
Optimizing module top.

2.6.16. Finished fast OPT passes. (There is nothing left to do.)

2.7. Executing FSM pass (extract and optimize FSM).

2.7.1. Executing FSM_DETECT pass (finding FSMs in design).

2.7.2. Executing FSM_EXTRACT pass (extracting FSM from design).

2.7.3. Executing FSM_OPT pass (simple optimizations of FSMs).

2.7.4. Executing OPT_CLEAN pass (remove unused cells and wires).
Finding unused cells or wires in module \top..

2.7.5. Executing FSM_OPT pass (simple optimizations of FSMs).

2.7.6. Executing FSM_RECODE pass (re-assigning FSM state encoding).

2.7.7. Executing FSM_INFO pass (dumping all available information on FSM cells).

2.7.8. Executing FSM_MAP pass (mapping FSMs to basic logic).

2.8. Executing OPT pass (performing simple optimizations).

2.8.1. Executing OPT_EXPR pass (perform const folding).
Optimizing module top.

2.8.2. Executing OPT_MERGE pass (detect identical cells).
Finding identical cells in module `\top'.
Computing hashes of 2256 cells of `\top'.
Finding duplicate cells in `\top'.
Removed a total of 0 cells.

2.8.3. Executing OPT_MUXTREE pass (detect dead branches in mux trees).
Running muxtree optimizer on module \top..
  Creating internal representation of mux trees.
  Evaluating internal representation of mux trees.
  Analyzing evaluation results.
Removed 0 multiplexer ports.
<suppressed ~1760 debug messages>

2.8.4. Executing OPT_REDUCE pass (consolidate $*mux and $reduce_* inputs).
  Optimizing cells in module \top.
Performed a total of 0 changes.

2.8.5. Executing OPT_MERGE pass (detect identical cells).
Finding identical cells in module `\top'.
Computing hashes of 2256 cells of `\top'.
Finding duplicate cells in `\top'.
Removed a total of 0 cells.

2.8.6. Executing OPT_DFF pass (perform DFF optimizations).
Adding SRST signal on $driver$u_array.rows[8].cols[4].u_pe.act_out ($dff) from module top (D = \u_array.rows[8].cols[3].u_pe.act_out, Q = \u_array.rows[8].cols[4].u_pe.act_out, rval = 8'00000000).
Adding SRST signal on $driver$u_array.rows[9].cols[8].u_pe.weight ($dff) from module top (D = $procmux$1552_Y, Q = \u_array.rows[9].cols[8].u_pe.weight, rval = 8'00000000).
Adding EN signal on $auto$ff.cc:337:slice$3842 ($sdff) from module top (D = \weight_in_flat [1223:1216], Q = \u_array.rows[9].cols[8].u_pe.weight).
Adding SRST signal on $driver$u_array.rows[9].cols[8].u_pe.act_out ($dff) from module top (D = \u_array.rows[9].cols[7].u_pe.act_out, Q = \u_array.rows[9].cols[8].u_pe.act_out, rval = 8'00000000).
Adding SRST signal on $driver$u_array.rows[9].cols[8].u_pe.psum_out ($dff) from module top (D = $3031y, Q = \u_array.rows[9].cols[8].u_pe.psum_out, rval = 0).
Adding SRST signal on $driver$u_array.rows[8].cols[4].u_pe.psum_out ($dff) from module top (D = $2671y, Q = \u_array.rows[8].cols[4].u_pe.psum_out, rval = 0).
Adding SRST signal on $driver$u_array.rows[9].cols[9].u_pe.weight ($dff) from module top (D = $procmux$1537_Y, Q = \u_array.rows[9].cols[9].u_pe.weight, rval = 8'00000000).
Adding EN signal on $auto$ff.cc:337:slice$3847 ($sdff) from module top (D = \weight_in_flat [1231:1224], Q = \u_array.rows[9].cols[9].u_pe.weight).
Adding SRST signal on $driver$u_array.rows[9].cols[9].u_pe.act_out ($dff) from module top (D = \u_array.rows[9].cols[8].u_pe.act_out, Q = \u_array.rows[9].cols[9].u_pe.act_out, rval = 8'00000000).
Adding SRST signal on $driver$u_array.rows[9].cols[9].u_pe.psum_out ($dff) from module top (D = $3049y, Q = \u_array.rows[9].cols[9].u_pe.psum_out, rval = 0).
Adding SRST signal on $driver$u_array.rows[9].cols[10].u_pe.weight ($dff) from module top (D = $procmux$1522_Y, Q = \u_array.rows[9].cols[10].u_pe.weight, rval = 8'00000000).
Adding EN signal on $auto$ff.cc:337:slice$3851 ($sdff) from module top (D = \weight_in_flat [1239:1232], Q = \u_array.rows[9].cols[10].u_pe.weight).
Adding SRST signal on $driver$u_array.rows[9].cols[10].u_pe.act_out ($dff) from module top (D = \u_array.rows[9].cols[9].u_pe.act_out, Q = \u_array.rows[9].cols[10].u_pe.act_out, rval = 8'00000000).
Adding SRST signal on $driver$u_array.rows[9].cols[10].u_pe.psum_out ($dff) from module top (D = $3067y, Q = \u_array.rows[9].cols[10].u_pe.psum_out, rval = 0).
Adding SRST signal on $driver$u_array.rows[9].cols[6].u_pe.weight ($dff) from module top (D = $procmux$1582_Y, Q = \u_array.rows[9].cols[6].u_pe.weight, rval = 8'00000000).
Adding EN signal on $auto$ff.cc:337:slice$3855 ($sdff) from module top (D = \weight_in_flat [1207:1200], Q = \u_array.rows[9].cols[6].u_pe.weight).
Adding SRST signal on $driver$u_array.rows[9].cols[11].u_pe.weight ($dff) from module top (D = $procmux$1507_Y, Q = \u_array.rows[9].cols[11].u_pe.weight, rval = 8'00000000).
Adding EN signal on $auto$ff.cc:337:slice$3857 ($sdff) from module top (D = \weight_in_flat [1247:1240], Q = \u_array.rows[9].cols[11].u_pe.weight).
Adding SRST signal on $driver$u_array.rows[9].cols[11].u_pe.act_out ($dff) from module top (D = \u_array.rows[9].cols[10].u_pe.act_out, Q = \u_array.rows[9].cols[11].u_pe.act_out, rval = 8'00000000).
Adding SRST signal on $driver$u_array.rows[9].cols[11].u_pe.psum_out ($dff) from module top (D = $3085y, Q = \u_array.rows[9].cols[11].u_pe.psum_out, rval = 0).
Adding SRST signal on $driver$u_array.rows[9].cols[3].u_pe.weight ($dff) from module top (D = $procmux$1627_Y, Q = \u_array.rows[9].cols[3].u_pe.weight, rval = 8'00000000).
Adding EN signal on $auto$ff.cc:337:slice$3861 ($sdff) from module top (D = \weight_in_flat [1183:1176], Q = \u_array.rows[9].cols[3].u_pe.weight).
Adding SRST signal on $driver$u_array.rows[9].cols[12].u_pe.weight ($dff) from module top (D = $procmux$1492_Y, Q = \u_array.rows[9].cols[12].u_pe.weight, rval = 8'00000000).
Adding EN signal on $auto$ff.cc:337:slice$3863 ($sdff) from module top (D = \weight_in_flat [1255:1248], Q = \u_array.rows[9].cols[12].u_pe.weight).
Adding SRST signal on $driver$u_array.rows[9].cols[12].u_pe.act_out ($dff) from module top (D = \u_array.rows[9].cols[11].u_pe.act_out, Q = \u_array.rows[9].cols[12].u_pe.act_out, rval = 8'00000000).
Adding SRST signal on $driver$u_array.rows[9].cols[12].u_pe.psum_out ($dff) from module top (D = $3103y, Q = \u_array.rows[9].cols[12].u_pe.psum_out, rval = 0).
Adding SRST signal on $driver$u_array.rows[9].cols[13].u_pe.weight ($dff) from module top (D = $procmux$1477_Y, Q = \u_array.rows[9].cols[13].u_pe.weight, rval = 8'00000000).
Adding EN signal on $auto$ff.cc:337:slice$3867 ($sdff) from module top (D = \weight_in_flat [1263:1256], Q = \u_array.rows[9].cols[13].u_pe.weight).
Adding SRST signal on $driver$u_array.rows[9].cols[13].u_pe.act_out ($dff) from module top (D = \u_array.rows[9].cols[12].u_pe.act_out, Q = \u_array.rows[9].cols[13].u_pe.act_out, rval = 8'00000000).
Adding SRST signal on $driver$u_array.rows[9].cols[13].u_pe.psum_out ($dff) from module top (D = $3121y, Q = \u_array.rows[9].cols[13].u_pe.psum_out, rval = 0).
Adding SRST signal on $driver$u_array.rows[8].cols[5].u_pe.weight ($dff) from module top (D = $procmux$1837_Y, Q = \u_array.rows[8].cols[5].u_pe.weight, rval = 8'00000000).
Adding EN signal on $auto$ff.cc:337:slice$3871 ($sdff) from module top (D = \weight_in_flat [1071:1064], Q = \u_array.rows[8].cols[5].u_pe.weight).
Adding SRST signal on $driver$u_array.rows[9].cols[14].u_pe.weight ($dff) from module top (D = $procmux$1462_Y, Q = \u_array.rows[9].cols[14].u_pe.weight, rval = 8'00000000).
Adding EN signal on $auto$ff.cc:337:slice$3873 ($sdff) from module top (D = \weight_in_flat [1271:1264], Q = \u_array.rows[9].cols[14].u_pe.weight).
Adding SRST signal on $driver$u_array.rows[9].cols[14].u_pe.act_out ($dff) from module top (D = \u_array.rows[9].cols[13].u_pe.act_out, Q = \u_array.rows[9].cols[14].u_pe.act_out, rval = 8'00000000).
Adding SRST signal on $driver$u_array.rows[9].cols[14].u_pe.psum_out ($dff) from module top (D = $3139y, Q = \u_array.rows[9].cols[14].u_pe.psum_out, rval = 0).
Adding SRST signal on $driver$u_array.rows[9].cols[15].u_pe.weight ($dff) from module top (D = $procmux$1447_Y, Q = \u_array.rows[9].cols[15].u_pe.weight, rval = 8'00000000).
Adding EN signal on $auto$ff.cc:337:slice$3877 ($sdff) from module top (D = \weight_in_flat [1279:1272], Q = \u_array.rows[9].cols[15].u_pe.weight).
Adding SRST signal on $driver$u_array.rows[8].cols[5].u_pe.act_out ($dff) from module top (D = \u_array.rows[8].cols[4].u_pe.act_out, Q = \u_array.rows[8].cols[5].u_pe.act_out, rval = 8'00000000).
Adding SRST signal on $driver$u_array.rows[9].cols[15].u_pe.psum_out ($dff) from module top (D = $3157y, Q = \u_array.rows[9].cols[15].u_pe.psum_out, rval = 0).
Adding SRST signal on $driver$u_array.rows[8].cols[5].u_pe.psum_out ($dff) from module top (D = $2689y, Q = \u_array.rows[8].cols[5].u_pe.psum_out, rval = 0).
Adding SRST signal on $driver$u_array.rows[10].cols[0].u_pe.weight ($dff) from module top (D = $procmux$1432_Y, Q = \u_array.rows[10].cols[0].u_pe.weight, rval = 8'00000000).
Adding EN signal on $auto$ff.cc:337:slice$3882 ($sdff) from module top (D = \weight_in_flat [1287:1280], Q = \u_array.rows[10].cols[0].u_pe.weight).
Adding SRST signal on $driver$u_array.rows[10].cols[0].u_pe.act_out ($dff) from module top (D = \act_in_flat [87:80], Q = \u_array.rows[10].cols[0].u_pe.act_out, rval = 8'00000000).
Adding SRST signal on $driver$u_array.rows[10].cols[0].u_pe.psum_out ($dff) from module top (D = $3175y, Q = \u_array.rows[10].cols[0].u_pe.psum_out, rval = 0).
Adding SRST signal on $driver$u_array.rows[10].cols[1].u_pe.weight ($dff) from module top (D = $procmux$1417_Y, Q = \u_array.rows[10].cols[1].u_pe.weight, rval = 8'00000000).
Adding EN signal on $auto$ff.cc:337:slice$3886 ($sdff) from module top (D = \weight_in_flat [1295:1288], Q = \u_array.rows[10].cols[1].u_pe.weight).
Adding SRST signal on $driver$u_array.rows[10].cols[1].u_pe.act_out ($dff) from module top (D = \u_array.rows[10].cols[0].u_pe.act_out, Q = \u_array.rows[10].cols[1].u_pe.act_out, rval = 8'00000000).
Adding SRST signal on $driver$u_array.rows[10].cols[1].u_pe.psum_out ($dff) from module top (D = $3193y, Q = \u_array.rows[10].cols[1].u_pe.psum_out, rval = 0).
Adding SRST signal on $driver$u_array.rows[10].cols[2].u_pe.weight ($dff) from module top (D = $procmux$1402_Y, Q = \u_array.rows[10].cols[2].u_pe.weight, rval = 8'00000000).
Adding EN signal on $auto$ff.cc:337:slice$3890 ($sdff) from module top (D = \weight_in_flat [1303:1296], Q = \u_array.rows[10].cols[2].u_pe.weight).
Adding SRST signal on $driver$u_array.rows[10].cols[2].u_pe.act_out ($dff) from module top (D = \u_array.rows[10].cols[1].u_pe.act_out, Q = \u_array.rows[10].cols[2].u_pe.act_out, rval = 8'00000000).
Adding SRST signal on $driver$u_array.rows[10].cols[2].u_pe.psum_out ($dff) from module top (D = $3211y, Q = \u_array.rows[10].cols[2].u_pe.psum_out, rval = 0).
Adding SRST signal on $driver$u_array.rows[10].cols[3].u_pe.weight ($dff) from module top (D = $procmux$1387_Y, Q = \u_array.rows[10].cols[3].u_pe.weight, rval = 8'00000000).
Adding EN signal on $auto$ff.cc:337:slice$3894 ($sdff) from module top (D = \weight_in_flat [1311:1304], Q = \u_array.rows[10].cols[3].u_pe.weight).
Adding SRST signal on $driver$u_array.rows[10].cols[3].u_pe.act_out ($dff) from module top (D = \u_array.rows[10].cols[2].u_pe.act_out, Q = \u_array.rows[10].cols[3].u_pe.act_out, rval = 8'00000000).
Adding SRST signal on $driver$u_array.rows[10].cols[3].u_pe.psum_out ($dff) from module top (D = $3229y, Q = \u_array.rows[10].cols[3].u_pe.psum_out, rval = 0).
Adding SRST signal on $driver$u_array.rows[10].cols[4].u_pe.weight ($dff) from module top (D = $procmux$1372_Y, Q = \u_array.rows[10].cols[4].u_pe.weight, rval = 8'00000000).
Adding EN signal on $auto$ff.cc:337:slice$3898 ($sdff) from module top (D = \weight_in_flat [1319:1312], Q = \u_array.rows[10].cols[4].u_pe.weight).
Adding SRST signal on $driver$u_array.rows[10].cols[4].u_pe.act_out ($dff) from module top (D = \u_array.rows[10].cols[3].u_pe.act_out, Q = \u_array.rows[10].cols[4].u_pe.act_out, rval = 8'00000000).
Adding SRST signal on $driver$u_array.rows[10].cols[4].u_pe.psum_out ($dff) from module top (D = $3247y, Q = \u_array.rows[10].cols[4].u_pe.psum_out, rval = 0).
Adding SRST signal on $driver$u_array.rows[8].cols[6].u_pe.weight ($dff) from module top (D = $procmux$1822_Y, Q = \u_array.rows[8].cols[6].u_pe.weight, rval = 8'00000000).
Adding EN signal on $auto$ff.cc:337:slice$3902 ($sdff) from module top (D = \weight_in_flat [1079:1072], Q = \u_array.rows[8].cols[6].u_pe.weight).
Adding SRST signal on $driver$u_array.rows[10].cols[5].u_pe.weight ($dff) from module top (D = $procmux$1357_Y, Q = \u_array.rows[10].cols[5].u_pe.weight, rval = 8'00000000).
Adding EN signal on $auto$ff.cc:337:slice$3904 ($sdff) from module top (D = \weight_in_flat [1327:1320], Q = \u_array.rows[10].cols[5].u_pe.weight).
Adding SRST signal on $driver$u_array.rows[10].cols[5].u_pe.act_out ($dff) from module top (D = \u_array.rows[10].cols[4].u_pe.act_out, Q = \u_array.rows[10].cols[5].u_pe.act_out, rval = 8'00000000).
Adding SRST signal on $driver$u_array.rows[10].cols[5].u_pe.psum_out ($dff) from module top (D = $3265y, Q = \u_array.rows[10].cols[5].u_pe.psum_out, rval = 0).
Adding SRST signal on $driver$u_array.rows[10].cols[6].u_pe.weight ($dff) from module top (D = $procmux$1342_Y, Q = \u_array.rows[10].cols[6].u_pe.weight, rval = 8'00000000).
Adding EN signal on $auto$ff.cc:337:slice$3908 ($sdff) from module top (D = \weight_in_flat [1335:1328], Q = \u_array.rows[10].cols[6].u_pe.weight).
Adding SRST signal on $driver$u_array.rows[10].cols[6].u_pe.act_out ($dff) from module top (D = \u_array.rows[10].cols[5].u_pe.act_out, Q = \u_array.rows[10].cols[6].u_pe.act_out, rval = 8'00000000).
Adding SRST signal on $driver$u_array.rows[10].cols[6].u_pe.psum_out ($dff) from module top (D = $3283y, Q = \u_array.rows[10].cols[6].u_pe.psum_out, rval = 0).
Adding SRST signal on $driver$u_array.rows[8].cols[6].u_pe.act_out ($dff) from module top (D = \u_array.rows[8].cols[5].u_pe.act_out, Q = \u_array.rows[8].cols[6].u_pe.act_out, rval = 8'00000000).
Adding SRST signal on $driver$u_array.rows[8].cols[6].u_pe.psum_out ($dff) from module top (D = $2707y, Q = \u_array.rows[8].cols[6].u_pe.psum_out, rval = 0).
Adding SRST signal on $driver$u_array.rows[10].cols[7].u_pe.weight ($dff) from module top (D = $procmux$1327_Y, Q = \u_array.rows[10].cols[7].u_pe.weight, rval = 8'00000000).
Adding EN signal on $auto$ff.cc:337:slice$3914 ($sdff) from module top (D = \weight_in_flat [1343:1336], Q = \u_array.rows[10].cols[7].u_pe.weight).
Adding SRST signal on $driver$u_array.rows[10].cols[7].u_pe.act_out ($dff) from module top (D = \u_array.rows[10].cols[6].u_pe.act_out, Q = \u_array.rows[10].cols[7].u_pe.act_out, rval = 8'00000000).
Adding SRST signal on $driver$u_array.rows[10].cols[7].u_pe.psum_out ($dff) from module top (D = $3301y, Q = \u_array.rows[10].cols[7].u_pe.psum_out, rval = 0).
Adding SRST signal on $driver$u_array.rows[9].cols[3].u_pe.act_out ($dff) from module top (D = \u_array.rows[9].cols[2].u_pe.act_out, Q = \u_array.rows[9].cols[3].u_pe.act_out, rval = 8'00000000).
Adding SRST signal on $driver$u_array.rows[10].cols[8].u_pe.weight ($dff) from module top (D = $procmux$1312_Y, Q = \u_array.rows[10].cols[8].u_pe.weight, rval = 8'00000000).
Adding EN signal on $auto$ff.cc:337:slice$3919 ($sdff) from module top (D = \weight_in_flat [1351:1344], Q = \u_array.rows[10].cols[8].u_pe.weight).
Adding SRST signal on $driver$u_array.rows[10].cols[8].u_pe.act_out ($dff) from module top (D = \u_array.rows[10].cols[7].u_pe.act_out, Q = \u_array.rows[10].cols[8].u_pe.act_out, rval = 8'00000000).
Adding SRST signal on $driver$u_array.rows[10].cols[8].u_pe.psum_out ($dff) from module top (D = $3319y, Q = \u_array.rows[10].cols[8].u_pe.psum_out, rval = 0).
Adding SRST signal on $driver$u_array.rows[10].cols[9].u_pe.weight ($dff) from module top (D = $procmux$1297_Y, Q = \u_array.rows[10].cols[9].u_pe.weight, rval = 8'00000000).
Adding EN signal on $auto$ff.cc:337:slice$3923 ($sdff) from module top (D = \weight_in_flat [1359:1352], Q = \u_array.rows[10].cols[9].u_pe.weight).
Adding SRST signal on $driver$u_array.rows[10].cols[9].u_pe.act_out ($dff) from module top (D = \u_array.rows[10].cols[8].u_pe.act_out, Q = \u_array.rows[10].cols[9].u_pe.act_out, rval = 8'00000000).
Adding SRST signal on $driver$u_array.rows[10].cols[9].u_pe.psum_out ($dff) from module top (D = $3337y, Q = \u_array.rows[10].cols[9].u_pe.psum_out, rval = 0).
Adding SRST signal on $driver$u_array.rows[9].cols[3].u_pe.psum_out ($dff) from module top (D = $2941y, Q = \u_array.rows[9].cols[3].u_pe.psum_out, rval = 0).
Adding SRST signal on $driver$u_array.rows[10].cols[10].u_pe.weight ($dff) from module top (D = $procmux$1282_Y, Q = \u_array.rows[10].cols[10].u_pe.weight, rval = 8'00000000).
Adding EN signal on $auto$ff.cc:337:slice$3928 ($sdff) from module top (D = \weight_in_flat [1367:1360], Q = \u_array.rows[10].cols[10].u_pe.weight).
Adding SRST signal on $driver$u_array.rows[10].cols[10].u_pe.act_out ($dff) from module top (D = \u_array.rows[10].cols[9].u_pe.act_out, Q = \u_array.rows[10].cols[10].u_pe.act_out, rval = 8'00000000).
Adding SRST signal on $driver$u_array.rows[10].cols[10].u_pe.psum_out ($dff) from module top (D = $3355y, Q = \u_array.rows[10].cols[10].u_pe.psum_out, rval = 0).
Adding SRST signal on $driver$u_array.rows[0].cols[0].u_pe.weight ($dff) from module top (D = $procmux$3832_Y, Q = \u_array.rows[0].cols[0].u_pe.weight, rval = 8'00000000).
Adding EN signal on $auto$ff.cc:337:slice$3932 ($sdff) from module top (D = \weight_in_flat [7:0], Q = \u_array.rows[0].cols[0].u_pe.weight).
Adding SRST signal on $driver$u_array.rows[0].cols[0].u_pe.act_out ($dff) from module top (D = \act_in_flat [7:0], Q = \u_array.rows[0].cols[0].u_pe.act_out, rval = 8'00000000).
Adding SRST signal on $driver$u_array.rows[0].cols[0].u_pe.psum_out ($dff) from module top (D = $294y, Q = \u_array.rows[0].cols[0].u_pe.psum_out, rval = 0).
Adding SRST signal on $driver$u_array.rows[10].cols[11].u_pe.weight ($dff) from module top (D = $procmux$1267_Y, Q = \u_array.rows[10].cols[11].u_pe.weight, rval = 8'00000000).
Adding EN signal on $auto$ff.cc:337:slice$3936 ($sdff) from module top (D = \weight_in_flat [1375:1368], Q = \u_array.rows[10].cols[11].u_pe.weight).
Adding SRST signal on $driver$u_array.rows[10].cols[11].u_pe.act_out ($dff) from module top (D = \u_array.rows[10].cols[10].u_pe.act_out, Q = \u_array.rows[10].cols[11].u_pe.act_out, rval = 8'00000000).
Adding SRST signal on $driver$u_array.rows[10].cols[11].u_pe.psum_out ($dff) from module top (D = $3373y, Q = \u_array.rows[10].cols[11].u_pe.psum_out, rval = 0).
Adding SRST signal on $driver$u_array.rows[0].cols[1].u_pe.weight ($dff) from module top (D = $procmux$3817_Y, Q = \u_array.rows[0].cols[1].u_pe.weight, rval = 8'00000000).
Adding EN signal on $auto$ff.cc:337:slice$3940 ($sdff) from module top (D = \weight_in_flat [15:8], Q = \u_array.rows[0].cols[1].u_pe.weight).
Adding SRST signal on $driver$u_array.rows[0].cols[1].u_pe.act_out ($dff) from module top (D = \u_array.rows[0].cols[0].u_pe.act_out, Q = \u_array.rows[0].cols[1].u_pe.act_out, rval = 8'00000000).
Adding SRST signal on $driver$u_array.rows[0].cols[1].u_pe.psum_out ($dff) from module top (D = $312y, Q = \u_array.rows[0].cols[1].u_pe.psum_out, rval = 0).
Adding SRST signal on $driver$u_array.rows[0].cols[2].u_pe.weight ($dff) from module top (D = $procmux$3802_Y, Q = \u_array.rows[0].cols[2].u_pe.weight, rval = 8'00000000).
Adding EN signal on $auto$ff.cc:337:slice$3944 ($sdff) from module top (D = \weight_in_flat [23:16], Q = \u_array.rows[0].cols[2].u_pe.weight).
Adding SRST signal on $driver$u_array.rows[8].cols[3].u_pe.act_out ($dff) from module top (D = \u_array.rows[8].cols[2].u_pe.act_out, Q = \u_array.rows[8].cols[3].u_pe.act_out, rval = 8'00000000).
Adding SRST signal on $driver$u_array.rows[0].cols[2].u_pe.act_out ($dff) from module top (D = \u_array.rows[0].cols[1].u_pe.act_out, Q = \u_array.rows[0].cols[2].u_pe.act_out, rval = 8'00000000).
Adding SRST signal on $driver$u_array.rows[0].cols[2].u_pe.psum_out ($dff) from module top (D = $330y, Q = \u_array.rows[0].cols[2].u_pe.psum_out, rval = 0).
Adding SRST signal on $driver$u_array.rows[10].cols[12].u_pe.weight ($dff) from module top (D = $procmux$1252_Y, Q = \u_array.rows[10].cols[12].u_pe.weight, rval = 8'00000000).
Adding EN signal on $auto$ff.cc:337:slice$3949 ($sdff) from module top (D = \weight_in_flat [1383:1376], Q = \u_array.rows[10].cols[12].u_pe.weight).
Adding SRST signal on $driver$u_array.rows[10].cols[12].u_pe.act_out ($dff) from module top (D = \u_array.rows[10].cols[11].u_pe.act_out, Q = \u_array.rows[10].cols[12].u_pe.act_out, rval = 8'00000000).
Adding SRST signal on $driver$u_array.rows[10].cols[12].u_pe.psum_out ($dff) from module top (D = $3391y, Q = \u_array.rows[10].cols[12].u_pe.psum_out, rval = 0).
Adding SRST signal on $driver$u_array.rows[8].cols[7].u_pe.weight ($dff) from module top (D = $procmux$1807_Y, Q = \u_array.rows[8].cols[7].u_pe.weight, rval = 8'00000000).
Adding EN signal on $auto$ff.cc:337:slice$3953 ($sdff) from module top (D = \weight_in_flat [1087:1080], Q = \u_array.rows[8].cols[7].u_pe.weight).
Adding SRST signal on $driver$u_array.rows[0].cols[3].u_pe.weight ($dff) from module top (D = $procmux$3787_Y, Q = \u_array.rows[0].cols[3].u_pe.weight, rval = 8'00000000).
Adding EN signal on $auto$ff.cc:337:slice$3955 ($sdff) from module top (D = \weight_in_flat [31:24], Q = \u_array.rows[0].cols[3].u_pe.weight).
Adding SRST signal on $driver$u_array.rows[8].cols[3].u_pe.psum_out ($dff) from module top (D = $2653y, Q = \u_array.rows[8].cols[3].u_pe.psum_out, rval = 0).
Adding SRST signal on $driver$u_array.rows[0].cols[3].u_pe.act_out ($dff) from module top (D = \u_array.rows[0].cols[2].u_pe.act_out, Q = \u_array.rows[0].cols[3].u_pe.act_out, rval = 8'00000000).
Adding SRST signal on $driver$u_array.rows[0].cols[3].u_pe.psum_out ($dff) from module top (D = $348y, Q = \u_array.rows[0].cols[3].u_pe.psum_out, rval = 0).
Adding SRST signal on $driver$u_array.rows[10].cols[13].u_pe.weight ($dff) from module top (D = $procmux$1237_Y, Q = \u_array.rows[10].cols[13].u_pe.weight, rval = 8'00000000).
Adding EN signal on $auto$ff.cc:337:slice$3960 ($sdff) from module top (D = \weight_in_flat [1391:1384], Q = \u_array.rows[10].cols[13].u_pe.weight).
Adding SRST signal on $driver$u_array.rows[10].cols[13].u_pe.act_out ($dff) from module top (D = \u_array.rows[10].cols[12].u_pe.act_out, Q = \u_array.rows[10].cols[13].u_pe.act_out, rval = 8'00000000).
Adding SRST signal on $driver$u_array.rows[10].cols[13].u_pe.psum_out ($dff) from module top (D = $3409y, Q = \u_array.rows[10].cols[13].u_pe.psum_out, rval = 0).
Adding SRST signal on $driver$u_array.rows[0].cols[4].u_pe.weight ($dff) from module top (D = $procmux$3772_Y, Q = \u_array.rows[0].cols[4].u_pe.weight, rval = 8'00000000).
Adding EN signal on $auto$ff.cc:337:slice$3964 ($sdff) from module top (D = \weight_in_flat [39:32], Q = \u_array.rows[0].cols[4].u_pe.weight).
Adding SRST signal on $driver$u_array.rows[0].cols[4].u_pe.act_out ($dff) from module top (D = \u_array.rows[0].cols[3].u_pe.act_out, Q = \u_array.rows[0].cols[4].u_pe.act_out, rval = 8'00000000).
Adding SRST signal on $driver$u_array.rows[0].cols[4].u_pe.psum_out ($dff) from module top (D = $366y, Q = \u_array.rows[0].cols[4].u_pe.psum_out, rval = 0).
Adding SRST signal on $driver$u_array.rows[8].cols[7].u_pe.act_out ($dff) from module top (D = \u_array.rows[8].cols[6].u_pe.act_out, Q = \u_array.rows[8].cols[7].u_pe.act_out, rval = 8'00000000).
Adding SRST signal on $driver$u_array.rows[0].cols[5].u_pe.weight ($dff) from module top (D = $procmux$3757_Y, Q = \u_array.rows[0].cols[5].u_pe.weight, rval = 8'00000000).
Adding EN signal on $auto$ff.cc:337:slice$3969 ($sdff) from module top (D = \weight_in_flat [47:40], Q = \u_array.rows[0].cols[5].u_pe.weight).
Adding SRST signal on $driver$u_array.rows[0].cols[5].u_pe.act_out ($dff) from module top (D = \u_array.rows[0].cols[4].u_pe.act_out, Q = \u_array.rows[0].cols[5].u_pe.act_out, rval = 8'00000000).
Adding SRST signal on $driver$u_array.rows[0].cols[5].u_pe.psum_out ($dff) from module top (D = $384y, Q = \u_array.rows[0].cols[5].u_pe.psum_out, rval = 0).
Adding SRST signal on $driver$u_array.rows[10].cols[14].u_pe.weight ($dff) from module top (D = $procmux$1222_Y, Q = \u_array.rows[10].cols[14].u_pe.weight, rval = 8'00000000).
Adding EN signal on $auto$ff.cc:337:slice$3973 ($sdff) from module top (D = \weight_in_flat [1399:1392], Q = \u_array.rows[10].cols[14].u_pe.weight).
Adding SRST signal on $driver$u_array.rows[10].cols[14].u_pe.act_out ($dff) from module top (D = \u_array.rows[10].cols[13].u_pe.act_out, Q = \u_array.rows[10].cols[14].u_pe.act_out, rval = 8'00000000).
Adding SRST signal on $driver$u_array.rows[10].cols[14].u_pe.psum_out ($dff) from module top (D = $3427y, Q = \u_array.rows[10].cols[14].u_pe.psum_out, rval = 0).
Adding SRST signal on $driver$u_array.rows[8].cols[7].u_pe.psum_out ($dff) from module top (D = $2725y, Q = \u_array.rows[8].cols[7].u_pe.psum_out, rval = 0).
Adding SRST signal on $driver$u_array.rows[0].cols[6].u_pe.weight ($dff) from module top (D = $procmux$3742_Y, Q = \u_array.rows[0].cols[6].u_pe.weight, rval = 8'00000000).
Adding EN signal on $auto$ff.cc:337:slice$3978 ($sdff) from module top (D = \weight_in_flat [55:48], Q = \u_array.rows[0].cols[6].u_pe.weight).
Adding SRST signal on $driver$u_array.rows[0].cols[6].u_pe.act_out ($dff) from module top (D = \u_array.rows[0].cols[5].u_pe.act_out, Q = \u_array.rows[0].cols[6].u_pe.act_out, rval = 8'00000000).
Adding SRST signal on $driver$u_array.rows[0].cols[6].u_pe.psum_out ($dff) from module top (D = $402y, Q = \u_array.rows[0].cols[6].u_pe.psum_out, rval = 0).
Adding SRST signal on $driver$u_array.rows[10].cols[15].u_pe.weight ($dff) from module top (D = $procmux$1207_Y, Q = \u_array.rows[10].cols[15].u_pe.weight, rval = 8'00000000).
Adding EN signal on $auto$ff.cc:337:slice$3982 ($sdff) from module top (D = \weight_in_flat [1407:1400], Q = \u_array.rows[10].cols[15].u_pe.weight).
Adding SRST signal on $driver$u_array.rows[10].cols[15].u_pe.psum_out ($dff) from module top (D = $3445y, Q = \u_array.rows[10].cols[15].u_pe.psum_out, rval = 0).
Adding SRST signal on $driver$u_array.rows[0].cols[7].u_pe.weight ($dff) from module top (D = $procmux$3727_Y, Q = \u_array.rows[0].cols[7].u_pe.weight, rval = 8'00000000).
Adding EN signal on $auto$ff.cc:337:slice$3985 ($sdff) from module top (D = \weight_in_flat [63:56], Q = \u_array.rows[0].cols[7].u_pe.weight).
Adding SRST signal on $driver$u_array.rows[0].cols[7].u_pe.act_out ($dff) from module top (D = \u_array.rows[0].cols[6].u_pe.act_out, Q = \u_array.rows[0].cols[7].u_pe.act_out, rval = 8'00000000).
Adding SRST signal on $driver$u_array.rows[0].cols[7].u_pe.psum_out ($dff) from module top (D = $420y, Q = \u_array.rows[0].cols[7].u_pe.psum_out, rval = 0).
Adding SRST signal on $driver$u_array.rows[0].cols[8].u_pe.weight ($dff) from module top (D = $procmux$3712_Y, Q = \u_array.rows[0].cols[8].u_pe.weight, rval = 8'00000000).
Adding EN signal on $auto$ff.cc:337:slice$3989 ($sdff) from module top (D = \weight_in_flat [71:64], Q = \u_array.rows[0].cols[8].u_pe.weight).
Adding SRST signal on $driver$u_array.rows[0].cols[8].u_pe.act_out ($dff) from module top (D = \u_array.rows[0].cols[7].u_pe.act_out, Q = \u_array.rows[0].cols[8].u_pe.act_out, rval = 8'00000000).
Adding SRST signal on $driver$u_array.rows[0].cols[8].u_pe.psum_out ($dff) from module top (D = $438y, Q = \u_array.rows[0].cols[8].u_pe.psum_out, rval = 0).
Adding SRST signal on $driver$u_array.rows[11].cols[0].u_pe.weight ($dff) from module top (D = $procmux$1192_Y, Q = \u_array.rows[11].cols[0].u_pe.weight, rval = 8'00000000).
Adding EN signal on $auto$ff.cc:337:slice$3993 ($sdff) from module top (D = \weight_in_flat [1415:1408], Q = \u_array.rows[11].cols[0].u_pe.weight).
Adding SRST signal on $driver$u_array.rows[11].cols[0].u_pe.act_out ($dff) from module top (D = \act_in_flat [95:88], Q = \u_array.rows[11].cols[0].u_pe.act_out, rval = 8'00000000).
Adding SRST signal on $driver$u_array.rows[11].cols[0].u_pe.psum_out ($dff) from module top (D = $3463y, Q = \u_array.rows[11].cols[0].u_pe.psum_out, rval = 0).
Adding SRST signal on $driver$u_array.rows[0].cols[9].u_pe.weight ($dff) from module top (D = $procmux$3697_Y, Q = \u_array.rows[0].cols[9].u_pe.weight, rval = 8'00000000).
Adding EN signal on $auto$ff.cc:337:slice$3997 ($sdff) from module top (D = \weight_in_flat [79:72], Q = \u_array.rows[0].cols[9].u_pe.weight).
Adding SRST signal on $driver$u_array.rows[0].cols[9].u_pe.act_out ($dff) from module top (D = \u_array.rows[0].cols[8].u_pe.act_out, Q = \u_array.rows[0].cols[9].u_pe.act_out, rval = 8'00000000).
Adding SRST signal on $driver$u_array.rows[0].cols[9].u_pe.psum_out ($dff) from module top (D = $456y, Q = \u_array.rows[0].cols[9].u_pe.psum_out, rval = 0).
Adding SRST signal on $driver$u_array.rows[11].cols[1].u_pe.weight ($dff) from module top (D = $procmux$1177_Y, Q = \u_array.rows[11].cols[1].u_pe.weight, rval = 8'00000000).
Adding EN signal on $auto$ff.cc:337:slice$4001 ($sdff) from module top (D = \weight_in_flat [1423:1416], Q = \u_array.rows[11].cols[1].u_pe.weight).
Adding SRST signal on $driver$u_array.rows[11].cols[1].u_pe.act_out ($dff) from module top (D = \u_array.rows[11].cols[0].u_pe.act_out, Q = \u_array.rows[11].cols[1].u_pe.act_out, rval = 8'00000000).
Adding SRST signal on $driver$u_array.rows[11].cols[1].u_pe.psum_out ($dff) from module top (D = $3481y, Q = \u_array.rows[11].cols[1].u_pe.psum_out, rval = 0).
Adding SRST signal on $driver$u_array.rows[0].cols[10].u_pe.weight ($dff) from module top (D = $procmux$3682_Y, Q = \u_array.rows[0].cols[10].u_pe.weight, rval = 8'00000000).
Adding EN signal on $auto$ff.cc:337:slice$4005 ($sdff) from module top (D = \weight_in_flat [87:80], Q = \u_array.rows[0].cols[10].u_pe.weight).
Adding SRST signal on $driver$u_array.rows[0].cols[10].u_pe.act_out ($dff) from module top (D = \u_array.rows[0].cols[9].u_pe.act_out, Q = \u_array.rows[0].cols[10].u_pe.act_out, rval = 8'00000000).
Adding SRST signal on $driver$u_array.rows[0].cols[10].u_pe.psum_out ($dff) from module top (D = $474y, Q = \u_array.rows[0].cols[10].u_pe.psum_out, rval = 0).
Adding SRST signal on $driver$u_array.rows[0].cols[11].u_pe.weight ($dff) from module top (D = $procmux$3667_Y, Q = \u_array.rows[0].cols[11].u_pe.weight, rval = 8'00000000).
Adding EN signal on $auto$ff.cc:337:slice$4009 ($sdff) from module top (D = \weight_in_flat [95:88], Q = \u_array.rows[0].cols[11].u_pe.weight).
Adding SRST signal on $driver$u_array.rows[0].cols[11].u_pe.act_out ($dff) from module top (D = \u_array.rows[0].cols[10].u_pe.act_out, Q = \u_array.rows[0].cols[11].u_pe.act_out, rval = 8'00000000).
Adding SRST signal on $driver$u_array.rows[0].cols[11].u_pe.psum_out ($dff) from module top (D = $492y, Q = \u_array.rows[0].cols[11].u_pe.psum_out, rval = 0).
Adding SRST signal on $driver$u_array.rows[11].cols[2].u_pe.weight ($dff) from module top (D = $procmux$1162_Y, Q = \u_array.rows[11].cols[2].u_pe.weight, rval = 8'00000000).
Adding EN signal on $auto$ff.cc:337:slice$4013 ($sdff) from module top (D = \weight_in_flat [1431:1424], Q = \u_array.rows[11].cols[2].u_pe.weight).
Adding SRST signal on $driver$u_array.rows[11].cols[2].u_pe.act_out ($dff) from module top (D = \u_array.rows[11].cols[1].u_pe.act_out, Q = \u_array.rows[11].cols[2].u_pe.act_out, rval = 8'00000000).
Adding SRST signal on $driver$u_array.rows[11].cols[2].u_pe.psum_out ($dff) from module top (D = $3499y, Q = \u_array.rows[11].cols[2].u_pe.psum_out, rval = 0).
Adding SRST signal on $driver$u_array.rows[0].cols[12].u_pe.weight ($dff) from module top (D = $procmux$3652_Y, Q = \u_array.rows[0].cols[12].u_pe.weight, rval = 8'00000000).
Adding EN signal on $auto$ff.cc:337:slice$4017 ($sdff) from module top (D = \weight_in_flat [103:96], Q = \u_array.rows[0].cols[12].u_pe.weight).
Adding SRST signal on $driver$u_array.rows[0].cols[12].u_pe.act_out ($dff) from module top (D = \u_array.rows[0].cols[11].u_pe.act_out, Q = \u_array.rows[0].cols[12].u_pe.act_out, rval = 8'00000000).
Adding SRST signal on $driver$u_array.rows[0].cols[12].u_pe.psum_out ($dff) from module top (D = $510y, Q = \u_array.rows[0].cols[12].u_pe.psum_out, rval = 0).
Adding SRST signal on $driver$u_array.rows[11].cols[3].u_pe.weight ($dff) from module top (D = $procmux$1147_Y, Q = \u_array.rows[11].cols[3].u_pe.weight, rval = 8'00000000).
Adding EN signal on $auto$ff.cc:337:slice$4021 ($sdff) from module top (D = \weight_in_flat [1439:1432], Q = \u_array.rows[11].cols[3].u_pe.weight).
Adding SRST signal on $driver$u_array.rows[11].cols[3].u_pe.act_out ($dff) from module top (D = \u_array.rows[11].cols[2].u_pe.act_out, Q = \u_array.rows[11].cols[3].u_pe.act_out, rval = 8'00000000).
Adding SRST signal on $driver$u_array.rows[11].cols[3].u_pe.psum_out ($dff) from module top (D = $3517y, Q = \u_array.rows[11].cols[3].u_pe.psum_out, rval = 0).
Adding SRST signal on $driver$u_array.rows[0].cols[13].u_pe.weight ($dff) from module top (D = $procmux$3637_Y, Q = \u_array.rows[0].cols[13].u_pe.weight, rval = 8'00000000).
Adding EN signal on $auto$ff.cc:337:slice$4025 ($sdff) from module top (D = \weight_in_flat [111:104], Q = \u_array.rows[0].cols[13].u_pe.weight).
Adding SRST signal on $driver$u_array.rows[0].cols[13].u_pe.act_out ($dff) from module top (D = \u_array.rows[0].cols[12].u_pe.act_out, Q = \u_array.rows[0].cols[13].u_pe.act_out, rval = 8'00000000).
Adding SRST signal on $driver$u_array.rows[0].cols[13].u_pe.psum_out ($dff) from module top (D = $528y, Q = \u_array.rows[0].cols[13].u_pe.psum_out, rval = 0).
Adding SRST signal on $driver$u_array.rows[8].cols[8].u_pe.weight ($dff) from module top (D = $procmux$1792_Y, Q = \u_array.rows[8].cols[8].u_pe.weight, rval = 8'00000000).
Adding EN signal on $auto$ff.cc:337:slice$4029 ($sdff) from module top (D = \weight_in_flat [1095:1088], Q = \u_array.rows[8].cols[8].u_pe.weight).
Adding SRST signal on $driver$u_array.rows[0].cols[14].u_pe.weight ($dff) from module top (D = $procmux$3622_Y, Q = \u_array.rows[0].cols[14].u_pe.weight, rval = 8'00000000).
Adding EN signal on $auto$ff.cc:337:slice$4031 ($sdff) from module top (D = \weight_in_flat [119:112], Q = \u_array.rows[0].cols[14].u_pe.weight).
Adding SRST signal on $driver$u_array.rows[8].cols[4].u_pe.weight ($dff) from module top (D = $procmux$1852_Y, Q = \u_array.rows[8].cols[4].u_pe.weight, rval = 8'00000000).
Adding EN signal on $auto$ff.cc:337:slice$4033 ($sdff) from module top (D = \weight_in_flat [1063:1056], Q = \u_array.rows[8].cols[4].u_pe.weight).
Adding SRST signal on $driver$u_array.rows[0].cols[14].u_pe.act_out ($dff) from module top (D = \u_array.rows[0].cols[13].u_pe.act_out, Q = \u_array.rows[0].cols[14].u_pe.act_out, rval = 8'00000000).
Adding SRST signal on $driver$u_array.rows[0].cols[14].u_pe.psum_out ($dff) from module top (D = $546y, Q = \u_array.rows[0].cols[14].u_pe.psum_out, rval = 0).
Adding SRST signal on $driver$u_array.rows[11].cols[4].u_pe.weight ($dff) from module top (D = $procmux$1132_Y, Q = \u_array.rows[11].cols[4].u_pe.weight, rval = 8'00000000).
Adding EN signal on $auto$ff.cc:337:slice$4037 ($sdff) from module top (D = \weight_in_flat [1447:1440], Q = \u_array.rows[11].cols[4].u_pe.weight).
Adding SRST signal on $driver$u_array.rows[11].cols[4].u_pe.act_out ($dff) from module top (D = \u_array.rows[11].cols[3].u_pe.act_out, Q = \u_array.rows[11].cols[4].u_pe.act_out, rval = 8'00000000).
Adding SRST signal on $driver$u_array.rows[11].cols[4].u_pe.psum_out ($dff) from module top (D = $3535y, Q = \u_array.rows[11].cols[4].u_pe.psum_out, rval = 0).
Adding SRST signal on $driver$u_array.rows[0].cols[15].u_pe.weight ($dff) from module top (D = $procmux$3607_Y, Q = \u_array.rows[0].cols[15].u_pe.weight, rval = 8'00000000).
Adding EN signal on $auto$ff.cc:337:slice$4041 ($sdff) from module top (D = \weight_in_flat [127:120], Q = \u_array.rows[0].cols[15].u_pe.weight).
Adding SRST signal on $driver$u_array.rows[9].cols[7].u_pe.psum_out ($dff) from module top (D = $3013y, Q = \u_array.rows[9].cols[7].u_pe.psum_out, rval = 0).
Adding SRST signal on $driver$u_array.rows[0].cols[15].u_pe.psum_out ($dff) from module top (D = $564y, Q = \u_array.rows[0].cols[15].u_pe.psum_out, rval = 0).
Adding SRST signal on $driver$u_array.rows[11].cols[5].u_pe.weight ($dff) from module top (D = $procmux$1117_Y, Q = \u_array.rows[11].cols[5].u_pe.weight, rval = 8'00000000).
Adding EN signal on $auto$ff.cc:337:slice$4045 ($sdff) from module top (D = \weight_in_flat [1455:1448], Q = \u_array.rows[11].cols[5].u_pe.weight).
Adding SRST signal on $driver$u_array.rows[11].cols[5].u_pe.act_out ($dff) from module top (D = \u_array.rows[11].cols[4].u_pe.act_out, Q = \u_array.rows[11].cols[5].u_pe.act_out, rval = 8'00000000).
Adding SRST signal on $driver$u_array.rows[11].cols[5].u_pe.psum_out ($dff) from module top (D = $3553y, Q = \u_array.rows[11].cols[5].u_pe.psum_out, rval = 0).
Adding SRST signal on $driver$u_array.rows[1].cols[0].u_pe.weight ($dff) from module top (D = $procmux$3592_Y, Q = \u_array.rows[1].cols[0].u_pe.weight, rval = 8'00000000).
Adding EN signal on $auto$ff.cc:337:slice$4049 ($sdff) from module top (D = \weight_in_flat [135:128], Q = \u_array.rows[1].cols[0].u_pe.weight).
Adding SRST signal on $driver$u_array.rows[1].cols[0].u_pe.act_out ($dff) from module top (D = \act_in_flat [15:8], Q = \u_array.rows[1].cols[0].u_pe.act_out, rval = 8'00000000).
Adding SRST signal on $driver$u_array.rows[1].cols[0].u_pe.psum_out ($dff) from module top (D = $583y, Q = \u_array.rows[1].cols[0].u_pe.psum_out, rval = 0).
Adding SRST signal on $driver$u_array.rows[8].cols[8].u_pe.act_out ($dff) from module top (D = \u_array.rows[8].cols[7].u_pe.act_out, Q = \u_array.rows[8].cols[8].u_pe.act_out, rval = 8'00000000).
Adding SRST signal on $driver$u_array.rows[8].cols[8].u_pe.psum_out ($dff) from module top (D = $2743y, Q = \u_array.rows[8].cols[8].u_pe.psum_out, rval = 0).
Adding SRST signal on $driver$u_array.rows[1].cols[1].u_pe.weight ($dff) from module top (D = $procmux$3577_Y, Q = \u_array.rows[1].cols[1].u_pe.weight, rval = 8'00000000).
Adding EN signal on $auto$ff.cc:337:slice$4055 ($sdff) from module top (D = \weight_in_flat [143:136], Q = \u_array.rows[1].cols[1].u_pe.weight).
Adding SRST signal on $driver$u_array.rows[1].cols[1].u_pe.act_out ($dff) from module top (D = \u_array.rows[1].cols[0].u_pe.act_out, Q = \u_array.rows[1].cols[1].u_pe.act_out, rval = 8'00000000).
Adding SRST signal on $driver$u_array.rows[1].cols[1].u_pe.psum_out ($dff) from module top (D = $601y, Q = \u_array.rows[1].cols[1].u_pe.psum_out, rval = 0).
Adding SRST signal on $driver$u_array.rows[11].cols[6].u_pe.weight ($dff) from module top (D = $procmux$1102_Y, Q = \u_array.rows[11].cols[6].u_pe.weight, rval = 8'00000000).
Adding EN signal on $auto$ff.cc:337:slice$4059 ($sdff) from module top (D = \weight_in_flat [1463:1456], Q = \u_array.rows[11].cols[6].u_pe.weight).
Adding SRST signal on $driver$u_array.rows[11].cols[6].u_pe.act_out ($dff) from module top (D = \u_array.rows[11].cols[5].u_pe.act_out, Q = \u_array.rows[11].cols[6].u_pe.act_out, rval = 8'00000000).
Adding SRST signal on $driver$u_array.rows[11].cols[6].u_pe.psum_out ($dff) from module top (D = $3571y, Q = \u_array.rows[11].cols[6].u_pe.psum_out, rval = 0).
Adding SRST signal on $driver$u_array.rows[1].cols[2].u_pe.weight ($dff) from module top (D = $procmux$3562_Y, Q = \u_array.rows[1].cols[2].u_pe.weight, rval = 8'00000000).
Adding EN signal on $auto$ff.cc:337:slice$4063 ($sdff) from module top (D = \weight_in_flat [151:144], Q = \u_array.rows[1].cols[2].u_pe.weight).
Adding SRST signal on $driver$u_array.rows[1].cols[2].u_pe.act_out ($dff) from module top (D = \u_array.rows[1].cols[1].u_pe.act_out, Q = \u_array.rows[1].cols[2].u_pe.act_out, rval = 8'00000000).
Adding SRST signal on $driver$u_array.rows[1].cols[2].u_pe.psum_out ($dff) from module top (D = $619y, Q = \u_array.rows[1].cols[2].u_pe.psum_out, rval = 0).
Adding SRST signal on $driver$u_array.rows[11].cols[7].u_pe.weight ($dff) from module top (D = $procmux$1087_Y, Q = \u_array.rows[11].cols[7].u_pe.weight, rval = 8'00000000).
Adding EN signal on $auto$ff.cc:337:slice$4067 ($sdff) from module top (D = \weight_in_flat [1471:1464], Q = \u_array.rows[11].cols[7].u_pe.weight).
Adding SRST signal on $driver$u_array.rows[11].cols[7].u_pe.act_out ($dff) from module top (D = \u_array.rows[11].cols[6].u_pe.act_out, Q = \u_array.rows[11].cols[7].u_pe.act_out, rval = 8'00000000).
Adding SRST signal on $driver$u_array.rows[11].cols[7].u_pe.psum_out ($dff) from module top (D = $3589y, Q = \u_array.rows[11].cols[7].u_pe.psum_out, rval = 0).
Adding SRST signal on $driver$u_array.rows[1].cols[3].u_pe.weight ($dff) from module top (D = $procmux$3547_Y, Q = \u_array.rows[1].cols[3].u_pe.weight, rval = 8'00000000).
Adding EN signal on $auto$ff.cc:337:slice$4071 ($sdff) from module top (D = \weight_in_flat [159:152], Q = \u_array.rows[1].cols[3].u_pe.weight).
Adding SRST signal on $driver$u_array.rows[1].cols[3].u_pe.act_out ($dff) from module top (D = \u_array.rows[1].cols[2].u_pe.act_out, Q = \u_array.rows[1].cols[3].u_pe.act_out, rval = 8'00000000).
Adding SRST signal on $driver$u_array.rows[1].cols[3].u_pe.psum_out ($dff) from module top (D = $637y, Q = \u_array.rows[1].cols[3].u_pe.psum_out, rval = 0).
Adding SRST signal on $driver$u_array.rows[1].cols[4].u_pe.weight ($dff) from module top (D = $procmux$3532_Y, Q = \u_array.rows[1].cols[4].u_pe.weight, rval = 8'00000000).
Adding EN signal on $auto$ff.cc:337:slice$4075 ($sdff) from module top (D = \weight_in_flat [167:160], Q = \u_array.rows[1].cols[4].u_pe.weight).
Adding SRST signal on $driver$u_array.rows[1].cols[4].u_pe.act_out ($dff) from module top (D = \u_array.rows[1].cols[3].u_pe.act_out, Q = \u_array.rows[1].cols[4].u_pe.act_out, rval = 8'00000000).
Adding SRST signal on $driver$u_array.rows[1].cols[4].u_pe.psum_out ($dff) from module top (D = $655y, Q = \u_array.rows[1].cols[4].u_pe.psum_out, rval = 0).
Adding SRST signal on $driver$u_array.rows[11].cols[8].u_pe.weight ($dff) from module top (D = $procmux$1072_Y, Q = \u_array.rows[11].cols[8].u_pe.weight, rval = 8'00000000).
Adding EN signal on $auto$ff.cc:337:slice$4079 ($sdff) from module top (D = \weight_in_flat [1479:1472], Q = \u_array.rows[11].cols[8].u_pe.weight).
Adding SRST signal on $driver$u_array.rows[11].cols[8].u_pe.act_out ($dff) from module top (D = \u_array.rows[11].cols[7].u_pe.act_out, Q = \u_array.rows[11].cols[8].u_pe.act_out, rval = 8'00000000).
Adding SRST signal on $driver$u_array.rows[11].cols[8].u_pe.psum_out ($dff) from module top (D = $3607y, Q = \u_array.rows[11].cols[8].u_pe.psum_out, rval = 0).
Adding SRST signal on $driver$u_array.rows[1].cols[5].u_pe.weight ($dff) from module top (D = $procmux$3517_Y, Q = \u_array.rows[1].cols[5].u_pe.weight, rval = 8'00000000).
Adding EN signal on $auto$ff.cc:337:slice$4083 ($sdff) from module top (D = \weight_in_flat [175:168], Q = \u_array.rows[1].cols[5].u_pe.weight).
Adding SRST signal on $driver$u_array.rows[1].cols[5].u_pe.act_out ($dff) from module top (D = \u_array.rows[1].cols[4].u_pe.act_out, Q = \u_array.rows[1].cols[5].u_pe.act_out, rval = 8'00000000).
Adding SRST signal on $driver$u_array.rows[1].cols[5].u_pe.psum_out ($dff) from module top (D = $673y, Q = \u_array.rows[1].cols[5].u_pe.psum_out, rval = 0).
Adding SRST signal on $driver$u_array.rows[11].cols[9].u_pe.weight ($dff) from module top (D = $procmux$1057_Y, Q = \u_array.rows[11].cols[9].u_pe.weight, rval = 8'00000000).
Adding EN signal on $auto$ff.cc:337:slice$4087 ($sdff) from module top (D = \weight_in_flat [1487:1480], Q = \u_array.rows[11].cols[9].u_pe.weight).
Adding SRST signal on $driver$u_array.rows[11].cols[9].u_pe.act_out ($dff) from module top (D = \u_array.rows[11].cols[8].u_pe.act_out, Q = \u_array.rows[11].cols[9].u_pe.act_out, rval = 8'00000000).
Adding SRST signal on $driver$u_array.rows[11].cols[9].u_pe.psum_out ($dff) from module top (D = $3625y, Q = \u_array.rows[11].cols[9].u_pe.psum_out, rval = 0).
Adding SRST signal on $driver$u_array.rows[1].cols[6].u_pe.weight ($dff) from module top (D = $procmux$3502_Y, Q = \u_array.rows[1].cols[6].u_pe.weight, rval = 8'00000000).
Adding EN signal on $auto$ff.cc:337:slice$4091 ($sdff) from module top (D = \weight_in_flat [183:176], Q = \u_array.rows[1].cols[6].u_pe.weight).
Adding SRST signal on $driver$u_array.rows[1].cols[6].u_pe.act_out ($dff) from module top (D = \u_array.rows[1].cols[5].u_pe.act_out, Q = \u_array.rows[1].cols[6].u_pe.act_out, rval = 8'00000000).
Adding SRST signal on $driver$u_array.rows[1].cols[6].u_pe.psum_out ($dff) from module top (D = $691y, Q = \u_array.rows[1].cols[6].u_pe.psum_out, rval = 0).
Adding SRST signal on $driver$u_array.rows[1].cols[7].u_pe.weight ($dff) from module top (D = $procmux$3487_Y, Q = \u_array.rows[1].cols[7].u_pe.weight, rval = 8'00000000).
Adding EN signal on $auto$ff.cc:337:slice$4095 ($sdff) from module top (D = \weight_in_flat [191:184], Q = \u_array.rows[1].cols[7].u_pe.weight).
Adding SRST signal on $driver$u_array.rows[1].cols[7].u_pe.act_out ($dff) from module top (D = \u_array.rows[1].cols[6].u_pe.act_out, Q = \u_array.rows[1].cols[7].u_pe.act_out, rval = 8'00000000).
Adding SRST signal on $driver$u_array.rows[1].cols[7].u_pe.psum_out ($dff) from module top (D = $709y, Q = \u_array.rows[1].cols[7].u_pe.psum_out, rval = 0).
Adding SRST signal on $driver$u_array.rows[11].cols[10].u_pe.weight ($dff) from module top (D = $procmux$1042_Y, Q = \u_array.rows[11].cols[10].u_pe.weight, rval = 8'00000000).
Adding EN signal on $auto$ff.cc:337:slice$4099 ($sdff) from module top (D = \weight_in_flat [1495:1488], Q = \u_array.rows[11].cols[10].u_pe.weight).
Adding SRST signal on $driver$u_array.rows[11].cols[10].u_pe.act_out ($dff) from module top (D = \u_array.rows[11].cols[9].u_pe.act_out, Q = \u_array.rows[11].cols[10].u_pe.act_out, rval = 8'00000000).
Adding SRST signal on $driver$u_array.rows[11].cols[10].u_pe.psum_out ($dff) from module top (D = $3643y, Q = \u_array.rows[11].cols[10].u_pe.psum_out, rval = 0).
Adding SRST signal on $driver$u_array.rows[1].cols[8].u_pe.weight ($dff) from module top (D = $procmux$3472_Y, Q = \u_array.rows[1].cols[8].u_pe.weight, rval = 8'00000000).
Adding EN signal on $auto$ff.cc:337:slice$4103 ($sdff) from module top (D = \weight_in_flat [199:192], Q = \u_array.rows[1].cols[8].u_pe.weight).
Adding SRST signal on $driver$u_array.rows[1].cols[8].u_pe.act_out ($dff) from module top (D = \u_array.rows[1].cols[7].u_pe.act_out, Q = \u_array.rows[1].cols[8].u_pe.act_out, rval = 8'00000000).
Adding SRST signal on $driver$u_array.rows[1].cols[8].u_pe.psum_out ($dff) from module top (D = $727y, Q = \u_array.rows[1].cols[8].u_pe.psum_out, rval = 0).
Adding SRST signal on $driver$u_array.rows[11].cols[11].u_pe.weight ($dff) from module top (D = $procmux$1027_Y, Q = \u_array.rows[11].cols[11].u_pe.weight, rval = 8'00000000).
Adding EN signal on $auto$ff.cc:337:slice$4107 ($sdff) from module top (D = \weight_in_flat [1503:1496], Q = \u_array.rows[11].cols[11].u_pe.weight).
Adding SRST signal on $driver$u_array.rows[11].cols[11].u_pe.act_out ($dff) from module top (D = \u_array.rows[11].cols[10].u_pe.act_out, Q = \u_array.rows[11].cols[11].u_pe.act_out, rval = 8'00000000).
Adding SRST signal on $driver$u_array.rows[11].cols[11].u_pe.psum_out ($dff) from module top (D = $3661y, Q = \u_array.rows[11].cols[11].u_pe.psum_out, rval = 0).
Adding SRST signal on $driver$u_array.rows[1].cols[9].u_pe.weight ($dff) from module top (D = $procmux$3457_Y, Q = \u_array.rows[1].cols[9].u_pe.weight, rval = 8'00000000).
Adding EN signal on $auto$ff.cc:337:slice$4111 ($sdff) from module top (D = \weight_in_flat [207:200], Q = \u_array.rows[1].cols[9].u_pe.weight).
Adding SRST signal on $driver$u_array.rows[1].cols[9].u_pe.act_out ($dff) from module top (D = \u_array.rows[1].cols[8].u_pe.act_out, Q = \u_array.rows[1].cols[9].u_pe.act_out, rval = 8'00000000).
Adding SRST signal on $driver$u_array.rows[1].cols[9].u_pe.psum_out ($dff) from module top (D = $745y, Q = \u_array.rows[1].cols[9].u_pe.psum_out, rval = 0).
Adding SRST signal on $driver$u_array.rows[8].cols[9].u_pe.weight ($dff) from module top (D = $procmux$1777_Y, Q = \u_array.rows[8].cols[9].u_pe.weight, rval = 8'00000000).
Adding EN signal on $auto$ff.cc:337:slice$4115 ($sdff) from module top (D = \weight_in_flat [1103:1096], Q = \u_array.rows[8].cols[9].u_pe.weight).
Adding SRST signal on $driver$u_array.rows[1].cols[10].u_pe.weight ($dff) from module top (D = $procmux$3442_Y, Q = \u_array.rows[1].cols[10].u_pe.weight, rval = 8'00000000).
Adding EN signal on $auto$ff.cc:337:slice$4117 ($sdff) from module top (D = \weight_in_flat [215:208], Q = \u_array.rows[1].cols[10].u_pe.weight).
Adding SRST signal on $driver$u_array.rows[1].cols[10].u_pe.act_out ($dff) from module top (D = \u_array.rows[1].cols[9].u_pe.act_out, Q = \u_array.rows[1].cols[10].u_pe.act_out, rval = 8'00000000).
Adding SRST signal on $driver$u_array.rows[1].cols[10].u_pe.psum_out ($dff) from module top (D = $763y, Q = \u_array.rows[1].cols[10].u_pe.psum_out, rval = 0).
Adding SRST signal on $driver$u_array.rows[11].cols[12].u_pe.weight ($dff) from module top (D = $procmux$1012_Y, Q = \u_array.rows[11].cols[12].u_pe.weight, rval = 8'00000000).
Adding EN signal on $auto$ff.cc:337:slice$4121 ($sdff) from module top (D = \weight_in_flat [1511:1504], Q = \u_array.rows[11].cols[12].u_pe.weight).
Adding SRST signal on $driver$u_array.rows[11].cols[12].u_pe.act_out ($dff) from module top (D = \u_array.rows[11].cols[11].u_pe.act_out, Q = \u_array.rows[11].cols[12].u_pe.act_out, rval = 8'00000000).
Adding SRST signal on $driver$u_array.rows[11].cols[12].u_pe.psum_out ($dff) from module top (D = $3679y, Q = \u_array.rows[11].cols[12].u_pe.psum_out, rval = 0).
Adding SRST signal on $driver$u_array.rows[1].cols[11].u_pe.weight ($dff) from module top (D = $procmux$3427_Y, Q = \u_array.rows[1].cols[11].u_pe.weight, rval = 8'00000000).
Adding EN signal on $auto$ff.cc:337:slice$4125 ($sdff) from module top (D = \weight_in_flat [223:216], Q = \u_array.rows[1].cols[11].u_pe.weight).
Adding SRST signal on $driver$u_array.rows[1].cols[11].u_pe.act_out ($dff) from module top (D = \u_array.rows[1].cols[10].u_pe.act_out, Q = \u_array.rows[1].cols[11].u_pe.act_out, rval = 8'00000000).
Adding SRST signal on $driver$u_array.rows[1].cols[11].u_pe.psum_out ($dff) from module top (D = $781y, Q = \u_array.rows[1].cols[11].u_pe.psum_out, rval = 0).
Adding SRST signal on $driver$u_array.rows[8].cols[9].u_pe.act_out ($dff) from module top (D = \u_array.rows[8].cols[8].u_pe.act_out, Q = \u_array.rows[8].cols[9].u_pe.act_out, rval = 8'00000000).
Adding SRST signal on $driver$u_array.rows[11].cols[13].u_pe.weight ($dff) from module top (D = $procmux$1000_Y, Q = \u_array.rows[11].cols[13].u_pe.weight, rval = 8'00000000).
Adding EN signal on $auto$ff.cc:337:slice$4130 ($sdff) from module top (D = \weight_in_flat [1519:1512], Q = \u_array.rows[11].cols[13].u_pe.weight).
Adding SRST signal on $driver$u_array.rows[11].cols[13].u_pe.act_out ($dff) from module top (D = \u_array.rows[11].cols[12].u_pe.act_out, Q = \u_array.rows[11].cols[13].u_pe.act_out, rval = 8'00000000).
Adding SRST signal on $driver$u_array.rows[11].cols[13].u_pe.psum_out ($dff) from module top (D = $3697y, Q = \u_array.rows[11].cols[13].u_pe.psum_out, rval = 0).
Adding SRST signal on $driver$u_array.rows[1].cols[12].u_pe.weight ($dff) from module top (D = $procmux$3412_Y, Q = \u_array.rows[1].cols[12].u_pe.weight, rval = 8'00000000).
Adding EN signal on $auto$ff.cc:337:slice$4134 ($sdff) from module top (D = \weight_in_flat [231:224], Q = \u_array.rows[1].cols[12].u_pe.weight).
Adding SRST signal on $driver$u_array.rows[1].cols[12].u_pe.act_out ($dff) from module top (D = \u_array.rows[1].cols[11].u_pe.act_out, Q = \u_array.rows[1].cols[12].u_pe.act_out, rval = 8'00000000).
Adding SRST signal on $driver$u_array.rows[1].cols[12].u_pe.psum_out ($dff) from module top (D = $799y, Q = \u_array.rows[1].cols[12].u_pe.psum_out, rval = 0).
Adding SRST signal on $driver$u_array.rows[8].cols[9].u_pe.psum_out ($dff) from module top (D = $2761y, Q = \u_array.rows[8].cols[9].u_pe.psum_out, rval = 0).
Adding SRST signal on $driver$u_array.rows[1].cols[13].u_pe.weight ($dff) from module top (D = $procmux$3397_Y, Q = \u_array.rows[1].cols[13].u_pe.weight, rval = 8'00000000).
Adding EN signal on $auto$ff.cc:337:slice$4139 ($sdff) from module top (D = \weight_in_flat [239:232], Q = \u_array.rows[1].cols[13].u_pe.weight).
Adding SRST signal on $driver$u_array.rows[1].cols[13].u_pe.act_out ($dff) from module top (D = \u_array.rows[1].cols[12].u_pe.act_out, Q = \u_array.rows[1].cols[13].u_pe.act_out, rval = 8'00000000).
Adding SRST signal on $driver$u_array.rows[1].cols[13].u_pe.psum_out ($dff) from module top (D = $817y, Q = \u_array.rows[1].cols[13].u_pe.psum_out, rval = 0).
Adding SRST signal on $driver$u_array.rows[11].cols[14].u_pe.weight ($dff) from module top (D = $procmux$982_Y, Q = \u_array.rows[11].cols[14].u_pe.weight, rval = 8'00000000).
Adding EN signal on $auto$ff.cc:337:slice$4143 ($sdff) from module top (D = \weight_in_flat [1527:1520], Q = \u_array.rows[11].cols[14].u_pe.weight).
Adding SRST signal on $driver$u_array.rows[11].cols[14].u_pe.act_out ($dff) from module top (D = \u_array.rows[11].cols[13].u_pe.act_out, Q = \u_array.rows[11].cols[14].u_pe.act_out, rval = 8'00000000).
Adding SRST signal on $driver$u_array.rows[11].cols[14].u_pe.psum_out ($dff) from module top (D = $3715y, Q = \u_array.rows[11].cols[14].u_pe.psum_out, rval = 0).
Adding SRST signal on $driver$u_array.rows[1].cols[14].u_pe.weight ($dff) from module top (D = $procmux$3382_Y, Q = \u_array.rows[1].cols[14].u_pe.weight, rval = 8'00000000).
Adding EN signal on $auto$ff.cc:337:slice$4147 ($sdff) from module top (D = \weight_in_flat [247:240], Q = \u_array.rows[1].cols[14].u_pe.weight).
Adding SRST signal on $driver$u_array.rows[1].cols[14].u_pe.act_out ($dff) from module top (D = \u_array.rows[1].cols[13].u_pe.act_out, Q = \u_array.rows[1].cols[14].u_pe.act_out, rval = 8'00000000).
Adding SRST signal on $driver$u_array.rows[1].cols[14].u_pe.psum_out ($dff) from module top (D = $835y, Q = \u_array.rows[1].cols[14].u_pe.psum_out, rval = 0).
Adding SRST signal on $driver$u_array.rows[11].cols[15].u_pe.weight ($dff) from module top (D = $procmux$967_Y, Q = \u_array.rows[11].cols[15].u_pe.weight, rval = 8'00000000).
Adding EN signal on $auto$ff.cc:337:slice$4151 ($sdff) from module top (D = \weight_in_flat [1535:1528], Q = \u_array.rows[11].cols[15].u_pe.weight).
Adding SRST signal on $driver$u_array.rows[11].cols[15].u_pe.psum_out ($dff) from module top (D = $3733y, Q = \u_array.rows[11].cols[15].u_pe.psum_out, rval = 0).
Adding SRST signal on $driver$u_array.rows[1].cols[15].u_pe.weight ($dff) from module top (D = $procmux$3367_Y, Q = \u_array.rows[1].cols[15].u_pe.weight, rval = 8'00000000).
Adding EN signal on $auto$ff.cc:337:slice$4154 ($sdff) from module top (D = \weight_in_flat [255:248], Q = \u_array.rows[1].cols[15].u_pe.weight).
Adding SRST signal on $driver$u_array.rows[9].cols[7].u_pe.act_out ($dff) from module top (D = \u_array.rows[9].cols[6].u_pe.act_out, Q = \u_array.rows[9].cols[7].u_pe.act_out, rval = 8'00000000).
Adding SRST signal on $driver$u_array.rows[1].cols[15].u_pe.psum_out ($dff) from module top (D = $853y, Q = \u_array.rows[1].cols[15].u_pe.psum_out, rval = 0).
Adding SRST signal on $driver$u_array.rows[2].cols[0].u_pe.weight ($dff) from module top (D = $procmux$3352_Y, Q = \u_array.rows[2].cols[0].u_pe.weight, rval = 8'00000000).
Adding EN signal on $auto$ff.cc:337:slice$4158 ($sdff) from module top (D = \weight_in_flat [263:256], Q = \u_array.rows[2].cols[0].u_pe.weight).
Adding SRST signal on $driver$u_array.rows[2].cols[0].u_pe.act_out ($dff) from module top (D = \act_in_flat [23:16], Q = \u_array.rows[2].cols[0].u_pe.act_out, rval = 8'00000000).
Adding SRST signal on $driver$u_array.rows[2].cols[0].u_pe.psum_out ($dff) from module top (D = $871y, Q = \u_array.rows[2].cols[0].u_pe.psum_out, rval = 0).
Adding SRST signal on $driver$u_array.rows[12].cols[0].u_pe.weight ($dff) from module top (D = $procmux$952_Y, Q = \u_array.rows[12].cols[0].u_pe.weight, rval = 8'00000000).
Adding EN signal on $auto$ff.cc:337:slice$4162 ($sdff) from module top (D = \weight_in_flat [1543:1536], Q = \u_array.rows[12].cols[0].u_pe.weight).
Adding SRST signal on $driver$u_array.rows[12].cols[0].u_pe.act_out ($dff) from module top (D = \act_in_flat [103:96], Q = \u_array.rows[12].cols[0].u_pe.act_out, rval = 8'00000000).
Adding SRST signal on $driver$u_array.rows[12].cols[0].u_pe.psum_out ($dff) from module top (D = $3751y, Q = \u_array.rows[12].cols[0].u_pe.psum_out, rval = 0).
Adding SRST signal on $driver$u_array.rows[9].cols[5].u_pe.weight ($dff) from module top (D = $procmux$1597_Y, Q = \u_array.rows[9].cols[5].u_pe.weight, rval = 8'00000000).
Adding EN signal on $auto$ff.cc:337:slice$4166 ($sdff) from module top (D = \weight_in_flat [1199:1192], Q = \u_array.rows[9].cols[5].u_pe.weight).
Adding SRST signal on $driver$u_array.rows[2].cols[1].u_pe.weight ($dff) from module top (D = $procmux$3337_Y, Q = \u_array.rows[2].cols[1].u_pe.weight, rval = 8'00000000).
Adding EN signal on $auto$ff.cc:337:slice$4168 ($sdff) from module top (D = \weight_in_flat [271:264], Q = \u_array.rows[2].cols[1].u_pe.weight).
Adding SRST signal on $driver$u_array.rows[2].cols[1].u_pe.act_out ($dff) from module top (D = \u_array.rows[2].cols[0].u_pe.act_out, Q = \u_array.rows[2].cols[1].u_pe.act_out, rval = 8'00000000).
Adding SRST signal on $driver$u_array.rows[2].cols[1].u_pe.psum_out ($dff) from module top (D = $889y, Q = \u_array.rows[2].cols[1].u_pe.psum_out, rval = 0).
Adding SRST signal on $driver$u_array.rows[12].cols[1].u_pe.weight ($dff) from module top (D = $procmux$937_Y, Q = \u_array.rows[12].cols[1].u_pe.weight, rval = 8'00000000).
Adding EN signal on $auto$ff.cc:337:slice$4172 ($sdff) from module top (D = \weight_in_flat [1551:1544], Q = \u_array.rows[12].cols[1].u_pe.weight).
Adding SRST signal on $driver$u_array.rows[12].cols[1].u_pe.act_out ($dff) from module top (D = \u_array.rows[12].cols[0].u_pe.act_out, Q = \u_array.rows[12].cols[1].u_pe.act_out, rval = 8'00000000).
Adding SRST signal on $driver$u_array.rows[12].cols[1].u_pe.psum_out ($dff) from module top (D = $3769y, Q = \u_array.rows[12].cols[1].u_pe.psum_out, rval = 0).
Adding SRST signal on $driver$u_array.rows[2].cols[2].u_pe.weight ($dff) from module top (D = $procmux$3322_Y, Q = \u_array.rows[2].cols[2].u_pe.weight, rval = 8'00000000).
Adding EN signal on $auto$ff.cc:337:slice$4176 ($sdff) from module top (D = \weight_in_flat [279:272], Q = \u_array.rows[2].cols[2].u_pe.weight).
Adding SRST signal on $driver$u_array.rows[2].cols[2].u_pe.act_out ($dff) from module top (D = \u_array.rows[2].cols[1].u_pe.act_out, Q = \u_array.rows[2].cols[2].u_pe.act_out, rval = 8'00000000).
Adding SRST signal on $driver$u_array.rows[2].cols[2].u_pe.psum_out ($dff) from module top (D = $907y, Q = \u_array.rows[2].cols[2].u_pe.psum_out, rval = 0).
Adding SRST signal on $driver$u_array.rows[2].cols[3].u_pe.weight ($dff) from module top (D = $procmux$3307_Y, Q = \u_array.rows[2].cols[3].u_pe.weight, rval = 8'00000000).
Adding EN signal on $auto$ff.cc:337:slice$4180 ($sdff) from module top (D = \weight_in_flat [287:280], Q = \u_array.rows[2].cols[3].u_pe.weight).
Adding SRST signal on $driver$u_array.rows[2].cols[3].u_pe.act_out ($dff) from module top (D = \u_array.rows[2].cols[2].u_pe.act_out, Q = \u_array.rows[2].cols[3].u_pe.act_out, rval = 8'00000000).
Adding SRST signal on $driver$u_array.rows[2].cols[3].u_pe.psum_out ($dff) from module top (D = $925y, Q = \u_array.rows[2].cols[3].u_pe.psum_out, rval = 0).
Adding SRST signal on $driver$u_array.rows[12].cols[2].u_pe.weight ($dff) from module top (D = $procmux$922_Y, Q = \u_array.rows[12].cols[2].u_pe.weight, rval = 8'00000000).
Adding EN signal on $auto$ff.cc:337:slice$4184 ($sdff) from module top (D = \weight_in_flat [1559:1552], Q = \u_array.rows[12].cols[2].u_pe.weight).
Adding SRST signal on $driver$u_array.rows[12].cols[2].u_pe.act_out ($dff) from module top (D = \u_array.rows[12].cols[1].u_pe.act_out, Q = \u_array.rows[12].cols[2].u_pe.act_out, rval = 8'00000000).
Adding SRST signal on $driver$u_array.rows[12].cols[2].u_pe.psum_out ($dff) from module top (D = $3787y, Q = \u_array.rows[12].cols[2].u_pe.psum_out, rval = 0).
Adding SRST signal on $driver$u_array.rows[8].cols[10].u_pe.weight ($dff) from module top (D = $procmux$1762_Y, Q = \u_array.rows[8].cols[10].u_pe.weight, rval = 8'00000000).
Adding EN signal on $auto$ff.cc:337:slice$4188 ($sdff) from module top (D = \weight_in_flat [1111:1104], Q = \u_array.rows[8].cols[10].u_pe.weight).
Adding SRST signal on $driver$u_array.rows[2].cols[4].u_pe.weight ($dff) from module top (D = $procmux$3292_Y, Q = \u_array.rows[2].cols[4].u_pe.weight, rval = 8'00000000).
Adding EN signal on $auto$ff.cc:337:slice$4190 ($sdff) from module top (D = \weight_in_flat [295:288], Q = \u_array.rows[2].cols[4].u_pe.weight).
Adding SRST signal on $driver$u_array.rows[2].cols[4].u_pe.act_out ($dff) from module top (D = \u_array.rows[2].cols[3].u_pe.act_out, Q = \u_array.rows[2].cols[4].u_pe.act_out, rval = 8'00000000).
Adding SRST signal on $driver$u_array.rows[2].cols[4].u_pe.psum_out ($dff) from module top (D = $943y, Q = \u_array.rows[2].cols[4].u_pe.psum_out, rval = 0).
Adding SRST signal on $driver$u_array.rows[12].cols[3].u_pe.weight ($dff) from module top (D = $procmux$907_Y, Q = \u_array.rows[12].cols[3].u_pe.weight, rval = 8'00000000).
Adding EN signal on $auto$ff.cc:337:slice$4194 ($sdff) from module top (D = \weight_in_flat [1567:1560], Q = \u_array.rows[12].cols[3].u_pe.weight).
Adding SRST signal on $driver$u_array.rows[12].cols[3].u_pe.act_out ($dff) from module top (D = \u_array.rows[12].cols[2].u_pe.act_out, Q = \u_array.rows[12].cols[3].u_pe.act_out, rval = 8'00000000).
Adding SRST signal on $driver$u_array.rows[12].cols[3].u_pe.psum_out ($dff) from module top (D = $3805y, Q = \u_array.rows[12].cols[3].u_pe.psum_out, rval = 0).
Adding SRST signal on $driver$u_array.rows[2].cols[5].u_pe.weight ($dff) from module top (D = $procmux$3277_Y, Q = \u_array.rows[2].cols[5].u_pe.weight, rval = 8'00000000).
Adding EN signal on $auto$ff.cc:337:slice$4198 ($sdff) from module top (D = \weight_in_flat [303:296], Q = \u_array.rows[2].cols[5].u_pe.weight).
Adding SRST signal on $driver$u_array.rows[2].cols[5].u_pe.act_out ($dff) from module top (D = \u_array.rows[2].cols[4].u_pe.act_out, Q = \u_array.rows[2].cols[5].u_pe.act_out, rval = 8'00000000).
Adding SRST signal on $driver$u_array.rows[2].cols[5].u_pe.psum_out ($dff) from module top (D = $961y, Q = \u_array.rows[2].cols[5].u_pe.psum_out, rval = 0).
Adding SRST signal on $driver$u_array.rows[8].cols[10].u_pe.act_out ($dff) from module top (D = \u_array.rows[8].cols[9].u_pe.act_out, Q = \u_array.rows[8].cols[10].u_pe.act_out, rval = 8'00000000).
Adding SRST signal on $driver$u_array.rows[2].cols[6].u_pe.weight ($dff) from module top (D = $procmux$3262_Y, Q = \u_array.rows[2].cols[6].u_pe.weight, rval = 8'00000000).
Adding EN signal on $auto$ff.cc:337:slice$4203 ($sdff) from module top (D = \weight_in_flat [311:304], Q = \u_array.rows[2].cols[6].u_pe.weight).
Adding SRST signal on $driver$u_array.rows[2].cols[6].u_pe.act_out ($dff) from module top (D = \u_array.rows[2].cols[5].u_pe.act_out, Q = \u_array.rows[2].cols[6].u_pe.act_out, rval = 8'00000000).
Adding SRST signal on $driver$u_array.rows[2].cols[6].u_pe.psum_out ($dff) from module top (D = $979y, Q = \u_array.rows[2].cols[6].u_pe.psum_out, rval = 0).
Adding SRST signal on $driver$u_array.rows[12].cols[4].u_pe.weight ($dff) from module top (D = $procmux$892_Y, Q = \u_array.rows[12].cols[4].u_pe.weight, rval = 8'00000000).
Adding EN signal on $auto$ff.cc:337:slice$4207 ($sdff) from module top (D = \weight_in_flat [1575:1568], Q = \u_array.rows[12].cols[4].u_pe.weight).
Adding SRST signal on $driver$u_array.rows[12].cols[4].u_pe.act_out ($dff) from module top (D = \u_array.rows[12].cols[3].u_pe.act_out, Q = \u_array.rows[12].cols[4].u_pe.act_out, rval = 8'00000000).
Adding SRST signal on $driver$u_array.rows[12].cols[4].u_pe.psum_out ($dff) from module top (D = $3823y, Q = \u_array.rows[12].cols[4].u_pe.psum_out, rval = 0).
Adding SRST signal on $driver$u_array.rows[8].cols[10].u_pe.psum_out ($dff) from module top (D = $2779y, Q = \u_array.rows[8].cols[10].u_pe.psum_out, rval = 0).
Adding SRST signal on $driver$u_array.rows[2].cols[7].u_pe.weight ($dff) from module top (D = $procmux$3247_Y, Q = \u_array.rows[2].cols[7].u_pe.weight, rval = 8'00000000).
Adding EN signal on $auto$ff.cc:337:slice$4212 ($sdff) from module top (D = \weight_in_flat [319:312], Q = \u_array.rows[2].cols[7].u_pe.weight).
Adding SRST signal on $driver$u_array.rows[2].cols[7].u_pe.act_out ($dff) from module top (D = \u_array.rows[2].cols[6].u_pe.act_out, Q = \u_array.rows[2].cols[7].u_pe.act_out, rval = 8'00000000).
Adding SRST signal on $driver$u_array.rows[2].cols[7].u_pe.psum_out ($dff) from module top (D = $997y, Q = \u_array.rows[2].cols[7].u_pe.psum_out, rval = 0).
Adding SRST signal on $driver$u_array.rows[12].cols[5].u_pe.weight ($dff) from module top (D = $procmux$877_Y, Q = \u_array.rows[12].cols[5].u_pe.weight, rval = 8'00000000).
Adding EN signal on $auto$ff.cc:337:slice$4216 ($sdff) from module top (D = \weight_in_flat [1583:1576], Q = \u_array.rows[12].cols[5].u_pe.weight).
Adding SRST signal on $driver$u_array.rows[12].cols[5].u_pe.act_out ($dff) from module top (D = \u_array.rows[12].cols[4].u_pe.act_out, Q = \u_array.rows[12].cols[5].u_pe.act_out, rval = 8'00000000).
Adding SRST signal on $driver$u_array.rows[12].cols[5].u_pe.psum_out ($dff) from module top (D = $3841y, Q = \u_array.rows[12].cols[5].u_pe.psum_out, rval = 0).
Adding SRST signal on $driver$u_array.rows[2].cols[8].u_pe.weight ($dff) from module top (D = $procmux$3232_Y, Q = \u_array.rows[2].cols[8].u_pe.weight, rval = 8'00000000).
Adding EN signal on $auto$ff.cc:337:slice$4220 ($sdff) from module top (D = \weight_in_flat [327:320], Q = \u_array.rows[2].cols[8].u_pe.weight).
Adding SRST signal on $driver$u_array.rows[2].cols[8].u_pe.act_out ($dff) from module top (D = \u_array.rows[2].cols[7].u_pe.act_out, Q = \u_array.rows[2].cols[8].u_pe.act_out, rval = 8'00000000).
Adding SRST signal on $driver$u_array.rows[2].cols[8].u_pe.psum_out ($dff) from module top (D = $1015y, Q = \u_array.rows[2].cols[8].u_pe.psum_out, rval = 0).
Adding SRST signal on $driver$u_array.rows[2].cols[9].u_pe.weight ($dff) from module top (D = $procmux$3217_Y, Q = \u_array.rows[2].cols[9].u_pe.weight, rval = 8'00000000).
Adding EN signal on $auto$ff.cc:337:slice$4224 ($sdff) from module top (D = \weight_in_flat [335:328], Q = \u_array.rows[2].cols[9].u_pe.weight).
Adding SRST signal on $driver$u_array.rows[2].cols[9].u_pe.act_out ($dff) from module top (D = \u_array.rows[2].cols[8].u_pe.act_out, Q = \u_array.rows[2].cols[9].u_pe.act_out, rval = 8'00000000).
Adding SRST signal on $driver$u_array.rows[2].cols[9].u_pe.psum_out ($dff) from module top (D = $1033y, Q = \u_array.rows[2].cols[9].u_pe.psum_out, rval = 0).
Adding SRST signal on $driver$u_array.rows[12].cols[6].u_pe.weight ($dff) from module top (D = $procmux$862_Y, Q = \u_array.rows[12].cols[6].u_pe.weight, rval = 8'00000000).
Adding EN signal on $auto$ff.cc:337:slice$4228 ($sdff) from module top (D = \weight_in_flat [1591:1584], Q = \u_array.rows[12].cols[6].u_pe.weight).
Adding SRST signal on $driver$u_array.rows[12].cols[6].u_pe.act_out ($dff) from module top (D = \u_array.rows[12].cols[5].u_pe.act_out, Q = \u_array.rows[12].cols[6].u_pe.act_out, rval = 8'00000000).
Adding SRST signal on $driver$u_array.rows[12].cols[6].u_pe.psum_out ($dff) from module top (D = $3859y, Q = \u_array.rows[12].cols[6].u_pe.psum_out, rval = 0).
Adding SRST signal on $driver$u_array.rows[2].cols[10].u_pe.weight ($dff) from module top (D = $procmux$3202_Y, Q = \u_array.rows[2].cols[10].u_pe.weight, rval = 8'00000000).
Adding EN signal on $auto$ff.cc:337:slice$4232 ($sdff) from module top (D = \weight_in_flat [343:336], Q = \u_array.rows[2].cols[10].u_pe.weight).
Adding SRST signal on $driver$u_array.rows[2].cols[10].u_pe.act_out ($dff) from module top (D = \u_array.rows[2].cols[9].u_pe.act_out, Q = \u_array.rows[2].cols[10].u_pe.act_out, rval = 8'00000000).
Adding SRST signal on $driver$u_array.rows[2].cols[10].u_pe.psum_out ($dff) from module top (D = $1051y, Q = \u_array.rows[2].cols[10].u_pe.psum_out, rval = 0).
Adding SRST signal on $driver$u_array.rows[12].cols[7].u_pe.weight ($dff) from module top (D = $procmux$847_Y, Q = \u_array.rows[12].cols[7].u_pe.weight, rval = 8'00000000).
Adding EN signal on $auto$ff.cc:337:slice$4236 ($sdff) from module top (D = \weight_in_flat [1599:1592], Q = \u_array.rows[12].cols[7].u_pe.weight).
Adding SRST signal on $driver$u_array.rows[12].cols[7].u_pe.act_out ($dff) from module top (D = \u_array.rows[12].cols[6].u_pe.act_out, Q = \u_array.rows[12].cols[7].u_pe.act_out, rval = 8'00000000).
Adding SRST signal on $driver$u_array.rows[12].cols[7].u_pe.psum_out ($dff) from module top (D = $3877y, Q = \u_array.rows[12].cols[7].u_pe.psum_out, rval = 0).
Adding SRST signal on $driver$u_array.rows[2].cols[11].u_pe.weight ($dff) from module top (D = $procmux$3187_Y, Q = \u_array.rows[2].cols[11].u_pe.weight, rval = 8'00000000).
Adding EN signal on $auto$ff.cc:337:slice$4240 ($sdff) from module top (D = \weight_in_flat [351:344], Q = \u_array.rows[2].cols[11].u_pe.weight).
Adding SRST signal on $driver$u_array.rows[2].cols[11].u_pe.act_out ($dff) from module top (D = \u_array.rows[2].cols[10].u_pe.act_out, Q = \u_array.rows[2].cols[11].u_pe.act_out, rval = 8'00000000).
Adding SRST signal on $driver$u_array.rows[2].cols[11].u_pe.psum_out ($dff) from module top (D = $1069y, Q = \u_array.rows[2].cols[11].u_pe.psum_out, rval = 0).
Adding SRST signal on $driver$u_array.rows[2].cols[12].u_pe.weight ($dff) from module top (D = $procmux$3172_Y, Q = \u_array.rows[2].cols[12].u_pe.weight, rval = 8'00000000).
Adding EN signal on $auto$ff.cc:337:slice$4244 ($sdff) from module top (D = \weight_in_flat [359:352], Q = \u_array.rows[2].cols[12].u_pe.weight).
Adding SRST signal on $driver$u_array.rows[2].cols[12].u_pe.act_out ($dff) from module top (D = \u_array.rows[2].cols[11].u_pe.act_out, Q = \u_array.rows[2].cols[12].u_pe.act_out, rval = 8'00000000).
Adding SRST signal on $driver$u_array.rows[2].cols[12].u_pe.psum_out ($dff) from module top (D = $1087y, Q = \u_array.rows[2].cols[12].u_pe.psum_out, rval = 0).
Adding SRST signal on $driver$u_array.rows[12].cols[8].u_pe.weight ($dff) from module top (D = $procmux$832_Y, Q = \u_array.rows[12].cols[8].u_pe.weight, rval = 8'00000000).
Adding EN signal on $auto$ff.cc:337:slice$4248 ($sdff) from module top (D = \weight_in_flat [1607:1600], Q = \u_array.rows[12].cols[8].u_pe.weight).
Adding SRST signal on $driver$u_array.rows[12].cols[8].u_pe.act_out ($dff) from module top (D = \u_array.rows[12].cols[7].u_pe.act_out, Q = \u_array.rows[12].cols[8].u_pe.act_out, rval = 8'00000000).
Adding SRST signal on $driver$u_array.rows[12].cols[8].u_pe.psum_out ($dff) from module top (D = $3895y, Q = \u_array.rows[12].cols[8].u_pe.psum_out, rval = 0).
Adding SRST signal on $driver$u_array.rows[2].cols[13].u_pe.weight ($dff) from module top (D = $procmux$3157_Y, Q = \u_array.rows[2].cols[13].u_pe.weight, rval = 8'00000000).
Adding EN signal on $auto$ff.cc:337:slice$4252 ($sdff) from module top (D = \weight_in_flat [367:360], Q = \u_array.rows[2].cols[13].u_pe.weight).
Adding SRST signal on $driver$u_array.rows[2].cols[13].u_pe.act_out ($dff) from module top (D = \u_array.rows[2].cols[12].u_pe.act_out, Q = \u_array.rows[2].cols[13].u_pe.act_out, rval = 8'00000000).
Adding SRST signal on $driver$u_array.rows[2].cols[13].u_pe.psum_out ($dff) from module top (D = $1105y, Q = \u_array.rows[2].cols[13].u_pe.psum_out, rval = 0).
Adding SRST signal on $driver$u_array.rows[12].cols[9].u_pe.weight ($dff) from module top (D = $procmux$817_Y, Q = \u_array.rows[12].cols[9].u_pe.weight, rval = 8'00000000).
Adding EN signal on $auto$ff.cc:337:slice$4256 ($sdff) from module top (D = \weight_in_flat [1615:1608], Q = \u_array.rows[12].cols[9].u_pe.weight).
Adding SRST signal on $driver$u_array.rows[12].cols[9].u_pe.act_out ($dff) from module top (D = \u_array.rows[12].cols[8].u_pe.act_out, Q = \u_array.rows[12].cols[9].u_pe.act_out, rval = 8'00000000).
Adding SRST signal on $driver$u_array.rows[12].cols[9].u_pe.psum_out ($dff) from module top (D = $3913y, Q = \u_array.rows[12].cols[9].u_pe.psum_out, rval = 0).
Adding SRST signal on $driver$u_array.rows[2].cols[14].u_pe.weight ($dff) from module top (D = $procmux$3142_Y, Q = \u_array.rows[2].cols[14].u_pe.weight, rval = 8'00000000).
Adding EN signal on $auto$ff.cc:337:slice$4260 ($sdff) from module top (D = \weight_in_flat [375:368], Q = \u_array.rows[2].cols[14].u_pe.weight).
Adding SRST signal on $driver$u_array.rows[2].cols[14].u_pe.act_out ($dff) from module top (D = \u_array.rows[2].cols[13].u_pe.act_out, Q = \u_array.rows[2].cols[14].u_pe.act_out, rval = 8'00000000).
Adding SRST signal on $driver$u_array.rows[2].cols[14].u_pe.psum_out ($dff) from module top (D = $1123y, Q = \u_array.rows[2].cols[14].u_pe.psum_out, rval = 0).
Adding SRST signal on $driver$u_array.rows[8].cols[11].u_pe.weight ($dff) from module top (D = $procmux$1747_Y, Q = \u_array.rows[8].cols[11].u_pe.weight, rval = 8'00000000).
Adding EN signal on $auto$ff.cc:337:slice$4264 ($sdff) from module top (D = \weight_in_flat [1119:1112], Q = \u_array.rows[8].cols[11].u_pe.weight).
Adding SRST signal on $driver$u_array.rows[2].cols[15].u_pe.weight ($dff) from module top (D = $procmux$3127_Y, Q = \u_array.rows[2].cols[15].u_pe.weight, rval = 8'00000000).
Adding EN signal on $auto$ff.cc:337:slice$4266 ($sdff) from module top (D = \weight_in_flat [383:376], Q = \u_array.rows[2].cols[15].u_pe.weight).
Adding SRST signal on $driver$u_array.rows[2].cols[15].u_pe.psum_out ($dff) from module top (D = $1141y, Q = \u_array.rows[2].cols[15].u_pe.psum_out, rval = 0).
Adding SRST signal on $driver$u_array.rows[12].cols[10].u_pe.weight ($dff) from module top (D = $procmux$802_Y, Q = \u_array.rows[12].cols[10].u_pe.weight, rval = 8'00000000).
Adding EN signal on $auto$ff.cc:337:slice$4269 ($sdff) from module top (D = \weight_in_flat [1623:1616], Q = \u_array.rows[12].cols[10].u_pe.weight).
Adding SRST signal on $driver$u_array.rows[12].cols[10].u_pe.act_out ($dff) from module top (D = \u_array.rows[12].cols[9].u_pe.act_out, Q = \u_array.rows[12].cols[10].u_pe.act_out, rval = 8'00000000).
Adding SRST signal on $driver$u_array.rows[12].cols[10].u_pe.psum_out ($dff) from module top (D = $3931y, Q = \u_array.rows[12].cols[10].u_pe.psum_out, rval = 0).
Adding SRST signal on $driver$u_array.rows[3].cols[0].u_pe.weight ($dff) from module top (D = $procmux$3112_Y, Q = \u_array.rows[3].cols[0].u_pe.weight, rval = 8'00000000).
Adding EN signal on $auto$ff.cc:337:slice$4273 ($sdff) from module top (D = \weight_in_flat [391:384], Q = \u_array.rows[3].cols[0].u_pe.weight).
Adding SRST signal on $driver$u_array.rows[3].cols[0].u_pe.act_out ($dff) from module top (D = \act_in_flat [31:24], Q = \u_array.rows[3].cols[0].u_pe.act_out, rval = 8'00000000).
Adding SRST signal on $driver$u_array.rows[3].cols[0].u_pe.psum_out ($dff) from module top (D = $1159y, Q = \u_array.rows[3].cols[0].u_pe.psum_out, rval = 0).
Adding SRST signal on $driver$u_array.rows[12].cols[11].u_pe.weight ($dff) from module top (D = $procmux$787_Y, Q = \u_array.rows[12].cols[11].u_pe.weight, rval = 8'00000000).
Adding EN signal on $auto$ff.cc:337:slice$4277 ($sdff) from module top (D = \weight_in_flat [1631:1624], Q = \u_array.rows[12].cols[11].u_pe.weight).
Adding SRST signal on $driver$u_array.rows[12].cols[11].u_pe.act_out ($dff) from module top (D = \u_array.rows[12].cols[10].u_pe.act_out, Q = \u_array.rows[12].cols[11].u_pe.act_out, rval = 8'00000000).
Adding SRST signal on $driver$u_array.rows[12].cols[11].u_pe.psum_out ($dff) from module top (D = $3949y, Q = \u_array.rows[12].cols[11].u_pe.psum_out, rval = 0).
Adding SRST signal on $driver$u_array.rows[3].cols[1].u_pe.weight ($dff) from module top (D = $procmux$3097_Y, Q = \u_array.rows[3].cols[1].u_pe.weight, rval = 8'00000000).
Adding EN signal on $auto$ff.cc:337:slice$4281 ($sdff) from module top (D = \weight_in_flat [399:392], Q = \u_array.rows[3].cols[1].u_pe.weight).
Adding SRST signal on $driver$u_array.rows[3].cols[1].u_pe.act_out ($dff) from module top (D = \u_array.rows[3].cols[0].u_pe.act_out, Q = \u_array.rows[3].cols[1].u_pe.act_out, rval = 8'00000000).
Adding SRST signal on $driver$u_array.rows[3].cols[1].u_pe.psum_out ($dff) from module top (D = $1177y, Q = \u_array.rows[3].cols[1].u_pe.psum_out, rval = 0).
Adding SRST signal on $driver$u_array.rows[8].cols[11].u_pe.act_out ($dff) from module top (D = \u_array.rows[8].cols[10].u_pe.act_out, Q = \u_array.rows[8].cols[11].u_pe.act_out, rval = 8'00000000).
Adding SRST signal on $driver$u_array.rows[8].cols[11].u_pe.psum_out ($dff) from module top (D = $2797y, Q = \u_array.rows[8].cols[11].u_pe.psum_out, rval = 0).
Adding SRST signal on $driver$u_array.rows[3].cols[2].u_pe.weight ($dff) from module top (D = $procmux$3082_Y, Q = \u_array.rows[3].cols[2].u_pe.weight, rval = 8'00000000).
Adding EN signal on $auto$ff.cc:337:slice$4287 ($sdff) from module top (D = \weight_in_flat [407:400], Q = \u_array.rows[3].cols[2].u_pe.weight).
Adding SRST signal on $driver$u_array.rows[3].cols[2].u_pe.act_out ($dff) from module top (D = \u_array.rows[3].cols[1].u_pe.act_out, Q = \u_array.rows[3].cols[2].u_pe.act_out, rval = 8'00000000).
Adding SRST signal on $driver$u_array.rows[3].cols[2].u_pe.psum_out ($dff) from module top (D = $1195y, Q = \u_array.rows[3].cols[2].u_pe.psum_out, rval = 0).
Adding SRST signal on $driver$u_array.rows[12].cols[12].u_pe.weight ($dff) from module top (D = $procmux$772_Y, Q = \u_array.rows[12].cols[12].u_pe.weight, rval = 8'00000000).
Adding EN signal on $auto$ff.cc:337:slice$4291 ($sdff) from module top (D = \weight_in_flat [1639:1632], Q = \u_array.rows[12].cols[12].u_pe.weight).
Adding SRST signal on $driver$u_array.rows[12].cols[12].u_pe.act_out ($dff) from module top (D = \u_array.rows[12].cols[11].u_pe.act_out, Q = \u_array.rows[12].cols[12].u_pe.act_out, rval = 8'00000000).
Adding SRST signal on $driver$u_array.rows[12].cols[12].u_pe.psum_out ($dff) from module top (D = $3967y, Q = \u_array.rows[12].cols[12].u_pe.psum_out, rval = 0).
Adding SRST signal on $driver$u_array.rows[3].cols[3].u_pe.weight ($dff) from module top (D = $procmux$3067_Y, Q = \u_array.rows[3].cols[3].u_pe.weight, rval = 8'00000000).
Adding EN signal on $auto$ff.cc:337:slice$4295 ($sdff) from module top (D = \weight_in_flat [415:408], Q = \u_array.rows[3].cols[3].u_pe.weight).
Adding SRST signal on $driver$u_array.rows[3].cols[3].u_pe.act_out ($dff) from module top (D = \u_array.rows[3].cols[2].u_pe.act_out, Q = \u_array.rows[3].cols[3].u_pe.act_out, rval = 8'00000000).
Adding SRST signal on $driver$u_array.rows[3].cols[3].u_pe.psum_out ($dff) from module top (D = $1213y, Q = \u_array.rows[3].cols[3].u_pe.psum_out, rval = 0).
Adding SRST signal on $driver$u_array.rows[12].cols[13].u_pe.weight ($dff) from module top (D = $procmux$757_Y, Q = \u_array.rows[12].cols[13].u_pe.weight, rval = 8'00000000).
Adding EN signal on $auto$ff.cc:337:slice$4299 ($sdff) from module top (D = \weight_in_flat [1647:1640], Q = \u_array.rows[12].cols[13].u_pe.weight).
Adding SRST signal on $driver$u_array.rows[12].cols[13].u_pe.act_out ($dff) from module top (D = \u_array.rows[12].cols[12].u_pe.act_out, Q = \u_array.rows[12].cols[13].u_pe.act_out, rval = 8'00000000).
Adding SRST signal on $driver$u_array.rows[12].cols[13].u_pe.psum_out ($dff) from module top (D = $3985y, Q = \u_array.rows[12].cols[13].u_pe.psum_out, rval = 0).
Adding SRST signal on $driver$u_array.rows[3].cols[4].u_pe.weight ($dff) from module top (D = $procmux$3052_Y, Q = \u_array.rows[3].cols[4].u_pe.weight, rval = 8'00000000).
Adding EN signal on $auto$ff.cc:337:slice$4303 ($sdff) from module top (D = \weight_in_flat [423:416], Q = \u_array.rows[3].cols[4].u_pe.weight).
Adding SRST signal on $driver$u_array.rows[3].cols[4].u_pe.act_out ($dff) from module top (D = \u_array.rows[3].cols[3].u_pe.act_out, Q = \u_array.rows[3].cols[4].u_pe.act_out, rval = 8'00000000).
Adding SRST signal on $driver$u_array.rows[3].cols[4].u_pe.psum_out ($dff) from module top (D = $1231y, Q = \u_array.rows[3].cols[4].u_pe.psum_out, rval = 0).
Adding SRST signal on $driver$u_array.rows[3].cols[5].u_pe.weight ($dff) from module top (D = $procmux$3037_Y, Q = \u_array.rows[3].cols[5].u_pe.weight, rval = 8'00000000).
Adding EN signal on $auto$ff.cc:337:slice$4307 ($sdff) from module top (D = \weight_in_flat [431:424], Q = \u_array.rows[3].cols[5].u_pe.weight).
Adding SRST signal on $driver$u_array.rows[3].cols[5].u_pe.act_out ($dff) from module top (D = \u_array.rows[3].cols[4].u_pe.act_out, Q = \u_array.rows[3].cols[5].u_pe.act_out, rval = 8'00000000).
Adding SRST signal on $driver$u_array.rows[3].cols[5].u_pe.psum_out ($dff) from module top (D = $1249y, Q = \u_array.rows[3].cols[5].u_pe.psum_out, rval = 0).
Adding SRST signal on $driver$u_array.rows[12].cols[14].u_pe.weight ($dff) from module top (D = $procmux$742_Y, Q = \u_array.rows[12].cols[14].u_pe.weight, rval = 8'00000000).
Adding EN signal on $auto$ff.cc:337:slice$4311 ($sdff) from module top (D = \weight_in_flat [1655:1648], Q = \u_array.rows[12].cols[14].u_pe.weight).
Adding SRST signal on $driver$u_array.rows[12].cols[14].u_pe.act_out ($dff) from module top (D = \u_array.rows[12].cols[13].u_pe.act_out, Q = \u_array.rows[12].cols[14].u_pe.act_out, rval = 8'00000000).
Adding SRST signal on $driver$u_array.rows[12].cols[14].u_pe.psum_out ($dff) from module top (D = $4003y, Q = \u_array.rows[12].cols[14].u_pe.psum_out, rval = 0).
Adding SRST signal on $driver$u_array.rows[3].cols[6].u_pe.weight ($dff) from module top (D = $procmux$3022_Y, Q = \u_array.rows[3].cols[6].u_pe.weight, rval = 8'00000000).
Adding EN signal on $auto$ff.cc:337:slice$4315 ($sdff) from module top (D = \weight_in_flat [439:432], Q = \u_array.rows[3].cols[6].u_pe.weight).
Adding SRST signal on $driver$u_array.rows[3].cols[6].u_pe.act_out ($dff) from module top (D = \u_array.rows[3].cols[5].u_pe.act_out, Q = \u_array.rows[3].cols[6].u_pe.act_out, rval = 8'00000000).
Adding SRST signal on $driver$u_array.rows[3].cols[6].u_pe.psum_out ($dff) from module top (D = $1267y, Q = \u_array.rows[3].cols[6].u_pe.psum_out, rval = 0).
Adding SRST signal on $driver$u_array.rows[12].cols[15].u_pe.weight ($dff) from module top (D = $procmux$727_Y, Q = \u_array.rows[12].cols[15].u_pe.weight, rval = 8'00000000).
Adding EN signal on $auto$ff.cc:337:slice$4319 ($sdff) from module top (D = \weight_in_flat [1663:1656], Q = \u_array.rows[12].cols[15].u_pe.weight).
Adding SRST signal on $driver$u_array.rows[12].cols[15].u_pe.psum_out ($dff) from module top (D = $4021y, Q = \u_array.rows[12].cols[15].u_pe.psum_out, rval = 0).
Adding SRST signal on $driver$u_array.rows[3].cols[7].u_pe.weight ($dff) from module top (D = $procmux$3007_Y, Q = \u_array.rows[3].cols[7].u_pe.weight, rval = 8'00000000).
Adding EN signal on $auto$ff.cc:337:slice$4322 ($sdff) from module top (D = \weight_in_flat [447:440], Q = \u_array.rows[3].cols[7].u_pe.weight).
Adding SRST signal on $driver$u_array.rows[3].cols[7].u_pe.act_out ($dff) from module top (D = \u_array.rows[3].cols[6].u_pe.act_out, Q = \u_array.rows[3].cols[7].u_pe.act_out, rval = 8'00000000).
Adding SRST signal on $driver$u_array.rows[3].cols[7].u_pe.psum_out ($dff) from module top (D = $1285y, Q = \u_array.rows[3].cols[7].u_pe.psum_out, rval = 0).
Adding SRST signal on $driver$u_array.rows[3].cols[8].u_pe.weight ($dff) from module top (D = $procmux$2992_Y, Q = \u_array.rows[3].cols[8].u_pe.weight, rval = 8'00000000).
Adding EN signal on $auto$ff.cc:337:slice$4326 ($sdff) from module top (D = \weight_in_flat [455:448], Q = \u_array.rows[3].cols[8].u_pe.weight).
Adding SRST signal on $driver$u_array.rows[3].cols[8].u_pe.act_out ($dff) from module top (D = \u_array.rows[3].cols[7].u_pe.act_out, Q = \u_array.rows[3].cols[8].u_pe.act_out, rval = 8'00000000).
Adding SRST signal on $driver$u_array.rows[3].cols[8].u_pe.psum_out ($dff) from module top (D = $1303y, Q = \u_array.rows[3].cols[8].u_pe.psum_out, rval = 0).
Adding SRST signal on $driver$u_array.rows[13].cols[0].u_pe.weight ($dff) from module top (D = $procmux$712_Y, Q = \u_array.rows[13].cols[0].u_pe.weight, rval = 8'00000000).
Adding EN signal on $auto$ff.cc:337:slice$4330 ($sdff) from module top (D = \weight_in_flat [1671:1664], Q = \u_array.rows[13].cols[0].u_pe.weight).
Adding SRST signal on $driver$u_array.rows[13].cols[0].u_pe.act_out ($dff) from module top (D = \act_in_flat [111:104], Q = \u_array.rows[13].cols[0].u_pe.act_out, rval = 8'00000000).
Adding SRST signal on $driver$u_array.rows[13].cols[0].u_pe.psum_out ($dff) from module top (D = $4039y, Q = \u_array.rows[13].cols[0].u_pe.psum_out, rval = 0).
Adding SRST signal on $driver$u_array.rows[3].cols[9].u_pe.weight ($dff) from module top (D = $procmux$2977_Y, Q = \u_array.rows[3].cols[9].u_pe.weight, rval = 8'00000000).
Adding EN signal on $auto$ff.cc:337:slice$4334 ($sdff) from module top (D = \weight_in_flat [463:456], Q = \u_array.rows[3].cols[9].u_pe.weight).
Adding SRST signal on $driver$u_array.rows[3].cols[9].u_pe.act_out ($dff) from module top (D = \u_array.rows[3].cols[8].u_pe.act_out, Q = \u_array.rows[3].cols[9].u_pe.act_out, rval = 8'00000000).
Adding SRST signal on $driver$u_array.rows[3].cols[9].u_pe.psum_out ($dff) from module top (D = $1321y, Q = \u_array.rows[3].cols[9].u_pe.psum_out, rval = 0).
Adding SRST signal on $driver$u_array.rows[13].cols[1].u_pe.weight ($dff) from module top (D = $procmux$697_Y, Q = \u_array.rows[13].cols[1].u_pe.weight, rval = 8'00000000).
Adding EN signal on $auto$ff.cc:337:slice$4338 ($sdff) from module top (D = \weight_in_flat [1679:1672], Q = \u_array.rows[13].cols[1].u_pe.weight).
Adding SRST signal on $driver$u_array.rows[13].cols[1].u_pe.act_out ($dff) from module top (D = \u_array.rows[13].cols[0].u_pe.act_out, Q = \u_array.rows[13].cols[1].u_pe.act_out, rval = 8'00000000).
Adding SRST signal on $driver$u_array.rows[13].cols[1].u_pe.psum_out ($dff) from module top (D = $4057y, Q = \u_array.rows[13].cols[1].u_pe.psum_out, rval = 0).
Adding SRST signal on $driver$u_array.rows[3].cols[10].u_pe.weight ($dff) from module top (D = $procmux$2962_Y, Q = \u_array.rows[3].cols[10].u_pe.weight, rval = 8'00000000).
Adding EN signal on $auto$ff.cc:337:slice$4342 ($sdff) from module top (D = \weight_in_flat [471:464], Q = \u_array.rows[3].cols[10].u_pe.weight).
Adding SRST signal on $driver$u_array.rows[3].cols[10].u_pe.act_out ($dff) from module top (D = \u_array.rows[3].cols[9].u_pe.act_out, Q = \u_array.rows[3].cols[10].u_pe.act_out, rval = 8'00000000).
Adding SRST signal on $driver$u_array.rows[3].cols[10].u_pe.psum_out ($dff) from module top (D = $1339y, Q = \u_array.rows[3].cols[10].u_pe.psum_out, rval = 0).
Adding SRST signal on $driver$u_array.rows[8].cols[12].u_pe.weight ($dff) from module top (D = $procmux$1732_Y, Q = \u_array.rows[8].cols[12].u_pe.weight, rval = 8'00000000).
Adding EN signal on $auto$ff.cc:337:slice$4346 ($sdff) from module top (D = \weight_in_flat [1127:1120], Q = \u_array.rows[8].cols[12].u_pe.weight).
Adding SRST signal on $driver$u_array.rows[3].cols[11].u_pe.weight ($dff) from module top (D = $procmux$2947_Y, Q = \u_array.rows[3].cols[11].u_pe.weight, rval = 8'00000000).
Adding EN signal on $auto$ff.cc:337:slice$4348 ($sdff) from module top (D = \weight_in_flat [479:472], Q = \u_array.rows[3].cols[11].u_pe.weight).
Adding SRST signal on $driver$u_array.rows[3].cols[11].u_pe.act_out ($dff) from module top (D = \u_array.rows[3].cols[10].u_pe.act_out, Q = \u_array.rows[3].cols[11].u_pe.act_out, rval = 8'00000000).
Adding SRST signal on $driver$u_array.rows[3].cols[11].u_pe.psum_out ($dff) from module top (D = $1357y, Q = \u_array.rows[3].cols[11].u_pe.psum_out, rval = 0).
Adding SRST signal on $driver$u_array.rows[13].cols[2].u_pe.weight ($dff) from module top (D = $procmux$682_Y, Q = \u_array.rows[13].cols[2].u_pe.weight, rval = 8'00000000).
Adding EN signal on $auto$ff.cc:337:slice$4352 ($sdff) from module top (D = \weight_in_flat [1687:1680], Q = \u_array.rows[13].cols[2].u_pe.weight).
Adding SRST signal on $driver$u_array.rows[13].cols[2].u_pe.act_out ($dff) from module top (D = \u_array.rows[13].cols[1].u_pe.act_out, Q = \u_array.rows[13].cols[2].u_pe.act_out, rval = 8'00000000).
Adding SRST signal on $driver$u_array.rows[13].cols[2].u_pe.psum_out ($dff) from module top (D = $4075y, Q = \u_array.rows[13].cols[2].u_pe.psum_out, rval = 0).
Adding SRST signal on $driver$u_array.rows[3].cols[12].u_pe.weight ($dff) from module top (D = $procmux$2932_Y, Q = \u_array.rows[3].cols[12].u_pe.weight, rval = 8'00000000).
Adding EN signal on $auto$ff.cc:337:slice$4356 ($sdff) from module top (D = \weight_in_flat [487:480], Q = \u_array.rows[3].cols[12].u_pe.weight).
Adding SRST signal on $driver$u_array.rows[3].cols[12].u_pe.act_out ($dff) from module top (D = \u_array.rows[3].cols[11].u_pe.act_out, Q = \u_array.rows[3].cols[12].u_pe.act_out, rval = 8'00000000).
Adding SRST signal on $driver$u_array.rows[3].cols[12].u_pe.psum_out ($dff) from module top (D = $1375y, Q = \u_array.rows[3].cols[12].u_pe.psum_out, rval = 0).
Adding SRST signal on $driver$u_array.rows[8].cols[12].u_pe.act_out ($dff) from module top (D = \u_array.rows[8].cols[11].u_pe.act_out, Q = \u_array.rows[8].cols[12].u_pe.act_out, rval = 8'00000000).
Adding SRST signal on $driver$u_array.rows[13].cols[3].u_pe.weight ($dff) from module top (D = $procmux$667_Y, Q = \u_array.rows[13].cols[3].u_pe.weight, rval = 8'00000000).
Adding EN signal on $auto$ff.cc:337:slice$4361 ($sdff) from module top (D = \weight_in_flat [1695:1688], Q = \u_array.rows[13].cols[3].u_pe.weight).
Adding SRST signal on $driver$u_array.rows[13].cols[3].u_pe.act_out ($dff) from module top (D = \u_array.rows[13].cols[2].u_pe.act_out, Q = \u_array.rows[13].cols[3].u_pe.act_out, rval = 8'00000000).
Adding SRST signal on $driver$u_array.rows[13].cols[3].u_pe.psum_out ($dff) from module top (D = $4093y, Q = \u_array.rows[13].cols[3].u_pe.psum_out, rval = 0).
Adding SRST signal on $driver$u_array.rows[3].cols[13].u_pe.weight ($dff) from module top (D = $procmux$2917_Y, Q = \u_array.rows[3].cols[13].u_pe.weight, rval = 8'00000000).
Adding EN signal on $auto$ff.cc:337:slice$4365 ($sdff) from module top (D = \weight_in_flat [495:488], Q = \u_array.rows[3].cols[13].u_pe.weight).
Adding SRST signal on $driver$u_array.rows[3].cols[13].u_pe.act_out ($dff) from module top (D = \u_array.rows[3].cols[12].u_pe.act_out, Q = \u_array.rows[3].cols[13].u_pe.act_out, rval = 8'00000000).
Adding SRST signal on $driver$u_array.rows[3].cols[13].u_pe.psum_out ($dff) from module top (D = $1393y, Q = \u_array.rows[3].cols[13].u_pe.psum_out, rval = 0).
Adding SRST signal on $driver$u_array.rows[8].cols[12].u_pe.psum_out ($dff) from module top (D = $2815y, Q = \u_array.rows[8].cols[12].u_pe.psum_out, rval = 0).
Adding SRST signal on $driver$u_array.rows[9].cols[4].u_pe.weight ($dff) from module top (D = $procmux$1612_Y, Q = \u_array.rows[9].cols[4].u_pe.weight, rval = 8'00000000).
Adding EN signal on $auto$ff.cc:337:slice$4370 ($sdff) from module top (D = \weight_in_flat [1191:1184], Q = \u_array.rows[9].cols[4].u_pe.weight).
Adding SRST signal on $driver$u_array.rows[3].cols[14].u_pe.weight ($dff) from module top (D = $procmux$2902_Y, Q = \u_array.rows[3].cols[14].u_pe.weight, rval = 8'00000000).
Adding EN signal on $auto$ff.cc:337:slice$4372 ($sdff) from module top (D = \weight_in_flat [503:496], Q = \u_array.rows[3].cols[14].u_pe.weight).
Adding SRST signal on $driver$u_array.rows[3].cols[14].u_pe.act_out ($dff) from module top (D = \u_array.rows[3].cols[13].u_pe.act_out, Q = \u_array.rows[3].cols[14].u_pe.act_out, rval = 8'00000000).
Adding SRST signal on $driver$u_array.rows[3].cols[14].u_pe.psum_out ($dff) from module top (D = $1411y, Q = \u_array.rows[3].cols[14].u_pe.psum_out, rval = 0).
Adding SRST signal on $driver$u_array.rows[13].cols[4].u_pe.weight ($dff) from module top (D = $procmux$652_Y, Q = \u_array.rows[13].cols[4].u_pe.weight, rval = 8'00000000).
Adding EN signal on $auto$ff.cc:337:slice$4376 ($sdff) from module top (D = \weight_in_flat [1703:1696], Q = \u_array.rows[13].cols[4].u_pe.weight).
Adding SRST signal on $driver$u_array.rows[13].cols[4].u_pe.act_out ($dff) from module top (D = \u_array.rows[13].cols[3].u_pe.act_out, Q = \u_array.rows[13].cols[4].u_pe.act_out, rval = 8'00000000).
Adding SRST signal on $driver$u_array.rows[13].cols[4].u_pe.psum_out ($dff) from module top (D = $4111y, Q = \u_array.rows[13].cols[4].u_pe.psum_out, rval = 0).
Adding SRST signal on $driver$u_array.rows[3].cols[15].u_pe.weight ($dff) from module top (D = $procmux$2887_Y, Q = \u_array.rows[3].cols[15].u_pe.weight, rval = 8'00000000).
Adding EN signal on $auto$ff.cc:337:slice$4380 ($sdff) from module top (D = \weight_in_flat [511:504], Q = \u_array.rows[3].cols[15].u_pe.weight).
Adding SRST signal on $driver$u_array.rows[3].cols[15].u_pe.psum_out ($dff) from module top (D = $1429y, Q = \u_array.rows[3].cols[15].u_pe.psum_out, rval = 0).
Adding SRST signal on $driver$u_array.rows[13].cols[5].u_pe.weight ($dff) from module top (D = $procmux$637_Y, Q = \u_array.rows[13].cols[5].u_pe.weight, rval = 8'00000000).
Adding EN signal on $auto$ff.cc:337:slice$4383 ($sdff) from module top (D = \weight_in_flat [1711:1704], Q = \u_array.rows[13].cols[5].u_pe.weight).
Adding SRST signal on $driver$u_array.rows[13].cols[5].u_pe.act_out ($dff) from module top (D = \u_array.rows[13].cols[4].u_pe.act_out, Q = \u_array.rows[13].cols[5].u_pe.act_out, rval = 8'00000000).
Adding SRST signal on $driver$u_array.rows[13].cols[5].u_pe.psum_out ($dff) from module top (D = $4129y, Q = \u_array.rows[13].cols[5].u_pe.psum_out, rval = 0).
Adding SRST signal on $driver$u_array.rows[4].cols[0].u_pe.weight ($dff) from module top (D = $procmux$2872_Y, Q = \u_array.rows[4].cols[0].u_pe.weight, rval = 8'00000000).
Adding EN signal on $auto$ff.cc:337:slice$4387 ($sdff) from module top (D = \weight_in_flat [519:512], Q = \u_array.rows[4].cols[0].u_pe.weight).
Adding SRST signal on $driver$u_array.rows[4].cols[0].u_pe.act_out ($dff) from module top (D = \act_in_flat [39:32], Q = \u_array.rows[4].cols[0].u_pe.act_out, rval = 8'00000000).
Adding SRST signal on $driver$u_array.rows[4].cols[0].u_pe.psum_out ($dff) from module top (D = $1447y, Q = \u_array.rows[4].cols[0].u_pe.psum_out, rval = 0).
Adding SRST signal on $driver$u_array.rows[4].cols[1].u_pe.weight ($dff) from module top (D = $procmux$2857_Y, Q = \u_array.rows[4].cols[1].u_pe.weight, rval = 8'00000000).
Adding EN signal on $auto$ff.cc:337:slice$4391 ($sdff) from module top (D = \weight_in_flat [527:520], Q = \u_array.rows[4].cols[1].u_pe.weight).
Adding SRST signal on $driver$u_array.rows[4].cols[1].u_pe.act_out ($dff) from module top (D = \u_array.rows[4].cols[0].u_pe.act_out, Q = \u_array.rows[4].cols[1].u_pe.act_out, rval = 8'00000000).
Adding SRST signal on $driver$u_array.rows[4].cols[1].u_pe.psum_out ($dff) from module top (D = $1465y, Q = \u_array.rows[4].cols[1].u_pe.psum_out, rval = 0).
Adding SRST signal on $driver$u_array.rows[13].cols[6].u_pe.weight ($dff) from module top (D = $procmux$622_Y, Q = \u_array.rows[13].cols[6].u_pe.weight, rval = 8'00000000).
Adding EN signal on $auto$ff.cc:337:slice$4395 ($sdff) from module top (D = \weight_in_flat [1719:1712], Q = \u_array.rows[13].cols[6].u_pe.weight).
Adding SRST signal on $driver$u_array.rows[13].cols[6].u_pe.act_out ($dff) from module top (D = \u_array.rows[13].cols[5].u_pe.act_out, Q = \u_array.rows[13].cols[6].u_pe.act_out, rval = 8'00000000).
Adding SRST signal on $driver$u_array.rows[13].cols[6].u_pe.psum_out ($dff) from module top (D = $4147y, Q = \u_array.rows[13].cols[6].u_pe.psum_out, rval = 0).
Adding SRST signal on $driver$u_array.rows[4].cols[2].u_pe.weight ($dff) from module top (D = $procmux$2842_Y, Q = \u_array.rows[4].cols[2].u_pe.weight, rval = 8'00000000).
Adding EN signal on $auto$ff.cc:337:slice$4399 ($sdff) from module top (D = \weight_in_flat [535:528], Q = \u_array.rows[4].cols[2].u_pe.weight).
Adding SRST signal on $driver$u_array.rows[4].cols[2].u_pe.act_out ($dff) from module top (D = \u_array.rows[4].cols[1].u_pe.act_out, Q = \u_array.rows[4].cols[2].u_pe.act_out, rval = 8'00000000).
Adding SRST signal on $driver$u_array.rows[4].cols[2].u_pe.psum_out ($dff) from module top (D = $1483y, Q = \u_array.rows[4].cols[2].u_pe.psum_out, rval = 0).
Adding SRST signal on $driver$u_array.rows[13].cols[7].u_pe.weight ($dff) from module top (D = $procmux$607_Y, Q = \u_array.rows[13].cols[7].u_pe.weight, rval = 8'00000000).
Adding EN signal on $auto$ff.cc:337:slice$4403 ($sdff) from module top (D = \weight_in_flat [1727:1720], Q = \u_array.rows[13].cols[7].u_pe.weight).
Adding SRST signal on $driver$u_array.rows[13].cols[7].u_pe.act_out ($dff) from module top (D = \u_array.rows[13].cols[6].u_pe.act_out, Q = \u_array.rows[13].cols[7].u_pe.act_out, rval = 8'00000000).
Adding SRST signal on $driver$u_array.rows[13].cols[7].u_pe.psum_out ($dff) from module top (D = $4165y, Q = \u_array.rows[13].cols[7].u_pe.psum_out, rval = 0).
Adding SRST signal on $driver$u_array.rows[4].cols[3].u_pe.weight ($dff) from module top (D = $procmux$2827_Y, Q = \u_array.rows[4].cols[3].u_pe.weight, rval = 8'00000000).
Adding EN signal on $auto$ff.cc:337:slice$4407 ($sdff) from module top (D = \weight_in_flat [543:536], Q = \u_array.rows[4].cols[3].u_pe.weight).
Adding SRST signal on $driver$u_array.rows[4].cols[3].u_pe.act_out ($dff) from module top (D = \u_array.rows[4].cols[2].u_pe.act_out, Q = \u_array.rows[4].cols[3].u_pe.act_out, rval = 8'00000000).
Adding SRST signal on $driver$u_array.rows[4].cols[3].u_pe.psum_out ($dff) from module top (D = $1501y, Q = \u_array.rows[4].cols[3].u_pe.psum_out, rval = 0).
Adding SRST signal on $driver$u_array.rows[4].cols[4].u_pe.weight ($dff) from module top (D = $procmux$2812_Y, Q = \u_array.rows[4].cols[4].u_pe.weight, rval = 8'00000000).
Adding EN signal on $auto$ff.cc:337:slice$4411 ($sdff) from module top (D = \weight_in_flat [551:544], Q = \u_array.rows[4].cols[4].u_pe.weight).
Adding SRST signal on $driver$u_array.rows[4].cols[4].u_pe.act_out ($dff) from module top (D = \u_array.rows[4].cols[3].u_pe.act_out, Q = \u_array.rows[4].cols[4].u_pe.act_out, rval = 8'00000000).
Adding SRST signal on $driver$u_array.rows[4].cols[4].u_pe.psum_out ($dff) from module top (D = $1519y, Q = \u_array.rows[4].cols[4].u_pe.psum_out, rval = 0).
Adding SRST signal on $driver$u_array.rows[13].cols[8].u_pe.weight ($dff) from module top (D = $procmux$592_Y, Q = \u_array.rows[13].cols[8].u_pe.weight, rval = 8'00000000).
Adding EN signal on $auto$ff.cc:337:slice$4415 ($sdff) from module top (D = \weight_in_flat [1735:1728], Q = \u_array.rows[13].cols[8].u_pe.weight).
Adding SRST signal on $driver$u_array.rows[13].cols[8].u_pe.act_out ($dff) from module top (D = \u_array.rows[13].cols[7].u_pe.act_out, Q = \u_array.rows[13].cols[8].u_pe.act_out, rval = 8'00000000).
Adding SRST signal on $driver$u_array.rows[13].cols[8].u_pe.psum_out ($dff) from module top (D = $4183y, Q = \u_array.rows[13].cols[8].u_pe.psum_out, rval = 0).
Adding SRST signal on $driver$u_array.rows[4].cols[5].u_pe.weight ($dff) from module top (D = $procmux$2797_Y, Q = \u_array.rows[4].cols[5].u_pe.weight, rval = 8'00000000).
Adding EN signal on $auto$ff.cc:337:slice$4419 ($sdff) from module top (D = \weight_in_flat [559:552], Q = \u_array.rows[4].cols[5].u_pe.weight).
Adding SRST signal on $driver$u_array.rows[4].cols[5].u_pe.act_out ($dff) from module top (D = \u_array.rows[4].cols[4].u_pe.act_out, Q = \u_array.rows[4].cols[5].u_pe.act_out, rval = 8'00000000).
Adding SRST signal on $driver$u_array.rows[4].cols[5].u_pe.psum_out ($dff) from module top (D = $1537y, Q = \u_array.rows[4].cols[5].u_pe.psum_out, rval = 0).
Adding SRST signal on $driver$u_array.rows[8].cols[13].u_pe.weight ($dff) from module top (D = $procmux$1717_Y, Q = \u_array.rows[8].cols[13].u_pe.weight, rval = 8'00000000).
Adding EN signal on $auto$ff.cc:337:slice$4423 ($sdff) from module top (D = \weight_in_flat [1135:1128], Q = \u_array.rows[8].cols[13].u_pe.weight).
Adding SRST signal on $driver$u_array.rows[13].cols[9].u_pe.weight ($dff) from module top (D = $procmux$577_Y, Q = \u_array.rows[13].cols[9].u_pe.weight, rval = 8'00000000).
Adding EN signal on $auto$ff.cc:337:slice$4425 ($sdff) from module top (D = \weight_in_flat [1743:1736], Q = \u_array.rows[13].cols[9].u_pe.weight).
Adding SRST signal on $driver$u_array.rows[13].cols[9].u_pe.act_out ($dff) from module top (D = \u_array.rows[13].cols[8].u_pe.act_out, Q = \u_array.rows[13].cols[9].u_pe.act_out, rval = 8'00000000).
Adding SRST signal on $driver$u_array.rows[13].cols[9].u_pe.psum_out ($dff) from module top (D = $4201y, Q = \u_array.rows[13].cols[9].u_pe.psum_out, rval = 0).
Adding SRST signal on $driver$u_array.rows[4].cols[6].u_pe.weight ($dff) from module top (D = $procmux$2782_Y, Q = \u_array.rows[4].cols[6].u_pe.weight, rval = 8'00000000).
Adding EN signal on $auto$ff.cc:337:slice$4429 ($sdff) from module top (D = \weight_in_flat [567:560], Q = \u_array.rows[4].cols[6].u_pe.weight).
Adding SRST signal on $driver$u_array.rows[4].cols[6].u_pe.act_out ($dff) from module top (D = \u_array.rows[4].cols[5].u_pe.act_out, Q = \u_array.rows[4].cols[6].u_pe.act_out, rval = 8'00000000).
Adding SRST signal on $driver$u_array.rows[4].cols[6].u_pe.psum_out ($dff) from module top (D = $1555y, Q = \u_array.rows[4].cols[6].u_pe.psum_out, rval = 0).
Adding SRST signal on $driver$u_array.rows[4].cols[7].u_pe.weight ($dff) from module top (D = $procmux$2767_Y, Q = \u_array.rows[4].cols[7].u_pe.weight, rval = 8'00000000).
Adding EN signal on $auto$ff.cc:337:slice$4433 ($sdff) from module top (D = \weight_in_flat [575:568], Q = \u_array.rows[4].cols[7].u_pe.weight).
Adding SRST signal on $driver$u_array.rows[4].cols[7].u_pe.act_out ($dff) from module top (D = \u_array.rows[4].cols[6].u_pe.act_out, Q = \u_array.rows[4].cols[7].u_pe.act_out, rval = 8'00000000).
Adding SRST signal on $driver$u_array.rows[4].cols[7].u_pe.psum_out ($dff) from module top (D = $1573y, Q = \u_array.rows[4].cols[7].u_pe.psum_out, rval = 0).
Adding SRST signal on $driver$u_array.rows[13].cols[10].u_pe.weight ($dff) from module top (D = $procmux$562_Y, Q = \u_array.rows[13].cols[10].u_pe.weight, rval = 8'00000000).
Adding EN signal on $auto$ff.cc:337:slice$4437 ($sdff) from module top (D = \weight_in_flat [1751:1744], Q = \u_array.rows[13].cols[10].u_pe.weight).
Adding SRST signal on $driver$u_array.rows[13].cols[10].u_pe.act_out ($dff) from module top (D = \u_array.rows[13].cols[9].u_pe.act_out, Q = \u_array.rows[13].cols[10].u_pe.act_out, rval = 8'00000000).
Adding SRST signal on $driver$u_array.rows[13].cols[10].u_pe.psum_out ($dff) from module top (D = $4219y, Q = \u_array.rows[13].cols[10].u_pe.psum_out, rval = 0).
Adding SRST signal on $driver$u_array.rows[8].cols[13].u_pe.act_out ($dff) from module top (D = \u_array.rows[8].cols[12].u_pe.act_out, Q = \u_array.rows[8].cols[13].u_pe.act_out, rval = 8'00000000).
Adding SRST signal on $driver$u_array.rows[4].cols[8].u_pe.weight ($dff) from module top (D = $procmux$2752_Y, Q = \u_array.rows[4].cols[8].u_pe.weight, rval = 8'00000000).
Adding EN signal on $auto$ff.cc:337:slice$4442 ($sdff) from module top (D = \weight_in_flat [583:576], Q = \u_array.rows[4].cols[8].u_pe.weight).
Adding SRST signal on $driver$u_array.rows[4].cols[8].u_pe.act_out ($dff) from module top (D = \u_array.rows[4].cols[7].u_pe.act_out, Q = \u_array.rows[4].cols[8].u_pe.act_out, rval = 8'00000000).
Adding SRST signal on $driver$u_array.rows[4].cols[8].u_pe.psum_out ($dff) from module top (D = $1591y, Q = \u_array.rows[4].cols[8].u_pe.psum_out, rval = 0).
Adding SRST signal on $driver$u_array.rows[8].cols[13].u_pe.psum_out ($dff) from module top (D = $2833y, Q = \u_array.rows[8].cols[13].u_pe.psum_out, rval = 0).
Adding SRST signal on $driver$u_array.rows[13].cols[11].u_pe.weight ($dff) from module top (D = $procmux$547_Y, Q = \u_array.rows[13].cols[11].u_pe.weight, rval = 8'00000000).
Adding EN signal on $auto$ff.cc:337:slice$4447 ($sdff) from module top (D = \weight_in_flat [1759:1752], Q = \u_array.rows[13].cols[11].u_pe.weight).
Adding SRST signal on $driver$u_array.rows[13].cols[11].u_pe.act_out ($dff) from module top (D = \u_array.rows[13].cols[10].u_pe.act_out, Q = \u_array.rows[13].cols[11].u_pe.act_out, rval = 8'00000000).
Adding SRST signal on $driver$u_array.rows[13].cols[11].u_pe.psum_out ($dff) from module top (D = $4237y, Q = \u_array.rows[13].cols[11].u_pe.psum_out, rval = 0).
Adding SRST signal on $driver$u_array.rows[4].cols[9].u_pe.weight ($dff) from module top (D = $procmux$2737_Y, Q = \u_array.rows[4].cols[9].u_pe.weight, rval = 8'00000000).
Adding EN signal on $auto$ff.cc:337:slice$4451 ($sdff) from module top (D = \weight_in_flat [591:584], Q = \u_array.rows[4].cols[9].u_pe.weight).
Adding SRST signal on $driver$u_array.rows[4].cols[9].u_pe.act_out ($dff) from module top (D = \u_array.rows[4].cols[8].u_pe.act_out, Q = \u_array.rows[4].cols[9].u_pe.act_out, rval = 8'00000000).
Adding SRST signal on $driver$u_array.rows[4].cols[9].u_pe.psum_out ($dff) from module top (D = $1609y, Q = \u_array.rows[4].cols[9].u_pe.psum_out, rval = 0).
Adding SRST signal on $driver$u_array.rows[4].cols[10].u_pe.weight ($dff) from module top (D = $procmux$2722_Y, Q = \u_array.rows[4].cols[10].u_pe.weight, rval = 8'00000000).
Adding EN signal on $auto$ff.cc:337:slice$4455 ($sdff) from module top (D = \weight_in_flat [599:592], Q = \u_array.rows[4].cols[10].u_pe.weight).
Adding SRST signal on $driver$u_array.rows[4].cols[10].u_pe.act_out ($dff) from module top (D = \u_array.rows[4].cols[9].u_pe.act_out, Q = \u_array.rows[4].cols[10].u_pe.act_out, rval = 8'00000000).
Adding SRST signal on $driver$u_array.rows[4].cols[10].u_pe.psum_out ($dff) from module top (D = $1627y, Q = \u_array.rows[4].cols[10].u_pe.psum_out, rval = 0).
Adding SRST signal on $driver$u_array.rows[13].cols[12].u_pe.weight ($dff) from module top (D = $procmux$532_Y, Q = \u_array.rows[13].cols[12].u_pe.weight, rval = 8'00000000).
Adding EN signal on $auto$ff.cc:337:slice$4459 ($sdff) from module top (D = \weight_in_flat [1767:1760], Q = \u_array.rows[13].cols[12].u_pe.weight).
Adding SRST signal on $driver$u_array.rows[13].cols[12].u_pe.act_out ($dff) from module top (D = \u_array.rows[13].cols[11].u_pe.act_out, Q = \u_array.rows[13].cols[12].u_pe.act_out, rval = 8'00000000).
Adding SRST signal on $driver$u_array.rows[13].cols[12].u_pe.psum_out ($dff) from module top (D = $4255y, Q = \u_array.rows[13].cols[12].u_pe.psum_out, rval = 0).
Adding SRST signal on $driver$u_array.rows[4].cols[11].u_pe.weight ($dff) from module top (D = $procmux$2707_Y, Q = \u_array.rows[4].cols[11].u_pe.weight, rval = 8'00000000).
Adding EN signal on $auto$ff.cc:337:slice$4463 ($sdff) from module top (D = \weight_in_flat [607:600], Q = \u_array.rows[4].cols[11].u_pe.weight).
Adding SRST signal on $driver$u_array.rows[4].cols[11].u_pe.act_out ($dff) from module top (D = \u_array.rows[4].cols[10].u_pe.act_out, Q = \u_array.rows[4].cols[11].u_pe.act_out, rval = 8'00000000).
Adding SRST signal on $driver$u_array.rows[4].cols[11].u_pe.psum_out ($dff) from module top (D = $1645y, Q = \u_array.rows[4].cols[11].u_pe.psum_out, rval = 0).
Adding SRST signal on $driver$u_array.rows[13].cols[13].u_pe.weight ($dff) from module top (D = $procmux$517_Y, Q = \u_array.rows[13].cols[13].u_pe.weight, rval = 8'00000000).
Adding EN signal on $auto$ff.cc:337:slice$4467 ($sdff) from module top (D = \weight_in_flat [1775:1768], Q = \u_array.rows[13].cols[13].u_pe.weight).
Adding SRST signal on $driver$u_array.rows[13].cols[13].u_pe.act_out ($dff) from module top (D = \u_array.rows[13].cols[12].u_pe.act_out, Q = \u_array.rows[13].cols[13].u_pe.act_out, rval = 8'00000000).
Adding SRST signal on $driver$u_array.rows[13].cols[13].u_pe.psum_out ($dff) from module top (D = $4273y, Q = \u_array.rows[13].cols[13].u_pe.psum_out, rval = 0).
Adding SRST signal on $driver$u_array.rows[4].cols[12].u_pe.weight ($dff) from module top (D = $procmux$2692_Y, Q = \u_array.rows[4].cols[12].u_pe.weight, rval = 8'00000000).
Adding EN signal on $auto$ff.cc:337:slice$4471 ($sdff) from module top (D = \weight_in_flat [615:608], Q = \u_array.rows[4].cols[12].u_pe.weight).
Adding SRST signal on $driver$u_array.rows[4].cols[12].u_pe.act_out ($dff) from module top (D = \u_array.rows[4].cols[11].u_pe.act_out, Q = \u_array.rows[4].cols[12].u_pe.act_out, rval = 8'00000000).
Adding SRST signal on $driver$u_array.rows[4].cols[12].u_pe.psum_out ($dff) from module top (D = $1663y, Q = \u_array.rows[4].cols[12].u_pe.psum_out, rval = 0).
Adding SRST signal on $driver$u_array.rows[9].cols[4].u_pe.act_out ($dff) from module top (D = \u_array.rows[9].cols[3].u_pe.act_out, Q = \u_array.rows[9].cols[4].u_pe.act_out, rval = 8'00000000).
Adding SRST signal on $driver$u_array.rows[4].cols[13].u_pe.weight ($dff) from module top (D = $procmux$2677_Y, Q = \u_array.rows[4].cols[13].u_pe.weight, rval = 8'00000000).
Adding EN signal on $auto$ff.cc:337:slice$4476 ($sdff) from module top (D = \weight_in_flat [623:616], Q = \u_array.rows[4].cols[13].u_pe.weight).
Adding SRST signal on $driver$u_array.rows[4].cols[13].u_pe.act_out ($dff) from module top (D = \u_array.rows[4].cols[12].u_pe.act_out, Q = \u_array.rows[4].cols[13].u_pe.act_out, rval = 8'00000000).
Adding SRST signal on $driver$u_array.rows[4].cols[13].u_pe.psum_out ($dff) from module top (D = $1681y, Q = \u_array.rows[4].cols[13].u_pe.psum_out, rval = 0).
Adding SRST signal on $driver$u_array.rows[13].cols[14].u_pe.weight ($dff) from module top (D = $procmux$502_Y, Q = \u_array.rows[13].cols[14].u_pe.weight, rval = 8'00000000).
Adding EN signal on $auto$ff.cc:337:slice$4480 ($sdff) from module top (D = \weight_in_flat [1783:1776], Q = \u_array.rows[13].cols[14].u_pe.weight).
Adding SRST signal on $driver$u_array.rows[13].cols[14].u_pe.act_out ($dff) from module top (D = \u_array.rows[13].cols[13].u_pe.act_out, Q = \u_array.rows[13].cols[14].u_pe.act_out, rval = 8'00000000).
Adding SRST signal on $driver$u_array.rows[13].cols[14].u_pe.psum_out ($dff) from module top (D = $4291y, Q = \u_array.rows[13].cols[14].u_pe.psum_out, rval = 0).
Adding SRST signal on $driver$u_array.rows[4].cols[14].u_pe.weight ($dff) from module top (D = $procmux$2662_Y, Q = \u_array.rows[4].cols[14].u_pe.weight, rval = 8'00000000).
Adding EN signal on $auto$ff.cc:337:slice$4484 ($sdff) from module top (D = \weight_in_flat [631:624], Q = \u_array.rows[4].cols[14].u_pe.weight).
Adding SRST signal on $driver$u_array.rows[4].cols[14].u_pe.act_out ($dff) from module top (D = \u_array.rows[4].cols[13].u_pe.act_out, Q = \u_array.rows[4].cols[14].u_pe.act_out, rval = 8'00000000).
Adding SRST signal on $driver$u_array.rows[4].cols[14].u_pe.psum_out ($dff) from module top (D = $1699y, Q = \u_array.rows[4].cols[14].u_pe.psum_out, rval = 0).
Adding SRST signal on $driver$u_array.rows[13].cols[15].u_pe.weight ($dff) from module top (D = $procmux$487_Y, Q = \u_array.rows[13].cols[15].u_pe.weight, rval = 8'00000000).
Adding EN signal on $auto$ff.cc:337:slice$4488 ($sdff) from module top (D = \weight_in_flat [1791:1784], Q = \u_array.rows[13].cols[15].u_pe.weight).
Adding SRST signal on $driver$u_array.rows[13].cols[15].u_pe.psum_out ($dff) from module top (D = $4309y, Q = \u_array.rows[13].cols[15].u_pe.psum_out, rval = 0).
Adding SRST signal on $driver$u_array.rows[4].cols[15].u_pe.weight ($dff) from module top (D = $procmux$2647_Y, Q = \u_array.rows[4].cols[15].u_pe.weight, rval = 8'00000000).
Adding EN signal on $auto$ff.cc:337:slice$4491 ($sdff) from module top (D = \weight_in_flat [639:632], Q = \u_array.rows[4].cols[15].u_pe.weight).
Adding SRST signal on $driver$u_array.rows[9].cols[7].u_pe.weight ($dff) from module top (D = $procmux$1567_Y, Q = \u_array.rows[9].cols[7].u_pe.weight, rval = 8'00000000).
Adding EN signal on $auto$ff.cc:337:slice$4493 ($sdff) from module top (D = \weight_in_flat [1215:1208], Q = \u_array.rows[9].cols[7].u_pe.weight).
Adding SRST signal on $driver$u_array.rows[4].cols[15].u_pe.psum_out ($dff) from module top (D = $1717y, Q = \u_array.rows[4].cols[15].u_pe.psum_out, rval = 0).
Adding SRST signal on $driver$u_array.rows[5].cols[0].u_pe.weight ($dff) from module top (D = $procmux$2632_Y, Q = \u_array.rows[5].cols[0].u_pe.weight, rval = 8'00000000).
Adding EN signal on $auto$ff.cc:337:slice$4496 ($sdff) from module top (D = \weight_in_flat [647:640], Q = \u_array.rows[5].cols[0].u_pe.weight).
Adding SRST signal on $driver$u_array.rows[5].cols[0].u_pe.act_out ($dff) from module top (D = \act_in_flat [47:40], Q = \u_array.rows[5].cols[0].u_pe.act_out, rval = 8'00000000).
Adding SRST signal on $driver$u_array.rows[5].cols[0].u_pe.psum_out ($dff) from module top (D = $1735y, Q = \u_array.rows[5].cols[0].u_pe.psum_out, rval = 0).
Adding SRST signal on $driver$u_array.rows[14].cols[0].u_pe.weight ($dff) from module top (D = $procmux$472_Y, Q = \u_array.rows[14].cols[0].u_pe.weight, rval = 8'00000000).
Adding EN signal on $auto$ff.cc:337:slice$4500 ($sdff) from module top (D = \weight_in_flat [1799:1792], Q = \u_array.rows[14].cols[0].u_pe.weight).
Adding SRST signal on $driver$u_array.rows[14].cols[0].u_pe.act_out ($dff) from module top (D = \act_in_flat [119:112], Q = \u_array.rows[14].cols[0].u_pe.act_out, rval = 8'00000000).
Adding SRST signal on $driver$u_array.rows[14].cols[0].u_pe.psum_out ($dff) from module top (D = $4327y, Q = \u_array.rows[14].cols[0].u_pe.psum_out, rval = 0).
Adding SRST signal on $driver$u_array.rows[8].cols[14].u_pe.weight ($dff) from module top (D = $procmux$1702_Y, Q = \u_array.rows[8].cols[14].u_pe.weight, rval = 8'00000000).
Adding EN signal on $auto$ff.cc:337:slice$4504 ($sdff) from module top (D = \weight_in_flat [1143:1136], Q = \u_array.rows[8].cols[14].u_pe.weight).
Adding SRST signal on $driver$u_array.rows[5].cols[1].u_pe.weight ($dff) from module top (D = $procmux$2617_Y, Q = \u_array.rows[5].cols[1].u_pe.weight, rval = 8'00000000).
Adding EN signal on $auto$ff.cc:337:slice$4506 ($sdff) from module top (D = \weight_in_flat [655:648], Q = \u_array.rows[5].cols[1].u_pe.weight).
Adding SRST signal on $driver$u_array.rows[5].cols[1].u_pe.act_out ($dff) from module top (D = \u_array.rows[5].cols[0].u_pe.act_out, Q = \u_array.rows[5].cols[1].u_pe.act_out, rval = 8'00000000).
Adding SRST signal on $driver$u_array.rows[5].cols[1].u_pe.psum_out ($dff) from module top (D = $1753y, Q = \u_array.rows[5].cols[1].u_pe.psum_out, rval = 0).
Adding SRST signal on $driver$u_array.rows[14].cols[1].u_pe.weight ($dff) from module top (D = $procmux$457_Y, Q = \u_array.rows[14].cols[1].u_pe.weight, rval = 8'00000000).
Adding EN signal on $auto$ff.cc:337:slice$4510 ($sdff) from module top (D = \weight_in_flat [1807:1800], Q = \u_array.rows[14].cols[1].u_pe.weight).
Adding SRST signal on $driver$u_array.rows[14].cols[1].u_pe.act_out ($dff) from module top (D = \u_array.rows[14].cols[0].u_pe.act_out, Q = \u_array.rows[14].cols[1].u_pe.act_out, rval = 8'00000000).
Adding SRST signal on $driver$u_array.rows[14].cols[1].u_pe.psum_out ($dff) from module top (D = $4345y, Q = \u_array.rows[14].cols[1].u_pe.psum_out, rval = 0).
Adding SRST signal on $driver$u_array.rows[5].cols[2].u_pe.weight ($dff) from module top (D = $procmux$2602_Y, Q = \u_array.rows[5].cols[2].u_pe.weight, rval = 8'00000000).
Adding EN signal on $auto$ff.cc:337:slice$4514 ($sdff) from module top (D = \weight_in_flat [663:656], Q = \u_array.rows[5].cols[2].u_pe.weight).
Adding SRST signal on $driver$u_array.rows[5].cols[2].u_pe.act_out ($dff) from module top (D = \u_array.rows[5].cols[1].u_pe.act_out, Q = \u_array.rows[5].cols[2].u_pe.act_out, rval = 8'00000000).
Adding SRST signal on $driver$u_array.rows[5].cols[2].u_pe.psum_out ($dff) from module top (D = $1771y, Q = \u_array.rows[5].cols[2].u_pe.psum_out, rval = 0).
Adding SRST signal on $driver$u_array.rows[8].cols[14].u_pe.act_out ($dff) from module top (D = \u_array.rows[8].cols[13].u_pe.act_out, Q = \u_array.rows[8].cols[14].u_pe.act_out, rval = 8'00000000).
Adding SRST signal on $driver$u_array.rows[5].cols[3].u_pe.weight ($dff) from module top (D = $procmux$2587_Y, Q = \u_array.rows[5].cols[3].u_pe.weight, rval = 8'00000000).
Adding EN signal on $auto$ff.cc:337:slice$4519 ($sdff) from module top (D = \weight_in_flat [671:664], Q = \u_array.rows[5].cols[3].u_pe.weight).
Adding SRST signal on $driver$u_array.rows[5].cols[3].u_pe.act_out ($dff) from module top (D = \u_array.rows[5].cols[2].u_pe.act_out, Q = \u_array.rows[5].cols[3].u_pe.act_out, rval = 8'00000000).
Adding SRST signal on $driver$u_array.rows[5].cols[3].u_pe.psum_out ($dff) from module top (D = $1789y, Q = \u_array.rows[5].cols[3].u_pe.psum_out, rval = 0).
Adding SRST signal on $driver$u_array.rows[14].cols[2].u_pe.weight ($dff) from module top (D = $procmux$442_Y, Q = \u_array.rows[14].cols[2].u_pe.weight, rval = 8'00000000).
Adding EN signal on $auto$ff.cc:337:slice$4523 ($sdff) from module top (D = \weight_in_flat [1815:1808], Q = \u_array.rows[14].cols[2].u_pe.weight).
Adding SRST signal on $driver$u_array.rows[14].cols[2].u_pe.act_out ($dff) from module top (D = \u_array.rows[14].cols[1].u_pe.act_out, Q = \u_array.rows[14].cols[2].u_pe.act_out, rval = 8'00000000).
Adding SRST signal on $driver$u_array.rows[14].cols[2].u_pe.psum_out ($dff) from module top (D = $4363y, Q = \u_array.rows[14].cols[2].u_pe.psum_out, rval = 0).
Adding SRST signal on $driver$u_array.rows[8].cols[14].u_pe.psum_out ($dff) from module top (D = $2851y, Q = \u_array.rows[8].cols[14].u_pe.psum_out, rval = 0).
Adding SRST signal on $driver$u_array.rows[5].cols[4].u_pe.weight ($dff) from module top (D = $procmux$2572_Y, Q = \u_array.rows[5].cols[4].u_pe.weight, rval = 8'00000000).
Adding EN signal on $auto$ff.cc:337:slice$4528 ($sdff) from module top (D = \weight_in_flat [679:672], Q = \u_array.rows[5].cols[4].u_pe.weight).
Adding SRST signal on $driver$u_array.rows[5].cols[4].u_pe.act_out ($dff) from module top (D = \u_array.rows[5].cols[3].u_pe.act_out, Q = \u_array.rows[5].cols[4].u_pe.act_out, rval = 8'00000000).
Adding SRST signal on $driver$u_array.rows[5].cols[4].u_pe.psum_out ($dff) from module top (D = $1807y, Q = \u_array.rows[5].cols[4].u_pe.psum_out, rval = 0).
Adding SRST signal on $driver$u_array.rows[9].cols[4].u_pe.psum_out ($dff) from module top (D = $2959y, Q = \u_array.rows[9].cols[4].u_pe.psum_out, rval = 0).
Adding SRST signal on $driver$u_array.rows[14].cols[3].u_pe.weight ($dff) from module top (D = $procmux$427_Y, Q = \u_array.rows[14].cols[3].u_pe.weight, rval = 8'00000000).
Adding EN signal on $auto$ff.cc:337:slice$4533 ($sdff) from module top (D = \weight_in_flat [1823:1816], Q = \u_array.rows[14].cols[3].u_pe.weight).
Adding SRST signal on $driver$u_array.rows[14].cols[3].u_pe.act_out ($dff) from module top (D = \u_array.rows[14].cols[2].u_pe.act_out, Q = \u_array.rows[14].cols[3].u_pe.act_out, rval = 8'00000000).
Adding SRST signal on $driver$u_array.rows[14].cols[3].u_pe.psum_out ($dff) from module top (D = $4381y, Q = \u_array.rows[14].cols[3].u_pe.psum_out, rval = 0).
Adding SRST signal on $driver$u_array.rows[5].cols[5].u_pe.weight ($dff) from module top (D = $procmux$2557_Y, Q = \u_array.rows[5].cols[5].u_pe.weight, rval = 8'00000000).
Adding EN signal on $auto$ff.cc:337:slice$4537 ($sdff) from module top (D = \weight_in_flat [687:680], Q = \u_array.rows[5].cols[5].u_pe.weight).
Adding SRST signal on $driver$u_array.rows[5].cols[5].u_pe.act_out ($dff) from module top (D = \u_array.rows[5].cols[4].u_pe.act_out, Q = \u_array.rows[5].cols[5].u_pe.act_out, rval = 8'00000000).
Adding SRST signal on $driver$u_array.rows[5].cols[5].u_pe.psum_out ($dff) from module top (D = $1825y, Q = \u_array.rows[5].cols[5].u_pe.psum_out, rval = 0).
Adding SRST signal on $driver$u_array.rows[5].cols[6].u_pe.weight ($dff) from module top (D = $procmux$2542_Y, Q = \u_array.rows[5].cols[6].u_pe.weight, rval = 8'00000000).
Adding EN signal on $auto$ff.cc:337:slice$4541 ($sdff) from module top (D = \weight_in_flat [695:688], Q = \u_array.rows[5].cols[6].u_pe.weight).
Adding SRST signal on $driver$u_array.rows[5].cols[6].u_pe.act_out ($dff) from module top (D = \u_array.rows[5].cols[5].u_pe.act_out, Q = \u_array.rows[5].cols[6].u_pe.act_out, rval = 8'00000000).
Adding SRST signal on $driver$u_array.rows[5].cols[6].u_pe.psum_out ($dff) from module top (D = $1843y, Q = \u_array.rows[5].cols[6].u_pe.psum_out, rval = 0).
Adding SRST signal on $driver$u_array.rows[14].cols[4].u_pe.weight ($dff) from module top (D = $procmux$412_Y, Q = \u_array.rows[14].cols[4].u_pe.weight, rval = 8'00000000).
Adding EN signal on $auto$ff.cc:337:slice$4545 ($sdff) from module top (D = \weight_in_flat [1831:1824], Q = \u_array.rows[14].cols[4].u_pe.weight).
Adding SRST signal on $driver$u_array.rows[14].cols[4].u_pe.act_out ($dff) from module top (D = \u_array.rows[14].cols[3].u_pe.act_out, Q = \u_array.rows[14].cols[4].u_pe.act_out, rval = 8'00000000).
Adding SRST signal on $driver$u_array.rows[14].cols[4].u_pe.psum_out ($dff) from module top (D = $4399y, Q = \u_array.rows[14].cols[4].u_pe.psum_out, rval = 0).
Adding SRST signal on $driver$u_array.rows[5].cols[7].u_pe.weight ($dff) from module top (D = $procmux$2527_Y, Q = \u_array.rows[5].cols[7].u_pe.weight, rval = 8'00000000).
Adding EN signal on $auto$ff.cc:337:slice$4549 ($sdff) from module top (D = \weight_in_flat [703:696], Q = \u_array.rows[5].cols[7].u_pe.weight).
Adding SRST signal on $driver$u_array.rows[5].cols[7].u_pe.act_out ($dff) from module top (D = \u_array.rows[5].cols[6].u_pe.act_out, Q = \u_array.rows[5].cols[7].u_pe.act_out, rval = 8'00000000).
Adding SRST signal on $driver$u_array.rows[5].cols[7].u_pe.psum_out ($dff) from module top (D = $1861y, Q = \u_array.rows[5].cols[7].u_pe.psum_out, rval = 0).
Adding SRST signal on $driver$u_array.rows[14].cols[5].u_pe.weight ($dff) from module top (D = $procmux$397_Y, Q = \u_array.rows[14].cols[5].u_pe.weight, rval = 8'00000000).
Adding EN signal on $auto$ff.cc:337:slice$4553 ($sdff) from module top (D = \weight_in_flat [1839:1832], Q = \u_array.rows[14].cols[5].u_pe.weight).
Adding SRST signal on $driver$u_array.rows[14].cols[5].u_pe.act_out ($dff) from module top (D = \u_array.rows[14].cols[4].u_pe.act_out, Q = \u_array.rows[14].cols[5].u_pe.act_out, rval = 8'00000000).
Adding SRST signal on $driver$u_array.rows[14].cols[5].u_pe.psum_out ($dff) from module top (D = $4417y, Q = \u_array.rows[14].cols[5].u_pe.psum_out, rval = 0).
Adding SRST signal on $driver$u_array.rows[5].cols[8].u_pe.weight ($dff) from module top (D = $procmux$2512_Y, Q = \u_array.rows[5].cols[8].u_pe.weight, rval = 8'00000000).
Adding EN signal on $auto$ff.cc:337:slice$4557 ($sdff) from module top (D = \weight_in_flat [711:704], Q = \u_array.rows[5].cols[8].u_pe.weight).
Adding SRST signal on $driver$u_array.rows[5].cols[8].u_pe.act_out ($dff) from module top (D = \u_array.rows[5].cols[7].u_pe.act_out, Q = \u_array.rows[5].cols[8].u_pe.act_out, rval = 8'00000000).
Adding SRST signal on $driver$u_array.rows[5].cols[8].u_pe.psum_out ($dff) from module top (D = $1879y, Q = \u_array.rows[5].cols[8].u_pe.psum_out, rval = 0).
Adding SRST signal on $driver$u_array.rows[5].cols[9].u_pe.weight ($dff) from module top (D = $procmux$2497_Y, Q = \u_array.rows[5].cols[9].u_pe.weight, rval = 8'00000000).
Adding EN signal on $auto$ff.cc:337:slice$4561 ($sdff) from module top (D = \weight_in_flat [719:712], Q = \u_array.rows[5].cols[9].u_pe.weight).
Adding SRST signal on $driver$u_array.rows[5].cols[9].u_pe.act_out ($dff) from module top (D = \u_array.rows[5].cols[8].u_pe.act_out, Q = \u_array.rows[5].cols[9].u_pe.act_out, rval = 8'00000000).
Adding SRST signal on $driver$u_array.rows[5].cols[9].u_pe.psum_out ($dff) from module top (D = $1897y, Q = \u_array.rows[5].cols[9].u_pe.psum_out, rval = 0).
Adding SRST signal on $driver$u_array.rows[14].cols[6].u_pe.weight ($dff) from module top (D = $procmux$382_Y, Q = \u_array.rows[14].cols[6].u_pe.weight, rval = 8'00000000).
Adding EN signal on $auto$ff.cc:337:slice$4565 ($sdff) from module top (D = \weight_in_flat [1847:1840], Q = \u_array.rows[14].cols[6].u_pe.weight).
Adding SRST signal on $driver$u_array.rows[14].cols[6].u_pe.act_out ($dff) from module top (D = \u_array.rows[14].cols[5].u_pe.act_out, Q = \u_array.rows[14].cols[6].u_pe.act_out, rval = 8'00000000).
Adding SRST signal on $driver$u_array.rows[14].cols[6].u_pe.psum_out ($dff) from module top (D = $4435y, Q = \u_array.rows[14].cols[6].u_pe.psum_out, rval = 0).
Adding SRST signal on $driver$u_array.rows[5].cols[10].u_pe.weight ($dff) from module top (D = $procmux$2482_Y, Q = \u_array.rows[5].cols[10].u_pe.weight, rval = 8'00000000).
Adding EN signal on $auto$ff.cc:337:slice$4569 ($sdff) from module top (D = \weight_in_flat [727:720], Q = \u_array.rows[5].cols[10].u_pe.weight).
Adding SRST signal on $driver$u_array.rows[5].cols[10].u_pe.act_out ($dff) from module top (D = \u_array.rows[5].cols[9].u_pe.act_out, Q = \u_array.rows[5].cols[10].u_pe.act_out, rval = 8'00000000).
Adding SRST signal on $driver$u_array.rows[5].cols[10].u_pe.psum_out ($dff) from module top (D = $1915y, Q = \u_array.rows[5].cols[10].u_pe.psum_out, rval = 0).
Adding SRST signal on $driver$u_array.rows[14].cols[7].u_pe.weight ($dff) from module top (D = $procmux$367_Y, Q = \u_array.rows[14].cols[7].u_pe.weight, rval = 8'00000000).
Adding EN signal on $auto$ff.cc:337:slice$4573 ($sdff) from module top (D = \weight_in_flat [1855:1848], Q = \u_array.rows[14].cols[7].u_pe.weight).
Adding SRST signal on $driver$u_array.rows[14].cols[7].u_pe.act_out ($dff) from module top (D = \u_array.rows[14].cols[6].u_pe.act_out, Q = \u_array.rows[14].cols[7].u_pe.act_out, rval = 8'00000000).
Adding SRST signal on $driver$u_array.rows[14].cols[7].u_pe.psum_out ($dff) from module top (D = $4453y, Q = \u_array.rows[14].cols[7].u_pe.psum_out, rval = 0).
Adding SRST signal on $driver$u_array.rows[5].cols[11].u_pe.weight ($dff) from module top (D = $procmux$2467_Y, Q = \u_array.rows[5].cols[11].u_pe.weight, rval = 8'00000000).
Adding EN signal on $auto$ff.cc:337:slice$4577 ($sdff) from module top (D = \weight_in_flat [735:728], Q = \u_array.rows[5].cols[11].u_pe.weight).
Adding SRST signal on $driver$u_array.rows[5].cols[11].u_pe.act_out ($dff) from module top (D = \u_array.rows[5].cols[10].u_pe.act_out, Q = \u_array.rows[5].cols[11].u_pe.act_out, rval = 8'00000000).
Adding SRST signal on $driver$u_array.rows[5].cols[11].u_pe.psum_out ($dff) from module top (D = $1933y, Q = \u_array.rows[5].cols[11].u_pe.psum_out, rval = 0).
Adding SRST signal on $driver$u_array.rows[8].cols[15].u_pe.weight ($dff) from module top (D = $procmux$1687_Y, Q = \u_array.rows[8].cols[15].u_pe.weight, rval = 8'00000000).
Adding EN signal on $auto$ff.cc:337:slice$4581 ($sdff) from module top (D = \weight_in_flat [1151:1144], Q = \u_array.rows[8].cols[15].u_pe.weight).
Adding SRST signal on $driver$u_array.rows[5].cols[12].u_pe.weight ($dff) from module top (D = $procmux$2452_Y, Q = \u_array.rows[5].cols[12].u_pe.weight, rval = 8'00000000).
Adding EN signal on $auto$ff.cc:337:slice$4583 ($sdff) from module top (D = \weight_in_flat [743:736], Q = \u_array.rows[5].cols[12].u_pe.weight).
Adding SRST signal on $driver$u_array.rows[5].cols[12].u_pe.act_out ($dff) from module top (D = \u_array.rows[5].cols[11].u_pe.act_out, Q = \u_array.rows[5].cols[12].u_pe.act_out, rval = 8'00000000).
Adding SRST signal on $driver$u_array.rows[5].cols[12].u_pe.psum_out ($dff) from module top (D = $1951y, Q = \u_array.rows[5].cols[12].u_pe.psum_out, rval = 0).
Adding SRST signal on $driver$u_array.rows[14].cols[8].u_pe.weight ($dff) from module top (D = $procmux$352_Y, Q = \u_array.rows[14].cols[8].u_pe.weight, rval = 8'00000000).
Adding EN signal on $auto$ff.cc:337:slice$4587 ($sdff) from module top (D = \weight_in_flat [1863:1856], Q = \u_array.rows[14].cols[8].u_pe.weight).
Adding SRST signal on $driver$u_array.rows[14].cols[8].u_pe.act_out ($dff) from module top (D = \u_array.rows[14].cols[7].u_pe.act_out, Q = \u_array.rows[14].cols[8].u_pe.act_out, rval = 8'00000000).
Adding SRST signal on $driver$u_array.rows[14].cols[8].u_pe.psum_out ($dff) from module top (D = $4471y, Q = \u_array.rows[14].cols[8].u_pe.psum_out, rval = 0).
Adding SRST signal on $driver$u_array.rows[5].cols[13].u_pe.weight ($dff) from module top (D = $procmux$2437_Y, Q = \u_array.rows[5].cols[13].u_pe.weight, rval = 8'00000000).
Adding EN signal on $auto$ff.cc:337:slice$4591 ($sdff) from module top (D = \weight_in_flat [751:744], Q = \u_array.rows[5].cols[13].u_pe.weight).
Adding SRST signal on $driver$u_array.rows[5].cols[13].u_pe.act_out ($dff) from module top (D = \u_array.rows[5].cols[12].u_pe.act_out, Q = \u_array.rows[5].cols[13].u_pe.act_out, rval = 8'00000000).
Adding SRST signal on $driver$u_array.rows[5].cols[13].u_pe.psum_out ($dff) from module top (D = $1969y, Q = \u_array.rows[5].cols[13].u_pe.psum_out, rval = 0).
Adding SRST signal on $driver$u_array.rows[14].cols[9].u_pe.weight ($dff) from module top (D = $procmux$337_Y, Q = \u_array.rows[14].cols[9].u_pe.weight, rval = 8'00000000).
Adding EN signal on $auto$ff.cc:337:slice$4595 ($sdff) from module top (D = \weight_in_flat [1871:1864], Q = \u_array.rows[14].cols[9].u_pe.weight).
Adding SRST signal on $driver$u_array.rows[14].cols[9].u_pe.act_out ($dff) from module top (D = \u_array.rows[14].cols[8].u_pe.act_out, Q = \u_array.rows[14].cols[9].u_pe.act_out, rval = 8'00000000).
Adding SRST signal on $driver$u_array.rows[14].cols[9].u_pe.psum_out ($dff) from module top (D = $4489y, Q = \u_array.rows[14].cols[9].u_pe.psum_out, rval = 0).
Adding SRST signal on $driver$u_array.rows[5].cols[14].u_pe.weight ($dff) from module top (D = $procmux$2422_Y, Q = \u_array.rows[5].cols[14].u_pe.weight, rval = 8'00000000).
Adding EN signal on $auto$ff.cc:337:slice$4599 ($sdff) from module top (D = \weight_in_flat [759:752], Q = \u_array.rows[5].cols[14].u_pe.weight).
Adding SRST signal on $driver$u_array.rows[5].cols[14].u_pe.act_out ($dff) from module top (D = \u_array.rows[5].cols[13].u_pe.act_out, Q = \u_array.rows[5].cols[14].u_pe.act_out, rval = 8'00000000).
Adding SRST signal on $driver$u_array.rows[5].cols[14].u_pe.psum_out ($dff) from module top (D = $1987y, Q = \u_array.rows[5].cols[14].u_pe.psum_out, rval = 0).
Adding SRST signal on $driver$u_array.rows[8].cols[15].u_pe.psum_out ($dff) from module top (D = $2869y, Q = \u_array.rows[8].cols[15].u_pe.psum_out, rval = 0).
Adding SRST signal on $driver$u_array.rows[5].cols[15].u_pe.weight ($dff) from module top (D = $procmux$2407_Y, Q = \u_array.rows[5].cols[15].u_pe.weight, rval = 8'00000000).
Adding EN signal on $auto$ff.cc:337:slice$4604 ($sdff) from module top (D = \weight_in_flat [767:760], Q = \u_array.rows[5].cols[15].u_pe.weight).
Adding SRST signal on $driver$u_array.rows[5].cols[15].u_pe.psum_out ($dff) from module top (D = $2005y, Q = \u_array.rows[5].cols[15].u_pe.psum_out, rval = 0).
Adding SRST signal on $driver$u_array.rows[14].cols[10].u_pe.weight ($dff) from module top (D = $procmux$322_Y, Q = \u_array.rows[14].cols[10].u_pe.weight, rval = 8'00000000).
Adding EN signal on $auto$ff.cc:337:slice$4607 ($sdff) from module top (D = \weight_in_flat [1879:1872], Q = \u_array.rows[14].cols[10].u_pe.weight).
Adding SRST signal on $driver$u_array.rows[14].cols[10].u_pe.act_out ($dff) from module top (D = \u_array.rows[14].cols[9].u_pe.act_out, Q = \u_array.rows[14].cols[10].u_pe.act_out, rval = 8'00000000).
Adding SRST signal on $driver$u_array.rows[14].cols[10].u_pe.psum_out ($dff) from module top (D = $4507y, Q = \u_array.rows[14].cols[10].u_pe.psum_out, rval = 0).
Adding SRST signal on $driver$u_array.rows[6].cols[0].u_pe.weight ($dff) from module top (D = $procmux$2392_Y, Q = \u_array.rows[6].cols[0].u_pe.weight, rval = 8'00000000).
Adding EN signal on $auto$ff.cc:337:slice$4611 ($sdff) from module top (D = \weight_in_flat [775:768], Q = \u_array.rows[6].cols[0].u_pe.weight).
Adding SRST signal on $driver$u_array.rows[6].cols[0].u_pe.act_out ($dff) from module top (D = \act_in_flat [55:48], Q = \u_array.rows[6].cols[0].u_pe.act_out, rval = 8'00000000).
Adding SRST signal on $driver$u_array.rows[6].cols[0].u_pe.psum_out ($dff) from module top (D = $2023y, Q = \u_array.rows[6].cols[0].u_pe.psum_out, rval = 0).
Adding SRST signal on $driver$u_array.rows[14].cols[11].u_pe.weight ($dff) from module top (D = $procmux$307_Y, Q = \u_array.rows[14].cols[11].u_pe.weight, rval = 8'00000000).
Adding EN signal on $auto$ff.cc:337:slice$4615 ($sdff) from module top (D = \weight_in_flat [1887:1880], Q = \u_array.rows[14].cols[11].u_pe.weight).
Adding SRST signal on $driver$u_array.rows[14].cols[11].u_pe.act_out ($dff) from module top (D = \u_array.rows[14].cols[10].u_pe.act_out, Q = \u_array.rows[14].cols[11].u_pe.act_out, rval = 8'00000000).
Adding SRST signal on $driver$u_array.rows[14].cols[11].u_pe.psum_out ($dff) from module top (D = $4525y, Q = \u_array.rows[14].cols[11].u_pe.psum_out, rval = 0).
Adding SRST signal on $driver$u_array.rows[6].cols[1].u_pe.weight ($dff) from module top (D = $procmux$2377_Y, Q = \u_array.rows[6].cols[1].u_pe.weight, rval = 8'00000000).
Adding EN signal on $auto$ff.cc:337:slice$4619 ($sdff) from module top (D = \weight_in_flat [783:776], Q = \u_array.rows[6].cols[1].u_pe.weight).
Adding SRST signal on $driver$u_array.rows[6].cols[1].u_pe.act_out ($dff) from module top (D = \u_array.rows[6].cols[0].u_pe.act_out, Q = \u_array.rows[6].cols[1].u_pe.act_out, rval = 8'00000000).
Adding SRST signal on $driver$u_array.rows[6].cols[1].u_pe.psum_out ($dff) from module top (D = $2041y, Q = \u_array.rows[6].cols[1].u_pe.psum_out, rval = 0).
Adding SRST signal on $driver$u_array.rows[6].cols[2].u_pe.weight ($dff) from module top (D = $procmux$2362_Y, Q = \u_array.rows[6].cols[2].u_pe.weight, rval = 8'00000000).
Adding EN signal on $auto$ff.cc:337:slice$4623 ($sdff) from module top (D = \weight_in_flat [791:784], Q = \u_array.rows[6].cols[2].u_pe.weight).
Adding SRST signal on $driver$u_array.rows[6].cols[2].u_pe.act_out ($dff) from module top (D = \u_array.rows[6].cols[1].u_pe.act_out, Q = \u_array.rows[6].cols[2].u_pe.act_out, rval = 8'00000000).
Adding SRST signal on $driver$u_array.rows[6].cols[2].u_pe.psum_out ($dff) from module top (D = $2059y, Q = \u_array.rows[6].cols[2].u_pe.psum_out, rval = 0).
Adding SRST signal on $driver$u_array.rows[14].cols[12].u_pe.weight ($dff) from module top (D = $procmux$292_Y, Q = \u_array.rows[14].cols[12].u_pe.weight, rval = 8'00000000).
Adding EN signal on $auto$ff.cc:337:slice$4627 ($sdff) from module top (D = \weight_in_flat [1895:1888], Q = \u_array.rows[14].cols[12].u_pe.weight).
Adding SRST signal on $driver$u_array.rows[14].cols[12].u_pe.act_out ($dff) from module top (D = \u_array.rows[14].cols[11].u_pe.act_out, Q = \u_array.rows[14].cols[12].u_pe.act_out, rval = 8'00000000).
Adding SRST signal on $driver$u_array.rows[14].cols[12].u_pe.psum_out ($dff) from module top (D = $4543y, Q = \u_array.rows[14].cols[12].u_pe.psum_out, rval = 0).
Adding SRST signal on $driver$u_array.rows[6].cols[3].u_pe.weight ($dff) from module top (D = $procmux$2347_Y, Q = \u_array.rows[6].cols[3].u_pe.weight, rval = 8'00000000).
Adding EN signal on $auto$ff.cc:337:slice$4631 ($sdff) from module top (D = \weight_in_flat [799:792], Q = \u_array.rows[6].cols[3].u_pe.weight).
Adding SRST signal on $driver$u_array.rows[6].cols[3].u_pe.act_out ($dff) from module top (D = \u_array.rows[6].cols[2].u_pe.act_out, Q = \u_array.rows[6].cols[3].u_pe.act_out, rval = 8'00000000).
Adding SRST signal on $driver$u_array.rows[6].cols[3].u_pe.psum_out ($dff) from module top (D = $2077y, Q = \u_array.rows[6].cols[3].u_pe.psum_out, rval = 0).
Adding SRST signal on $driver$u_array.rows[14].cols[13].u_pe.weight ($dff) from module top (D = $procmux$277_Y, Q = \u_array.rows[14].cols[13].u_pe.weight, rval = 8'00000000).
Adding EN signal on $auto$ff.cc:337:slice$4635 ($sdff) from module top (D = \weight_in_flat [1903:1896], Q = \u_array.rows[14].cols[13].u_pe.weight).
Adding SRST signal on $driver$u_array.rows[14].cols[13].u_pe.act_out ($dff) from module top (D = \u_array.rows[14].cols[12].u_pe.act_out, Q = \u_array.rows[14].cols[13].u_pe.act_out, rval = 8'00000000).
Adding SRST signal on $driver$u_array.rows[14].cols[13].u_pe.psum_out ($dff) from module top (D = $4561y, Q = \u_array.rows[14].cols[13].u_pe.psum_out, rval = 0).
Adding SRST signal on $driver$u_array.rows[6].cols[4].u_pe.weight ($dff) from module top (D = $procmux$2332_Y, Q = \u_array.rows[6].cols[4].u_pe.weight, rval = 8'00000000).
Adding EN signal on $auto$ff.cc:337:slice$4639 ($sdff) from module top (D = \weight_in_flat [807:800], Q = \u_array.rows[6].cols[4].u_pe.weight).
Adding SRST signal on $driver$u_array.rows[6].cols[4].u_pe.act_out ($dff) from module top (D = \u_array.rows[6].cols[3].u_pe.act_out, Q = \u_array.rows[6].cols[4].u_pe.act_out, rval = 8'00000000).
Adding SRST signal on $driver$u_array.rows[6].cols[4].u_pe.psum_out ($dff) from module top (D = $2095y, Q = \u_array.rows[6].cols[4].u_pe.psum_out, rval = 0).
Adding SRST signal on $driver$u_array.rows[6].cols[5].u_pe.weight ($dff) from module top (D = $procmux$2317_Y, Q = \u_array.rows[6].cols[5].u_pe.weight, rval = 8'00000000).
Adding EN signal on $auto$ff.cc:337:slice$4643 ($sdff) from module top (D = \weight_in_flat [815:808], Q = \u_array.rows[6].cols[5].u_pe.weight).
Adding SRST signal on $driver$u_array.rows[6].cols[5].u_pe.act_out ($dff) from module top (D = \u_array.rows[6].cols[4].u_pe.act_out, Q = \u_array.rows[6].cols[5].u_pe.act_out, rval = 8'00000000).
Adding SRST signal on $driver$u_array.rows[6].cols[5].u_pe.psum_out ($dff) from module top (D = $2113y, Q = \u_array.rows[6].cols[5].u_pe.psum_out, rval = 0).
Adding SRST signal on $driver$u_array.rows[14].cols[14].u_pe.weight ($dff) from module top (D = $procmux$262_Y, Q = \u_array.rows[14].cols[14].u_pe.weight, rval = 8'00000000).
Adding EN signal on $auto$ff.cc:337:slice$4647 ($sdff) from module top (D = \weight_in_flat [1911:1904], Q = \u_array.rows[14].cols[14].u_pe.weight).
Adding SRST signal on $driver$u_array.rows[14].cols[14].u_pe.act_out ($dff) from module top (D = \u_array.rows[14].cols[13].u_pe.act_out, Q = \u_array.rows[14].cols[14].u_pe.act_out, rval = 8'00000000).
Adding SRST signal on $driver$u_array.rows[14].cols[14].u_pe.psum_out ($dff) from module top (D = $4579y, Q = \u_array.rows[14].cols[14].u_pe.psum_out, rval = 0).
Adding SRST signal on $driver$u_array.rows[6].cols[6].u_pe.weight ($dff) from module top (D = $procmux$2302_Y, Q = \u_array.rows[6].cols[6].u_pe.weight, rval = 8'00000000).
Adding EN signal on $auto$ff.cc:337:slice$4651 ($sdff) from module top (D = \weight_in_flat [823:816], Q = \u_array.rows[6].cols[6].u_pe.weight).
Adding SRST signal on $driver$u_array.rows[6].cols[6].u_pe.act_out ($dff) from module top (D = \u_array.rows[6].cols[5].u_pe.act_out, Q = \u_array.rows[6].cols[6].u_pe.act_out, rval = 8'00000000).
Adding SRST signal on $driver$u_array.rows[6].cols[6].u_pe.psum_out ($dff) from module top (D = $2131y, Q = \u_array.rows[6].cols[6].u_pe.psum_out, rval = 0).
Adding SRST signal on $driver$u_array.rows[9].cols[0].u_pe.weight ($dff) from module top (D = $procmux$1672_Y, Q = \u_array.rows[9].cols[0].u_pe.weight, rval = 8'00000000).
Adding EN signal on $auto$ff.cc:337:slice$4655 ($sdff) from module top (D = \weight_in_flat [1159:1152], Q = \u_array.rows[9].cols[0].u_pe.weight).
Adding SRST signal on $driver$u_array.rows[14].cols[15].u_pe.weight ($dff) from module top (D = $procmux$247_Y, Q = \u_array.rows[14].cols[15].u_pe.weight, rval = 8'00000000).
Adding EN signal on $auto$ff.cc:337:slice$4657 ($sdff) from module top (D = \weight_in_flat [1919:1912], Q = \u_array.rows[14].cols[15].u_pe.weight).
Adding SRST signal on $driver$u_array.rows[14].cols[15].u_pe.psum_out ($dff) from module top (D = $4597y, Q = \u_array.rows[14].cols[15].u_pe.psum_out, rval = 0).
Adding SRST signal on $driver$u_array.rows[6].cols[7].u_pe.weight ($dff) from module top (D = $procmux$2287_Y, Q = \u_array.rows[6].cols[7].u_pe.weight, rval = 8'00000000).
Adding EN signal on $auto$ff.cc:337:slice$4660 ($sdff) from module top (D = \weight_in_flat [831:824], Q = \u_array.rows[6].cols[7].u_pe.weight).
Adding SRST signal on $driver$u_array.rows[6].cols[7].u_pe.act_out ($dff) from module top (D = \u_array.rows[6].cols[6].u_pe.act_out, Q = \u_array.rows[6].cols[7].u_pe.act_out, rval = 8'00000000).
Adding SRST signal on $driver$u_array.rows[6].cols[7].u_pe.psum_out ($dff) from module top (D = $2149y, Q = \u_array.rows[6].cols[7].u_pe.psum_out, rval = 0).
Adding SRST signal on $driver$u_array.rows[9].cols[0].u_pe.act_out ($dff) from module top (D = \act_in_flat [79:72], Q = \u_array.rows[9].cols[0].u_pe.act_out, rval = 8'00000000).
Adding SRST signal on $driver$u_array.rows[6].cols[8].u_pe.weight ($dff) from module top (D = $procmux$2272_Y, Q = \u_array.rows[6].cols[8].u_pe.weight, rval = 8'00000000).
Adding EN signal on $auto$ff.cc:337:slice$4665 ($sdff) from module top (D = \weight_in_flat [839:832], Q = \u_array.rows[6].cols[8].u_pe.weight).
Adding SRST signal on $driver$u_array.rows[6].cols[8].u_pe.act_out ($dff) from module top (D = \u_array.rows[6].cols[7].u_pe.act_out, Q = \u_array.rows[6].cols[8].u_pe.act_out, rval = 8'00000000).
Adding SRST signal on $driver$u_array.rows[6].cols[8].u_pe.psum_out ($dff) from module top (D = $2167y, Q = \u_array.rows[6].cols[8].u_pe.psum_out, rval = 0).
Adding SRST signal on $driver$u_array.rows[15].cols[0].u_pe.weight ($dff) from module top (D = $procmux$232_Y, Q = \u_array.rows[15].cols[0].u_pe.weight, rval = 8'00000000).
Adding EN signal on $auto$ff.cc:337:slice$4669 ($sdff) from module top (D = \weight_in_flat [1927:1920], Q = \u_array.rows[15].cols[0].u_pe.weight).
Adding SRST signal on $driver$u_array.rows[15].cols[0].u_pe.act_out ($dff) from module top (D = \act_in_flat [127:120], Q = \u_array.rows[15].cols[0].u_pe.act_out, rval = 8'00000000).
Adding SRST signal on $driver$u_array.rows[15].cols[0].u_pe.psum_out ($dff) from module top (D = $4615y, Q = \u_array.rows[15].cols[0].u_pe.psum_out, rval = 0).
Adding SRST signal on $driver$u_array.rows[9].cols[0].u_pe.psum_out ($dff) from module top (D = $2887y, Q = \u_array.rows[9].cols[0].u_pe.psum_out, rval = 0).
Adding SRST signal on $driver$u_array.rows[6].cols[9].u_pe.weight ($dff) from module top (D = $procmux$2257_Y, Q = \u_array.rows[6].cols[9].u_pe.weight, rval = 8'00000000).
Adding EN signal on $auto$ff.cc:337:slice$4674 ($sdff) from module top (D = \weight_in_flat [847:840], Q = \u_array.rows[6].cols[9].u_pe.weight).
Adding SRST signal on $driver$u_array.rows[6].cols[9].u_pe.act_out ($dff) from module top (D = \u_array.rows[6].cols[8].u_pe.act_out, Q = \u_array.rows[6].cols[9].u_pe.act_out, rval = 8'00000000).
Adding SRST signal on $driver$u_array.rows[6].cols[9].u_pe.psum_out ($dff) from module top (D = $2185y, Q = \u_array.rows[6].cols[9].u_pe.psum_out, rval = 0).
Adding SRST signal on $driver$u_array.rows[15].cols[1].u_pe.weight ($dff) from module top (D = $procmux$217_Y, Q = \u_array.rows[15].cols[1].u_pe.weight, rval = 8'00000000).
Adding EN signal on $auto$ff.cc:337:slice$4678 ($sdff) from module top (D = \weight_in_flat [1935:1928], Q = \u_array.rows[15].cols[1].u_pe.weight).
Adding SRST signal on $driver$u_array.rows[15].cols[1].u_pe.act_out ($dff) from module top (D = \u_array.rows[15].cols[0].u_pe.act_out, Q = \u_array.rows[15].cols[1].u_pe.act_out, rval = 8'00000000).
Adding SRST signal on $driver$u_array.rows[15].cols[1].u_pe.psum_out ($dff) from module top (D = $4633y, Q = \u_array.rows[15].cols[1].u_pe.psum_out, rval = 0).
Adding SRST signal on $driver$u_array.rows[6].cols[10].u_pe.weight ($dff) from module top (D = $procmux$2242_Y, Q = \u_array.rows[6].cols[10].u_pe.weight, rval = 8'00000000).
Adding EN signal on $auto$ff.cc:337:slice$4682 ($sdff) from module top (D = \weight_in_flat [855:848], Q = \u_array.rows[6].cols[10].u_pe.weight).
Adding SRST signal on $driver$u_array.rows[6].cols[10].u_pe.act_out ($dff) from module top (D = \u_array.rows[6].cols[9].u_pe.act_out, Q = \u_array.rows[6].cols[10].u_pe.act_out, rval = 8'00000000).
Adding SRST signal on $driver$u_array.rows[6].cols[10].u_pe.psum_out ($dff) from module top (D = $2203y, Q = \u_array.rows[6].cols[10].u_pe.psum_out, rval = 0).
Adding SRST signal on $driver$u_array.rows[6].cols[11].u_pe.weight ($dff) from module top (D = $procmux$2227_Y, Q = \u_array.rows[6].cols[11].u_pe.weight, rval = 8'00000000).
Adding EN signal on $auto$ff.cc:337:slice$4686 ($sdff) from module top (D = \weight_in_flat [863:856], Q = \u_array.rows[6].cols[11].u_pe.weight).
Adding SRST signal on $driver$u_array.rows[6].cols[11].u_pe.act_out ($dff) from module top (D = \u_array.rows[6].cols[10].u_pe.act_out, Q = \u_array.rows[6].cols[11].u_pe.act_out, rval = 8'00000000).
Adding SRST signal on $driver$u_array.rows[6].cols[11].u_pe.psum_out ($dff) from module top (D = $2221y, Q = \u_array.rows[6].cols[11].u_pe.psum_out, rval = 0).
Adding SRST signal on $driver$u_array.rows[15].cols[2].u_pe.weight ($dff) from module top (D = $procmux$202_Y, Q = \u_array.rows[15].cols[2].u_pe.weight, rval = 8'00000000).
Adding EN signal on $auto$ff.cc:337:slice$4690 ($sdff) from module top (D = \weight_in_flat [1943:1936], Q = \u_array.rows[15].cols[2].u_pe.weight).
Adding SRST signal on $driver$u_array.rows[15].cols[2].u_pe.act_out ($dff) from module top (D = \u_array.rows[15].cols[1].u_pe.act_out, Q = \u_array.rows[15].cols[2].u_pe.act_out, rval = 8'00000000).
Adding SRST signal on $driver$u_array.rows[15].cols[2].u_pe.psum_out ($dff) from module top (D = $4651y, Q = \u_array.rows[15].cols[2].u_pe.psum_out, rval = 0).
Adding SRST signal on $driver$u_array.rows[9].cols[5].u_pe.psum_out ($dff) from module top (D = $2977y, Q = \u_array.rows[9].cols[5].u_pe.psum_out, rval = 0).
Adding SRST signal on $driver$u_array.rows[6].cols[12].u_pe.weight ($dff) from module top (D = $procmux$2212_Y, Q = \u_array.rows[6].cols[12].u_pe.weight, rval = 8'00000000).
Adding EN signal on $auto$ff.cc:337:slice$4695 ($sdff) from module top (D = \weight_in_flat [871:864], Q = \u_array.rows[6].cols[12].u_pe.weight).
Adding SRST signal on $driver$u_array.rows[6].cols[12].u_pe.act_out ($dff) from module top (D = \u_array.rows[6].cols[11].u_pe.act_out, Q = \u_array.rows[6].cols[12].u_pe.act_out, rval = 8'00000000).
Adding SRST signal on $driver$u_array.rows[6].cols[12].u_pe.psum_out ($dff) from module top (D = $2239y, Q = \u_array.rows[6].cols[12].u_pe.psum_out, rval = 0).
Adding SRST signal on $driver$u_array.rows[15].cols[3].u_pe.weight ($dff) from module top (D = $procmux$187_Y, Q = \u_array.rows[15].cols[3].u_pe.weight, rval = 8'00000000).
Adding EN signal on $auto$ff.cc:337:slice$4699 ($sdff) from module top (D = \weight_in_flat [1951:1944], Q = \u_array.rows[15].cols[3].u_pe.weight).
Adding SRST signal on $driver$u_array.rows[15].cols[3].u_pe.act_out ($dff) from module top (D = \u_array.rows[15].cols[2].u_pe.act_out, Q = \u_array.rows[15].cols[3].u_pe.act_out, rval = 8'00000000).
Adding SRST signal on $driver$u_array.rows[15].cols[3].u_pe.psum_out ($dff) from module top (D = $4669y, Q = \u_array.rows[15].cols[3].u_pe.psum_out, rval = 0).
Adding SRST signal on $driver$u_array.rows[6].cols[13].u_pe.weight ($dff) from module top (D = $procmux$2197_Y, Q = \u_array.rows[6].cols[13].u_pe.weight, rval = 8'00000000).
Adding EN signal on $auto$ff.cc:337:slice$4703 ($sdff) from module top (D = \weight_in_flat [879:872], Q = \u_array.rows[6].cols[13].u_pe.weight).
Adding SRST signal on $driver$u_array.rows[6].cols[13].u_pe.act_out ($dff) from module top (D = \u_array.rows[6].cols[12].u_pe.act_out, Q = \u_array.rows[6].cols[13].u_pe.act_out, rval = 8'00000000).
Adding SRST signal on $driver$u_array.rows[6].cols[13].u_pe.psum_out ($dff) from module top (D = $2257y, Q = \u_array.rows[6].cols[13].u_pe.psum_out, rval = 0).
Adding SRST signal on $driver$u_array.rows[6].cols[14].u_pe.weight ($dff) from module top (D = $procmux$2182_Y, Q = \u_array.rows[6].cols[14].u_pe.weight, rval = 8'00000000).
Adding EN signal on $auto$ff.cc:337:slice$4707 ($sdff) from module top (D = \weight_in_flat [887:880], Q = \u_array.rows[6].cols[14].u_pe.weight).
Adding SRST signal on $driver$u_array.rows[6].cols[14].u_pe.act_out ($dff) from module top (D = \u_array.rows[6].cols[13].u_pe.act_out, Q = \u_array.rows[6].cols[14].u_pe.act_out, rval = 8'00000000).
Adding SRST signal on $driver$u_array.rows[6].cols[14].u_pe.psum_out ($dff) from module top (D = $2275y, Q = \u_array.rows[6].cols[14].u_pe.psum_out, rval = 0).
Adding SRST signal on $driver$u_array.rows[15].cols[4].u_pe.weight ($dff) from module top (D = $procmux$172_Y, Q = \u_array.rows[15].cols[4].u_pe.weight, rval = 8'00000000).
Adding EN signal on $auto$ff.cc:337:slice$4711 ($sdff) from module top (D = \weight_in_flat [1959:1952], Q = \u_array.rows[15].cols[4].u_pe.weight).
Adding SRST signal on $driver$u_array.rows[15].cols[4].u_pe.act_out ($dff) from module top (D = \u_array.rows[15].cols[3].u_pe.act_out, Q = \u_array.rows[15].cols[4].u_pe.act_out, rval = 8'00000000).
Adding SRST signal on $driver$u_array.rows[15].cols[4].u_pe.psum_out ($dff) from module top (D = $4687y, Q = \u_array.rows[15].cols[4].u_pe.psum_out, rval = 0).
Adding SRST signal on $driver$u_array.rows[6].cols[15].u_pe.weight ($dff) from module top (D = $procmux$2167_Y, Q = \u_array.rows[6].cols[15].u_pe.weight, rval = 8'00000000).
Adding EN signal on $auto$ff.cc:337:slice$4715 ($sdff) from module top (D = \weight_in_flat [895:888], Q = \u_array.rows[6].cols[15].u_pe.weight).
Adding SRST signal on $driver$u_array.rows[6].cols[15].u_pe.psum_out ($dff) from module top (D = $2293y, Q = \u_array.rows[6].cols[15].u_pe.psum_out, rval = 0).
Adding SRST signal on $driver$u_array.rows[15].cols[5].u_pe.weight ($dff) from module top (D = $procmux$157_Y, Q = \u_array.rows[15].cols[5].u_pe.weight, rval = 8'00000000).
Adding EN signal on $auto$ff.cc:337:slice$4718 ($sdff) from module top (D = \weight_in_flat [1967:1960], Q = \u_array.rows[15].cols[5].u_pe.weight).
Adding SRST signal on $driver$u_array.rows[15].cols[5].u_pe.act_out ($dff) from module top (D = \u_array.rows[15].cols[4].u_pe.act_out, Q = \u_array.rows[15].cols[5].u_pe.act_out, rval = 8'00000000).
Adding SRST signal on $driver$u_array.rows[15].cols[5].u_pe.psum_out ($dff) from module top (D = $4705y, Q = \u_array.rows[15].cols[5].u_pe.psum_out, rval = 0).
Adding SRST signal on $driver$u_array.rows[7].cols[0].u_pe.weight ($dff) from module top (D = $procmux$2152_Y, Q = \u_array.rows[7].cols[0].u_pe.weight, rval = 8'00000000).
Adding EN signal on $auto$ff.cc:337:slice$4722 ($sdff) from module top (D = \weight_in_flat [903:896], Q = \u_array.rows[7].cols[0].u_pe.weight).
Adding SRST signal on $driver$u_array.rows[7].cols[0].u_pe.act_out ($dff) from module top (D = \act_in_flat [63:56], Q = \u_array.rows[7].cols[0].u_pe.act_out, rval = 8'00000000).
Adding SRST signal on $driver$u_array.rows[7].cols[0].u_pe.psum_out ($dff) from module top (D = $2311y, Q = \u_array.rows[7].cols[0].u_pe.psum_out, rval = 0).
Adding SRST signal on $driver$u_array.rows[9].cols[1].u_pe.weight ($dff) from module top (D = $procmux$1657_Y, Q = \u_array.rows[9].cols[1].u_pe.weight, rval = 8'00000000).
Adding EN signal on $auto$ff.cc:337:slice$4726 ($sdff) from module top (D = \weight_in_flat [1167:1160], Q = \u_array.rows[9].cols[1].u_pe.weight).
Adding SRST signal on $driver$u_array.rows[7].cols[1].u_pe.weight ($dff) from module top (D = $procmux$2137_Y, Q = \u_array.rows[7].cols[1].u_pe.weight, rval = 8'00000000).
Adding EN signal on $auto$ff.cc:337:slice$4728 ($sdff) from module top (D = \weight_in_flat [911:904], Q = \u_array.rows[7].cols[1].u_pe.weight).
Adding SRST signal on $driver$u_array.rows[7].cols[1].u_pe.act_out ($dff) from module top (D = \u_array.rows[7].cols[0].u_pe.act_out, Q = \u_array.rows[7].cols[1].u_pe.act_out, rval = 8'00000000).
Adding SRST signal on $driver$u_array.rows[7].cols[1].u_pe.psum_out ($dff) from module top (D = $2329y, Q = \u_array.rows[7].cols[1].u_pe.psum_out, rval = 0).
Adding SRST signal on $driver$u_array.rows[15].cols[6].u_pe.weight ($dff) from module top (D = $procmux$142_Y, Q = \u_array.rows[15].cols[6].u_pe.weight, rval = 8'00000000).
Adding EN signal on $auto$ff.cc:337:slice$4732 ($sdff) from module top (D = \weight_in_flat [1975:1968], Q = \u_array.rows[15].cols[6].u_pe.weight).
Adding SRST signal on $driver$u_array.rows[15].cols[6].u_pe.act_out ($dff) from module top (D = \u_array.rows[15].cols[5].u_pe.act_out, Q = \u_array.rows[15].cols[6].u_pe.act_out, rval = 8'00000000).
Adding SRST signal on $driver$u_array.rows[15].cols[6].u_pe.psum_out ($dff) from module top (D = $4723y, Q = \u_array.rows[15].cols[6].u_pe.psum_out, rval = 0).
Adding SRST signal on $driver$u_array.rows[7].cols[2].u_pe.weight ($dff) from module top (D = $procmux$2122_Y, Q = \u_array.rows[7].cols[2].u_pe.weight, rval = 8'00000000).
Adding EN signal on $auto$ff.cc:337:slice$4736 ($sdff) from module top (D = \weight_in_flat [919:912], Q = \u_array.rows[7].cols[2].u_pe.weight).
Adding SRST signal on $driver$u_array.rows[7].cols[2].u_pe.act_out ($dff) from module top (D = \u_array.rows[7].cols[1].u_pe.act_out, Q = \u_array.rows[7].cols[2].u_pe.act_out, rval = 8'00000000).
Adding SRST signal on $driver$u_array.rows[7].cols[2].u_pe.psum_out ($dff) from module top (D = $2347y, Q = \u_array.rows[7].cols[2].u_pe.psum_out, rval = 0).
Adding SRST signal on $driver$u_array.rows[15].cols[7].u_pe.weight ($dff) from module top (D = $procmux$127_Y, Q = \u_array.rows[15].cols[7].u_pe.weight, rval = 8'00000000).
Adding EN signal on $auto$ff.cc:337:slice$4740 ($sdff) from module top (D = \weight_in_flat [1983:1976], Q = \u_array.rows[15].cols[7].u_pe.weight).
Adding SRST signal on $driver$u_array.rows[15].cols[7].u_pe.act_out ($dff) from module top (D = \u_array.rows[15].cols[6].u_pe.act_out, Q = \u_array.rows[15].cols[7].u_pe.act_out, rval = 8'00000000).
Adding SRST signal on $driver$u_array.rows[15].cols[7].u_pe.psum_out ($dff) from module top (D = $4741y, Q = \u_array.rows[15].cols[7].u_pe.psum_out, rval = 0).
Adding SRST signal on $driver$u_array.rows[7].cols[3].u_pe.weight ($dff) from module top (D = $procmux$2107_Y, Q = \u_array.rows[7].cols[3].u_pe.weight, rval = 8'00000000).
Adding EN signal on $auto$ff.cc:337:slice$4744 ($sdff) from module top (D = \weight_in_flat [927:920], Q = \u_array.rows[7].cols[3].u_pe.weight).
Adding SRST signal on $driver$u_array.rows[7].cols[3].u_pe.act_out ($dff) from module top (D = \u_array.rows[7].cols[2].u_pe.act_out, Q = \u_array.rows[7].cols[3].u_pe.act_out, rval = 8'00000000).
Adding SRST signal on $driver$u_array.rows[7].cols[3].u_pe.psum_out ($dff) from module top (D = $2365y, Q = \u_array.rows[7].cols[3].u_pe.psum_out, rval = 0).
Adding SRST signal on $driver$u_array.rows[9].cols[1].u_pe.act_out ($dff) from module top (D = \u_array.rows[9].cols[0].u_pe.act_out, Q = \u_array.rows[9].cols[1].u_pe.act_out, rval = 8'00000000).
Adding SRST signal on $driver$u_array.rows[9].cols[1].u_pe.psum_out ($dff) from module top (D = $2905y, Q = \u_array.rows[9].cols[1].u_pe.psum_out, rval = 0).
Adding SRST signal on $driver$u_array.rows[7].cols[4].u_pe.weight ($dff) from module top (D = $procmux$2092_Y, Q = \u_array.rows[7].cols[4].u_pe.weight, rval = 8'00000000).
Adding EN signal on $auto$ff.cc:337:slice$4750 ($sdff) from module top (D = \weight_in_flat [935:928], Q = \u_array.rows[7].cols[4].u_pe.weight).
Adding SRST signal on $driver$u_array.rows[7].cols[4].u_pe.act_out ($dff) from module top (D = \u_array.rows[7].cols[3].u_pe.act_out, Q = \u_array.rows[7].cols[4].u_pe.act_out, rval = 8'00000000).
Adding SRST signal on $driver$u_array.rows[7].cols[4].u_pe.psum_out ($dff) from module top (D = $2383y, Q = \u_array.rows[7].cols[4].u_pe.psum_out, rval = 0).
Adding SRST signal on $driver$u_array.rows[15].cols[8].u_pe.weight ($dff) from module top (D = $procmux$112_Y, Q = \u_array.rows[15].cols[8].u_pe.weight, rval = 8'00000000).
Adding EN signal on $auto$ff.cc:337:slice$4754 ($sdff) from module top (D = \weight_in_flat [1991:1984], Q = \u_array.rows[15].cols[8].u_pe.weight).
Adding SRST signal on $driver$u_array.rows[15].cols[8].u_pe.act_out ($dff) from module top (D = \u_array.rows[15].cols[7].u_pe.act_out, Q = \u_array.rows[15].cols[8].u_pe.act_out, rval = 8'00000000).
Adding SRST signal on $driver$u_array.rows[15].cols[8].u_pe.psum_out ($dff) from module top (D = $4759y, Q = \u_array.rows[15].cols[8].u_pe.psum_out, rval = 0).
Adding SRST signal on $driver$u_array.rows[7].cols[5].u_pe.weight ($dff) from module top (D = $procmux$2077_Y, Q = \u_array.rows[7].cols[5].u_pe.weight, rval = 8'00000000).
Adding EN signal on $auto$ff.cc:337:slice$4758 ($sdff) from module top (D = \weight_in_flat [943:936], Q = \u_array.rows[7].cols[5].u_pe.weight).
Adding SRST signal on $driver$u_array.rows[7].cols[5].u_pe.act_out ($dff) from module top (D = \u_array.rows[7].cols[4].u_pe.act_out, Q = \u_array.rows[7].cols[5].u_pe.act_out, rval = 8'00000000).
Adding SRST signal on $driver$u_array.rows[7].cols[5].u_pe.psum_out ($dff) from module top (D = $2401y, Q = \u_array.rows[7].cols[5].u_pe.psum_out, rval = 0).
Adding SRST signal on $driver$u_array.rows[15].cols[9].u_pe.weight ($dff) from module top (D = $procmux$100_Y, Q = \u_array.rows[15].cols[9].u_pe.weight, rval = 8'00000000).
Adding EN signal on $auto$ff.cc:337:slice$4762 ($sdff) from module top (D = \weight_in_flat [1999:1992], Q = \u_array.rows[15].cols[9].u_pe.weight).
Adding SRST signal on $driver$u_array.rows[15].cols[9].u_pe.act_out ($dff) from module top (D = \u_array.rows[15].cols[8].u_pe.act_out, Q = \u_array.rows[15].cols[9].u_pe.act_out, rval = 8'00000000).
Adding SRST signal on $driver$u_array.rows[15].cols[9].u_pe.psum_out ($dff) from module top (D = $4777y, Q = \u_array.rows[15].cols[9].u_pe.psum_out, rval = 0).
Adding SRST signal on $driver$u_array.rows[7].cols[6].u_pe.weight ($dff) from module top (D = $procmux$2062_Y, Q = \u_array.rows[7].cols[6].u_pe.weight, rval = 8'00000000).
Adding EN signal on $auto$ff.cc:337:slice$4766 ($sdff) from module top (D = \weight_in_flat [951:944], Q = \u_array.rows[7].cols[6].u_pe.weight).
Adding SRST signal on $driver$u_array.rows[7].cols[6].u_pe.act_out ($dff) from module top (D = \u_array.rows[7].cols[5].u_pe.act_out, Q = \u_array.rows[7].cols[6].u_pe.act_out, rval = 8'00000000).
Adding SRST signal on $driver$u_array.rows[7].cols[6].u_pe.psum_out ($dff) from module top (D = $2419y, Q = \u_array.rows[7].cols[6].u_pe.psum_out, rval = 0).
Adding SRST signal on $driver$u_array.rows[7].cols[7].u_pe.weight ($dff) from module top (D = $procmux$2047_Y, Q = \u_array.rows[7].cols[7].u_pe.weight, rval = 8'00000000).
Adding EN signal on $auto$ff.cc:337:slice$4770 ($sdff) from module top (D = \weight_in_flat [959:952], Q = \u_array.rows[7].cols[7].u_pe.weight).
Adding SRST signal on $driver$u_array.rows[7].cols[7].u_pe.act_out ($dff) from module top (D = \u_array.rows[7].cols[6].u_pe.act_out, Q = \u_array.rows[7].cols[7].u_pe.act_out, rval = 8'00000000).
Adding SRST signal on $driver$u_array.rows[7].cols[7].u_pe.psum_out ($dff) from module top (D = $2437y, Q = \u_array.rows[7].cols[7].u_pe.psum_out, rval = 0).
Adding SRST signal on $driver$u_array.rows[15].cols[10].u_pe.weight ($dff) from module top (D = $procmux$82_Y, Q = \u_array.rows[15].cols[10].u_pe.weight, rval = 8'00000000).
Adding EN signal on $auto$ff.cc:337:slice$4774 ($sdff) from module top (D = \weight_in_flat [2007:2000], Q = \u_array.rows[15].cols[10].u_pe.weight).
Adding SRST signal on $driver$u_array.rows[15].cols[10].u_pe.act_out ($dff) from module top (D = \u_array.rows[15].cols[9].u_pe.act_out, Q = \u_array.rows[15].cols[10].u_pe.act_out, rval = 8'00000000).
Adding SRST signal on $driver$u_array.rows[15].cols[10].u_pe.psum_out ($dff) from module top (D = $4795y, Q = \u_array.rows[15].cols[10].u_pe.psum_out, rval = 0).
Adding SRST signal on $driver$u_array.rows[9].cols[5].u_pe.act_out ($dff) from module top (D = \u_array.rows[9].cols[4].u_pe.act_out, Q = \u_array.rows[9].cols[5].u_pe.act_out, rval = 8'00000000).
Adding SRST signal on $driver$u_array.rows[7].cols[8].u_pe.weight ($dff) from module top (D = $procmux$2032_Y, Q = \u_array.rows[7].cols[8].u_pe.weight, rval = 8'00000000).
Adding EN signal on $auto$ff.cc:337:slice$4779 ($sdff) from module top (D = \weight_in_flat [967:960], Q = \u_array.rows[7].cols[8].u_pe.weight).
Adding SRST signal on $driver$u_array.rows[7].cols[8].u_pe.act_out ($dff) from module top (D = \u_array.rows[7].cols[7].u_pe.act_out, Q = \u_array.rows[7].cols[8].u_pe.act_out, rval = 8'00000000).
Adding SRST signal on $driver$u_array.rows[7].cols[8].u_pe.psum_out ($dff) from module top (D = $2455y, Q = \u_array.rows[7].cols[8].u_pe.psum_out, rval = 0).
Adding SRST signal on $driver$u_array.rows[15].cols[11].u_pe.weight ($dff) from module top (D = $procmux$67_Y, Q = \u_array.rows[15].cols[11].u_pe.weight, rval = 8'00000000).
Adding EN signal on $auto$ff.cc:337:slice$4783 ($sdff) from module top (D = \weight_in_flat [2015:2008], Q = \u_array.rows[15].cols[11].u_pe.weight).
Adding SRST signal on $driver$u_array.rows[15].cols[11].u_pe.act_out ($dff) from module top (D = \u_array.rows[15].cols[10].u_pe.act_out, Q = \u_array.rows[15].cols[11].u_pe.act_out, rval = 8'00000000).
Adding SRST signal on $driver$u_array.rows[15].cols[11].u_pe.psum_out ($dff) from module top (D = $4813y, Q = \u_array.rows[15].cols[11].u_pe.psum_out, rval = 0).
Adding SRST signal on $driver$u_array.rows[7].cols[9].u_pe.weight ($dff) from module top (D = $procmux$2017_Y, Q = \u_array.rows[7].cols[9].u_pe.weight, rval = 8'00000000).
Adding EN signal on $auto$ff.cc:337:slice$4787 ($sdff) from module top (D = \weight_in_flat [975:968], Q = \u_array.rows[7].cols[9].u_pe.weight).
Adding SRST signal on $driver$u_array.rows[7].cols[9].u_pe.act_out ($dff) from module top (D = \u_array.rows[7].cols[8].u_pe.act_out, Q = \u_array.rows[7].cols[9].u_pe.act_out, rval = 8'00000000).
Adding SRST signal on $driver$u_array.rows[7].cols[9].u_pe.psum_out ($dff) from module top (D = $2473y, Q = \u_array.rows[7].cols[9].u_pe.psum_out, rval = 0).
Adding SRST signal on $driver$u_array.rows[7].cols[10].u_pe.weight ($dff) from module top (D = $procmux$2002_Y, Q = \u_array.rows[7].cols[10].u_pe.weight, rval = 8'00000000).
Adding EN signal on $auto$ff.cc:337:slice$4791 ($sdff) from module top (D = \weight_in_flat [983:976], Q = \u_array.rows[7].cols[10].u_pe.weight).
Adding SRST signal on $driver$u_array.rows[7].cols[10].u_pe.act_out ($dff) from module top (D = \u_array.rows[7].cols[9].u_pe.act_out, Q = \u_array.rows[7].cols[10].u_pe.act_out, rval = 8'00000000).
Adding SRST signal on $driver$u_array.rows[7].cols[10].u_pe.psum_out ($dff) from module top (D = $2491y, Q = \u_array.rows[7].cols[10].u_pe.psum_out, rval = 0).
Adding SRST signal on $driver$u_array.rows[15].cols[12].u_pe.weight ($dff) from module top (D = $procmux$52_Y, Q = \u_array.rows[15].cols[12].u_pe.weight, rval = 8'00000000).
Adding EN signal on $auto$ff.cc:337:slice$4795 ($sdff) from module top (D = \weight_in_flat [2023:2016], Q = \u_array.rows[15].cols[12].u_pe.weight).
Adding SRST signal on $driver$u_array.rows[15].cols[12].u_pe.act_out ($dff) from module top (D = \u_array.rows[15].cols[11].u_pe.act_out, Q = \u_array.rows[15].cols[12].u_pe.act_out, rval = 8'00000000).
Adding SRST signal on $driver$u_array.rows[15].cols[12].u_pe.psum_out ($dff) from module top (D = $4831y, Q = \u_array.rows[15].cols[12].u_pe.psum_out, rval = 0).
Adding SRST signal on $driver$u_array.rows[7].cols[11].u_pe.weight ($dff) from module top (D = $procmux$1987_Y, Q = \u_array.rows[7].cols[11].u_pe.weight, rval = 8'00000000).
Adding EN signal on $auto$ff.cc:337:slice$4799 ($sdff) from module top (D = \weight_in_flat [991:984], Q = \u_array.rows[7].cols[11].u_pe.weight).
Adding SRST signal on $driver$u_array.rows[7].cols[11].u_pe.act_out ($dff) from module top (D = \u_array.rows[7].cols[10].u_pe.act_out, Q = \u_array.rows[7].cols[11].u_pe.act_out, rval = 8'00000000).
Adding SRST signal on $driver$u_array.rows[7].cols[11].u_pe.psum_out ($dff) from module top (D = $2509y, Q = \u_array.rows[7].cols[11].u_pe.psum_out, rval = 0).
Adding SRST signal on $driver$u_array.rows[15].cols[13].u_pe.weight ($dff) from module top (D = $procmux$37_Y, Q = \u_array.rows[15].cols[13].u_pe.weight, rval = 8'00000000).
Adding EN signal on $auto$ff.cc:337:slice$4803 ($sdff) from module top (D = \weight_in_flat [2031:2024], Q = \u_array.rows[15].cols[13].u_pe.weight).
Adding SRST signal on $driver$u_array.rows[15].cols[13].u_pe.act_out ($dff) from module top (D = \u_array.rows[15].cols[12].u_pe.act_out, Q = \u_array.rows[15].cols[13].u_pe.act_out, rval = 8'00000000).
Adding SRST signal on $driver$u_array.rows[15].cols[13].u_pe.psum_out ($dff) from module top (D = $4849y, Q = \u_array.rows[15].cols[13].u_pe.psum_out, rval = 0).
Adding SRST signal on $driver$u_array.rows[7].cols[12].u_pe.weight ($dff) from module top (D = $procmux$1972_Y, Q = \u_array.rows[7].cols[12].u_pe.weight, rval = 8'00000000).
Adding EN signal on $auto$ff.cc:337:slice$4807 ($sdff) from module top (D = \weight_in_flat [999:992], Q = \u_array.rows[7].cols[12].u_pe.weight).
Adding SRST signal on $driver$u_array.rows[7].cols[12].u_pe.act_out ($dff) from module top (D = \u_array.rows[7].cols[11].u_pe.act_out, Q = \u_array.rows[7].cols[12].u_pe.act_out, rval = 8'00000000).
Adding SRST signal on $driver$u_array.rows[7].cols[12].u_pe.psum_out ($dff) from module top (D = $2527y, Q = \u_array.rows[7].cols[12].u_pe.psum_out, rval = 0).
Adding SRST signal on $driver$u_array.rows[9].cols[2].u_pe.weight ($dff) from module top (D = $procmux$1642_Y, Q = \u_array.rows[9].cols[2].u_pe.weight, rval = 8'00000000).
Adding EN signal on $auto$ff.cc:337:slice$4811 ($sdff) from module top (D = \weight_in_flat [1175:1168], Q = \u_array.rows[9].cols[2].u_pe.weight).
Adding SRST signal on $driver$u_array.rows[7].cols[13].u_pe.weight ($dff) from module top (D = $procmux$1957_Y, Q = \u_array.rows[7].cols[13].u_pe.weight, rval = 8'00000000).
Adding EN signal on $auto$ff.cc:337:slice$4813 ($sdff) from module top (D = \weight_in_flat [1007:1000], Q = \u_array.rows[7].cols[13].u_pe.weight).
Adding SRST signal on $driver$u_array.rows[7].cols[13].u_pe.act_out ($dff) from module top (D = \u_array.rows[7].cols[12].u_pe.act_out, Q = \u_array.rows[7].cols[13].u_pe.act_out, rval = 8'00000000).
Adding SRST signal on $driver$u_array.rows[7].cols[13].u_pe.psum_out ($dff) from module top (D = $2545y, Q = \u_array.rows[7].cols[13].u_pe.psum_out, rval = 0).
Adding SRST signal on $driver$u_array.rows[15].cols[14].u_pe.weight ($dff) from module top (D = $procmux$22_Y, Q = \u_array.rows[15].cols[14].u_pe.weight, rval = 8'00000000).
Adding EN signal on $auto$ff.cc:337:slice$4817 ($sdff) from module top (D = \weight_in_flat [2039:2032], Q = \u_array.rows[15].cols[14].u_pe.weight).
Adding SRST signal on $driver$u_array.rows[15].cols[14].u_pe.act_out ($dff) from module top (D = \u_array.rows[15].cols[13].u_pe.act_out, Q = \u_array.rows[15].cols[14].u_pe.act_out, rval = 8'00000000).
Adding SRST signal on $driver$u_array.rows[15].cols[14].u_pe.psum_out ($dff) from module top (D = $4867y, Q = \u_array.rows[15].cols[14].u_pe.psum_out, rval = 0).
Adding SRST signal on $driver$u_array.rows[7].cols[14].u_pe.weight ($dff) from module top (D = $procmux$1942_Y, Q = \u_array.rows[7].cols[14].u_pe.weight, rval = 8'00000000).
Adding EN signal on $auto$ff.cc:337:slice$4821 ($sdff) from module top (D = \weight_in_flat [1015:1008], Q = \u_array.rows[7].cols[14].u_pe.weight).
Adding SRST signal on $driver$u_array.rows[7].cols[14].u_pe.act_out ($dff) from module top (D = \u_array.rows[7].cols[13].u_pe.act_out, Q = \u_array.rows[7].cols[14].u_pe.act_out, rval = 8'00000000).
Adding SRST signal on $driver$u_array.rows[7].cols[14].u_pe.psum_out ($dff) from module top (D = $2563y, Q = \u_array.rows[7].cols[14].u_pe.psum_out, rval = 0).
Adding SRST signal on $driver$u_array.rows[9].cols[2].u_pe.act_out ($dff) from module top (D = \u_array.rows[9].cols[1].u_pe.act_out, Q = \u_array.rows[9].cols[2].u_pe.act_out, rval = 8'00000000).
Adding SRST signal on $driver$u_array.rows[15].cols[15].u_pe.weight ($dff) from module top (D = $procmux$10_Y, Q = \u_array.rows[15].cols[15].u_pe.weight, rval = 8'00000000).
Adding EN signal on $auto$ff.cc:337:slice$4826 ($sdff) from module top (D = \weight_in_flat [2047:2040], Q = \u_array.rows[15].cols[15].u_pe.weight).
Adding SRST signal on $driver$u_array.rows[9].cols[6].u_pe.psum_out ($dff) from module top (D = $2995y, Q = \u_array.rows[9].cols[6].u_pe.psum_out, rval = 0).
Adding SRST signal on $driver$u_array.rows[15].cols[15].u_pe.psum_out ($dff) from module top (D = $4885y, Q = \u_array.rows[15].cols[15].u_pe.psum_out, rval = 0).
Adding SRST signal on $driver$u_array.rows[7].cols[15].u_pe.weight ($dff) from module top (D = $procmux$1927_Y, Q = \u_array.rows[7].cols[15].u_pe.weight, rval = 8'00000000).
Adding EN signal on $auto$ff.cc:337:slice$4830 ($sdff) from module top (D = \weight_in_flat [1023:1016], Q = \u_array.rows[7].cols[15].u_pe.weight).
Adding SRST signal on $driver$u_array.rows[7].cols[15].u_pe.psum_out ($dff) from module top (D = $2581y, Q = \u_array.rows[7].cols[15].u_pe.psum_out, rval = 0).
Adding SRST signal on $driver$u_array.rows[9].cols[2].u_pe.psum_out ($dff) from module top (D = $2923y, Q = \u_array.rows[9].cols[2].u_pe.psum_out, rval = 0).
Adding SRST signal on $driver$u_array.rows[8].cols[0].u_pe.weight ($dff) from module top (D = $procmux$1912_Y, Q = \u_array.rows[8].cols[0].u_pe.weight, rval = 8'00000000).
Adding EN signal on $auto$ff.cc:337:slice$4834 ($sdff) from module top (D = \weight_in_flat [1031:1024], Q = \u_array.rows[8].cols[0].u_pe.weight).
Adding SRST signal on $driver$u_array.rows[8].cols[0].u_pe.act_out ($dff) from module top (D = \act_in_flat [71:64], Q = \u_array.rows[8].cols[0].u_pe.act_out, rval = 8'00000000).
Adding SRST signal on $driver$u_array.rows[8].cols[0].u_pe.psum_out ($dff) from module top (D = $2599y, Q = \u_array.rows[8].cols[0].u_pe.psum_out, rval = 0).
Adding SRST signal on $driver$u_array.rows[8].cols[1].u_pe.weight ($dff) from module top (D = $procmux$1897_Y, Q = \u_array.rows[8].cols[1].u_pe.weight, rval = 8'00000000).
Adding EN signal on $auto$ff.cc:337:slice$4838 ($sdff) from module top (D = \weight_in_flat [1039:1032], Q = \u_array.rows[8].cols[1].u_pe.weight).
Adding SRST signal on $driver$u_array.rows[8].cols[1].u_pe.act_out ($dff) from module top (D = \u_array.rows[8].cols[0].u_pe.act_out, Q = \u_array.rows[8].cols[1].u_pe.act_out, rval = 8'00000000).
Adding SRST signal on $driver$u_array.rows[8].cols[1].u_pe.psum_out ($dff) from module top (D = $2617y, Q = \u_array.rows[8].cols[1].u_pe.psum_out, rval = 0).
Adding SRST signal on $driver$u_array.rows[8].cols[2].u_pe.weight ($dff) from module top (D = $procmux$1882_Y, Q = \u_array.rows[8].cols[2].u_pe.weight, rval = 8'00000000).
Adding EN signal on $auto$ff.cc:337:slice$4842 ($sdff) from module top (D = \weight_in_flat [1047:1040], Q = \u_array.rows[8].cols[2].u_pe.weight).
Adding SRST signal on $driver$u_array.rows[8].cols[2].u_pe.act_out ($dff) from module top (D = \u_array.rows[8].cols[1].u_pe.act_out, Q = \u_array.rows[8].cols[2].u_pe.act_out, rval = 8'00000000).
Adding SRST signal on $driver$u_array.rows[8].cols[2].u_pe.psum_out ($dff) from module top (D = $2635y, Q = \u_array.rows[8].cols[2].u_pe.psum_out, rval = 0).
Adding SRST signal on $driver$u_array.rows[9].cols[6].u_pe.act_out ($dff) from module top (D = \u_array.rows[9].cols[5].u_pe.act_out, Q = \u_array.rows[9].cols[6].u_pe.act_out, rval = 8'00000000).
Adding SRST signal on $driver$u_array.rows[8].cols[3].u_pe.weight ($dff) from module top (D = $procmux$1867_Y, Q = \u_array.rows[8].cols[3].u_pe.weight, rval = 8'00000000).
Adding EN signal on $auto$ff.cc:337:slice$4847 ($sdff) from module top (D = \weight_in_flat [1055:1048], Q = \u_array.rows[8].cols[3].u_pe.weight).

2.8.7. Executing OPT_CLEAN pass (remove unused cells and wires).
Finding unused cells or wires in module \top..
Removed 1008 unused cells and 1008 unused wires.
<suppressed ~1009 debug messages>

2.8.8. Executing OPT_EXPR pass (perform const folding).
Optimizing module top.

2.8.9. Rerunning OPT passes. (Maybe there is more to do..)

2.8.10. Executing OPT_MUXTREE pass (detect dead branches in mux trees).
Running muxtree optimizer on module \top..
  Creating internal representation of mux trees.
  No muxes found in this module.
Removed 0 multiplexer ports.

2.8.11. Executing OPT_REDUCE pass (consolidate $*mux and $reduce_* inputs).
  Optimizing cells in module \top.
Performed a total of 0 changes.

2.8.12. Executing OPT_MERGE pass (detect identical cells).
Finding identical cells in module `\top'.
Computing hashes of 1248 cells of `\top'.
Finding duplicate cells in `\top'.
Removed a total of 0 cells.

2.8.13. Executing OPT_DFF pass (perform DFF optimizations).

2.8.14. Executing OPT_CLEAN pass (remove unused cells and wires).
Finding unused cells or wires in module \top..

2.8.15. Executing OPT_EXPR pass (perform const folding).
Optimizing module top.

2.8.16. Finished fast OPT passes. (There is nothing left to do.)

2.9. Executing WREDUCE pass (reducing word size of cells).
Converting cell top.$294 ($mul) from unsigned to signed.
Removed top 24 bits (of 32) from port A of cell top.$294 ($mul).
Removed top 24 bits (of 32) from port B of cell top.$294 ($mul).
Removed top 16 bits (of 32) from port Y of cell top.$294 ($mul).
Converting cell top.$312 ($mul) from unsigned to signed.
Removed top 24 bits (of 32) from port A of cell top.$312 ($mul).
Removed top 24 bits (of 32) from port B of cell top.$312 ($mul).
Removed top 16 bits (of 32) from port Y of cell top.$312 ($mul).
Converting cell top.$330 ($mul) from unsigned to signed.
Removed top 24 bits (of 32) from port A of cell top.$330 ($mul).
Removed top 24 bits (of 32) from port B of cell top.$330 ($mul).
Removed top 16 bits (of 32) from port Y of cell top.$330 ($mul).
Converting cell top.$348 ($mul) from unsigned to signed.
Removed top 24 bits (of 32) from port A of cell top.$348 ($mul).
Removed top 24 bits (of 32) from port B of cell top.$348 ($mul).
Removed top 16 bits (of 32) from port Y of cell top.$348 ($mul).
Converting cell top.$366 ($mul) from unsigned to signed.
Removed top 24 bits (of 32) from port A of cell top.$366 ($mul).
Removed top 24 bits (of 32) from port B of cell top.$366 ($mul).
Removed top 16 bits (of 32) from port Y of cell top.$366 ($mul).
Converting cell top.$384 ($mul) from unsigned to signed.
Removed top 24 bits (of 32) from port A of cell top.$384 ($mul).
Removed top 24 bits (of 32) from port B of cell top.$384 ($mul).
Removed top 16 bits (of 32) from port Y of cell top.$384 ($mul).
Converting cell top.$402 ($mul) from unsigned to signed.
Removed top 24 bits (of 32) from port A of cell top.$402 ($mul).
Removed top 24 bits (of 32) from port B of cell top.$402 ($mul).
Removed top 16 bits (of 32) from port Y of cell top.$402 ($mul).
Converting cell top.$420 ($mul) from unsigned to signed.
Removed top 24 bits (of 32) from port A of cell top.$420 ($mul).
Removed top 24 bits (of 32) from port B of cell top.$420 ($mul).
Removed top 16 bits (of 32) from port Y of cell top.$420 ($mul).
Converting cell top.$438 ($mul) from unsigned to signed.
Removed top 24 bits (of 32) from port A of cell top.$438 ($mul).
Removed top 24 bits (of 32) from port B of cell top.$438 ($mul).
Removed top 16 bits (of 32) from port Y of cell top.$438 ($mul).
Converting cell top.$456 ($mul) from unsigned to signed.
Removed top 24 bits (of 32) from port A of cell top.$456 ($mul).
Removed top 24 bits (of 32) from port B of cell top.$456 ($mul).
Removed top 16 bits (of 32) from port Y of cell top.$456 ($mul).
Converting cell top.$474 ($mul) from unsigned to signed.
Removed top 24 bits (of 32) from port A of cell top.$474 ($mul).
Removed top 24 bits (of 32) from port B of cell top.$474 ($mul).
Removed top 16 bits (of 32) from port Y of cell top.$474 ($mul).
Converting cell top.$492 ($mul) from unsigned to signed.
Removed top 24 bits (of 32) from port A of cell top.$492 ($mul).
Removed top 24 bits (of 32) from port B of cell top.$492 ($mul).
Removed top 16 bits (of 32) from port Y of cell top.$492 ($mul).
Converting cell top.$510 ($mul) from unsigned to signed.
Removed top 24 bits (of 32) from port A of cell top.$510 ($mul).
Removed top 24 bits (of 32) from port B of cell top.$510 ($mul).
Removed top 16 bits (of 32) from port Y of cell top.$510 ($mul).
Converting cell top.$528 ($mul) from unsigned to signed.
Removed top 24 bits (of 32) from port A of cell top.$528 ($mul).
Removed top 24 bits (of 32) from port B of cell top.$528 ($mul).
Removed top 16 bits (of 32) from port Y of cell top.$528 ($mul).
Converting cell top.$546 ($mul) from unsigned to signed.
Removed top 24 bits (of 32) from port A of cell top.$546 ($mul).
Removed top 24 bits (of 32) from port B of cell top.$546 ($mul).
Removed top 16 bits (of 32) from port Y of cell top.$546 ($mul).
Converting cell top.$564 ($mul) from unsigned to signed.
Removed top 24 bits (of 32) from port A of cell top.$564 ($mul).
Removed top 24 bits (of 32) from port B of cell top.$564 ($mul).
Removed top 16 bits (of 32) from port Y of cell top.$564 ($mul).
Converting cell top.$582 ($mul) from unsigned to signed.
Removed top 24 bits (of 32) from port A of cell top.$582 ($mul).
Removed top 24 bits (of 32) from port B of cell top.$582 ($mul).
Removed top 16 bits (of 32) from port Y of cell top.$582 ($mul).
Removed top 16 bits (of 32) from port B of cell top.$583 ($add).
Converting cell top.$600 ($mul) from unsigned to signed.
Removed top 24 bits (of 32) from port A of cell top.$600 ($mul).
Removed top 24 bits (of 32) from port B of cell top.$600 ($mul).
Removed top 16 bits (of 32) from port Y of cell top.$600 ($mul).
Removed top 16 bits (of 32) from port B of cell top.$601 ($add).
Converting cell top.$618 ($mul) from unsigned to signed.
Removed top 24 bits (of 32) from port A of cell top.$618 ($mul).
Removed top 24 bits (of 32) from port B of cell top.$618 ($mul).
Removed top 16 bits (of 32) from port Y of cell top.$618 ($mul).
Removed top 16 bits (of 32) from port B of cell top.$619 ($add).
Converting cell top.$636 ($mul) from unsigned to signed.
Removed top 24 bits (of 32) from port A of cell top.$636 ($mul).
Removed top 24 bits (of 32) from port B of cell top.$636 ($mul).
Removed top 16 bits (of 32) from port Y of cell top.$636 ($mul).
Removed top 16 bits (of 32) from port B of cell top.$637 ($add).
Converting cell top.$654 ($mul) from unsigned to signed.
Removed top 24 bits (of 32) from port A of cell top.$654 ($mul).
Removed top 24 bits (of 32) from port B of cell top.$654 ($mul).
Removed top 16 bits (of 32) from port Y of cell top.$654 ($mul).
Removed top 16 bits (of 32) from port B of cell top.$655 ($add).
Converting cell top.$672 ($mul) from unsigned to signed.
Removed top 24 bits (of 32) from port A of cell top.$672 ($mul).
Removed top 24 bits (of 32) from port B of cell top.$672 ($mul).
Removed top 16 bits (of 32) from port Y of cell top.$672 ($mul).
Removed top 16 bits (of 32) from port B of cell top.$673 ($add).
Converting cell top.$690 ($mul) from unsigned to signed.
Removed top 24 bits (of 32) from port A of cell top.$690 ($mul).
Removed top 24 bits (of 32) from port B of cell top.$690 ($mul).
Removed top 16 bits (of 32) from port Y of cell top.$690 ($mul).
Removed top 16 bits (of 32) from port B of cell top.$691 ($add).
Converting cell top.$708 ($mul) from unsigned to signed.
Removed top 24 bits (of 32) from port A of cell top.$708 ($mul).
Removed top 24 bits (of 32) from port B of cell top.$708 ($mul).
Removed top 16 bits (of 32) from port Y of cell top.$708 ($mul).
Removed top 16 bits (of 32) from port B of cell top.$709 ($add).
Converting cell top.$726 ($mul) from unsigned to signed.
Removed top 24 bits (of 32) from port A of cell top.$726 ($mul).
Removed top 24 bits (of 32) from port B of cell top.$726 ($mul).
Removed top 16 bits (of 32) from port Y of cell top.$726 ($mul).
Removed top 16 bits (of 32) from port B of cell top.$727 ($add).
Converting cell top.$744 ($mul) from unsigned to signed.
Removed top 24 bits (of 32) from port A of cell top.$744 ($mul).
Removed top 24 bits (of 32) from port B of cell top.$744 ($mul).
Removed top 16 bits (of 32) from port Y of cell top.$744 ($mul).
Removed top 16 bits (of 32) from port B of cell top.$745 ($add).
Converting cell top.$762 ($mul) from unsigned to signed.
Removed top 24 bits (of 32) from port A of cell top.$762 ($mul).
Removed top 24 bits (of 32) from port B of cell top.$762 ($mul).
Removed top 16 bits (of 32) from port Y of cell top.$762 ($mul).
Removed top 16 bits (of 32) from port B of cell top.$763 ($add).
Converting cell top.$780 ($mul) from unsigned to signed.
Removed top 24 bits (of 32) from port A of cell top.$780 ($mul).
Removed top 24 bits (of 32) from port B of cell top.$780 ($mul).
Removed top 16 bits (of 32) from port Y of cell top.$780 ($mul).
Removed top 16 bits (of 32) from port B of cell top.$781 ($add).
Converting cell top.$798 ($mul) from unsigned to signed.
Removed top 24 bits (of 32) from port A of cell top.$798 ($mul).
Removed top 24 bits (of 32) from port B of cell top.$798 ($mul).
Removed top 16 bits (of 32) from port Y of cell top.$798 ($mul).
Removed top 16 bits (of 32) from port B of cell top.$799 ($add).
Converting cell top.$816 ($mul) from unsigned to signed.
Removed top 24 bits (of 32) from port A of cell top.$816 ($mul).
Removed top 24 bits (of 32) from port B of cell top.$816 ($mul).
Removed top 16 bits (of 32) from port Y of cell top.$816 ($mul).
Removed top 16 bits (of 32) from port B of cell top.$817 ($add).
Converting cell top.$834 ($mul) from unsigned to signed.
Removed top 24 bits (of 32) from port A of cell top.$834 ($mul).
Removed top 24 bits (of 32) from port B of cell top.$834 ($mul).
Removed top 16 bits (of 32) from port Y of cell top.$834 ($mul).
Removed top 16 bits (of 32) from port B of cell top.$835 ($add).
Converting cell top.$852 ($mul) from unsigned to signed.
Removed top 24 bits (of 32) from port A of cell top.$852 ($mul).
Removed top 24 bits (of 32) from port B of cell top.$852 ($mul).
Removed top 16 bits (of 32) from port Y of cell top.$852 ($mul).
Removed top 16 bits (of 32) from port B of cell top.$853 ($add).
Converting cell top.$870 ($mul) from unsigned to signed.
Removed top 24 bits (of 32) from port A of cell top.$870 ($mul).
Removed top 24 bits (of 32) from port B of cell top.$870 ($mul).
Removed top 16 bits (of 32) from port Y of cell top.$870 ($mul).
Removed top 16 bits (of 32) from port B of cell top.$871 ($add).
Converting cell top.$888 ($mul) from unsigned to signed.
Removed top 24 bits (of 32) from port A of cell top.$888 ($mul).
Removed top 24 bits (of 32) from port B of cell top.$888 ($mul).
Removed top 16 bits (of 32) from port Y of cell top.$888 ($mul).
Removed top 16 bits (of 32) from port B of cell top.$889 ($add).
Converting cell top.$906 ($mul) from unsigned to signed.
Removed top 24 bits (of 32) from port A of cell top.$906 ($mul).
Removed top 24 bits (of 32) from port B of cell top.$906 ($mul).
Removed top 16 bits (of 32) from port Y of cell top.$906 ($mul).
Removed top 16 bits (of 32) from port B of cell top.$907 ($add).
Converting cell top.$924 ($mul) from unsigned to signed.
Removed top 24 bits (of 32) from port A of cell top.$924 ($mul).
Removed top 24 bits (of 32) from port B of cell top.$924 ($mul).
Removed top 16 bits (of 32) from port Y of cell top.$924 ($mul).
Removed top 16 bits (of 32) from port B of cell top.$925 ($add).
Converting cell top.$942 ($mul) from unsigned to signed.
Removed top 24 bits (of 32) from port A of cell top.$942 ($mul).
Removed top 24 bits (of 32) from port B of cell top.$942 ($mul).
Removed top 16 bits (of 32) from port Y of cell top.$942 ($mul).
Removed top 16 bits (of 32) from port B of cell top.$943 ($add).
Converting cell top.$960 ($mul) from unsigned to signed.
Removed top 24 bits (of 32) from port A of cell top.$960 ($mul).
Removed top 24 bits (of 32) from port B of cell top.$960 ($mul).
Removed top 16 bits (of 32) from port Y of cell top.$960 ($mul).
Removed top 16 bits (of 32) from port B of cell top.$961 ($add).
Converting cell top.$978 ($mul) from unsigned to signed.
Removed top 24 bits (of 32) from port A of cell top.$978 ($mul).
Removed top 24 bits (of 32) from port B of cell top.$978 ($mul).
Removed top 16 bits (of 32) from port Y of cell top.$978 ($mul).
Removed top 16 bits (of 32) from port B of cell top.$979 ($add).
Converting cell top.$996 ($mul) from unsigned to signed.
Removed top 24 bits (of 32) from port A of cell top.$996 ($mul).
Removed top 24 bits (of 32) from port B of cell top.$996 ($mul).
Removed top 16 bits (of 32) from port Y of cell top.$996 ($mul).
Removed top 16 bits (of 32) from port B of cell top.$997 ($add).
Converting cell top.$1014 ($mul) from unsigned to signed.
Removed top 24 bits (of 32) from port A of cell top.$1014 ($mul).
Removed top 24 bits (of 32) from port B of cell top.$1014 ($mul).
Removed top 16 bits (of 32) from port Y of cell top.$1014 ($mul).
Removed top 16 bits (of 32) from port B of cell top.$1015 ($add).
Converting cell top.$1032 ($mul) from unsigned to signed.
Removed top 24 bits (of 32) from port A of cell top.$1032 ($mul).
Removed top 24 bits (of 32) from port B of cell top.$1032 ($mul).
Removed top 16 bits (of 32) from port Y of cell top.$1032 ($mul).
Removed top 16 bits (of 32) from port B of cell top.$1033 ($add).
Converting cell top.$1050 ($mul) from unsigned to signed.
Removed top 24 bits (of 32) from port A of cell top.$1050 ($mul).
Removed top 24 bits (of 32) from port B of cell top.$1050 ($mul).
Removed top 16 bits (of 32) from port Y of cell top.$1050 ($mul).
Removed top 16 bits (of 32) from port B of cell top.$1051 ($add).
Converting cell top.$1068 ($mul) from unsigned to signed.
Removed top 24 bits (of 32) from port A of cell top.$1068 ($mul).
Removed top 24 bits (of 32) from port B of cell top.$1068 ($mul).
Removed top 16 bits (of 32) from port Y of cell top.$1068 ($mul).
Removed top 16 bits (of 32) from port B of cell top.$1069 ($add).
Converting cell top.$1086 ($mul) from unsigned to signed.
Removed top 24 bits (of 32) from port A of cell top.$1086 ($mul).
Removed top 24 bits (of 32) from port B of cell top.$1086 ($mul).
Removed top 16 bits (of 32) from port Y of cell top.$1086 ($mul).
Removed top 16 bits (of 32) from port B of cell top.$1087 ($add).
Converting cell top.$1104 ($mul) from unsigned to signed.
Removed top 24 bits (of 32) from port A of cell top.$1104 ($mul).
Removed top 24 bits (of 32) from port B of cell top.$1104 ($mul).
Removed top 16 bits (of 32) from port Y of cell top.$1104 ($mul).
Removed top 16 bits (of 32) from port B of cell top.$1105 ($add).
Converting cell top.$1122 ($mul) from unsigned to signed.
Removed top 24 bits (of 32) from port A of cell top.$1122 ($mul).
Removed top 24 bits (of 32) from port B of cell top.$1122 ($mul).
Removed top 16 bits (of 32) from port Y of cell top.$1122 ($mul).
Removed top 16 bits (of 32) from port B of cell top.$1123 ($add).
Converting cell top.$1140 ($mul) from unsigned to signed.
Removed top 24 bits (of 32) from port A of cell top.$1140 ($mul).
Removed top 24 bits (of 32) from port B of cell top.$1140 ($mul).
Removed top 16 bits (of 32) from port Y of cell top.$1140 ($mul).
Removed top 16 bits (of 32) from port B of cell top.$1141 ($add).
Converting cell top.$1158 ($mul) from unsigned to signed.
Removed top 24 bits (of 32) from port A of cell top.$1158 ($mul).
Removed top 24 bits (of 32) from port B of cell top.$1158 ($mul).
Removed top 16 bits (of 32) from port Y of cell top.$1158 ($mul).
Removed top 16 bits (of 32) from port B of cell top.$1159 ($add).
Converting cell top.$1176 ($mul) from unsigned to signed.
Removed top 24 bits (of 32) from port A of cell top.$1176 ($mul).
Removed top 24 bits (of 32) from port B of cell top.$1176 ($mul).
Removed top 16 bits (of 32) from port Y of cell top.$1176 ($mul).
Removed top 16 bits (of 32) from port B of cell top.$1177 ($add).
Converting cell top.$1194 ($mul) from unsigned to signed.
Removed top 24 bits (of 32) from port A of cell top.$1194 ($mul).
Removed top 24 bits (of 32) from port B of cell top.$1194 ($mul).
Removed top 16 bits (of 32) from port Y of cell top.$1194 ($mul).
Removed top 16 bits (of 32) from port B of cell top.$1195 ($add).
Converting cell top.$1212 ($mul) from unsigned to signed.
Removed top 24 bits (of 32) from port A of cell top.$1212 ($mul).
Removed top 24 bits (of 32) from port B of cell top.$1212 ($mul).
Removed top 16 bits (of 32) from port Y of cell top.$1212 ($mul).
Removed top 16 bits (of 32) from port B of cell top.$1213 ($add).
Converting cell top.$1230 ($mul) from unsigned to signed.
Removed top 24 bits (of 32) from port A of cell top.$1230 ($mul).
Removed top 24 bits (of 32) from port B of cell top.$1230 ($mul).
Removed top 16 bits (of 32) from port Y of cell top.$1230 ($mul).
Removed top 16 bits (of 32) from port B of cell top.$1231 ($add).
Converting cell top.$1248 ($mul) from unsigned to signed.
Removed top 24 bits (of 32) from port A of cell top.$1248 ($mul).
Removed top 24 bits (of 32) from port B of cell top.$1248 ($mul).
Removed top 16 bits (of 32) from port Y of cell top.$1248 ($mul).
Removed top 16 bits (of 32) from port B of cell top.$1249 ($add).
Converting cell top.$1266 ($mul) from unsigned to signed.
Removed top 24 bits (of 32) from port A of cell top.$1266 ($mul).
Removed top 24 bits (of 32) from port B of cell top.$1266 ($mul).
Removed top 16 bits (of 32) from port Y of cell top.$1266 ($mul).
Removed top 16 bits (of 32) from port B of cell top.$1267 ($add).
Converting cell top.$1284 ($mul) from unsigned to signed.
Removed top 24 bits (of 32) from port A of cell top.$1284 ($mul).
Removed top 24 bits (of 32) from port B of cell top.$1284 ($mul).
Removed top 16 bits (of 32) from port Y of cell top.$1284 ($mul).
Removed top 16 bits (of 32) from port B of cell top.$1285 ($add).
Converting cell top.$1302 ($mul) from unsigned to signed.
Removed top 24 bits (of 32) from port A of cell top.$1302 ($mul).
Removed top 24 bits (of 32) from port B of cell top.$1302 ($mul).
Removed top 16 bits (of 32) from port Y of cell top.$1302 ($mul).
Removed top 16 bits (of 32) from port B of cell top.$1303 ($add).
Converting cell top.$1320 ($mul) from unsigned to signed.
Removed top 24 bits (of 32) from port A of cell top.$1320 ($mul).
Removed top 24 bits (of 32) from port B of cell top.$1320 ($mul).
Removed top 16 bits (of 32) from port Y of cell top.$1320 ($mul).
Removed top 16 bits (of 32) from port B of cell top.$1321 ($add).
Converting cell top.$1338 ($mul) from unsigned to signed.
Removed top 24 bits (of 32) from port A of cell top.$1338 ($mul).
Removed top 24 bits (of 32) from port B of cell top.$1338 ($mul).
Removed top 16 bits (of 32) from port Y of cell top.$1338 ($mul).
Removed top 16 bits (of 32) from port B of cell top.$1339 ($add).
Converting cell top.$1356 ($mul) from unsigned to signed.
Removed top 24 bits (of 32) from port A of cell top.$1356 ($mul).
Removed top 24 bits (of 32) from port B of cell top.$1356 ($mul).
Removed top 16 bits (of 32) from port Y of cell top.$1356 ($mul).
Removed top 16 bits (of 32) from port B of cell top.$1357 ($add).
Converting cell top.$1374 ($mul) from unsigned to signed.
Removed top 24 bits (of 32) from port A of cell top.$1374 ($mul).
Removed top 24 bits (of 32) from port B of cell top.$1374 ($mul).
Removed top 16 bits (of 32) from port Y of cell top.$1374 ($mul).
Removed top 16 bits (of 32) from port B of cell top.$1375 ($add).
Converting cell top.$1392 ($mul) from unsigned to signed.
Removed top 24 bits (of 32) from port A of cell top.$1392 ($mul).
Removed top 24 bits (of 32) from port B of cell top.$1392 ($mul).
Removed top 16 bits (of 32) from port Y of cell top.$1392 ($mul).
Removed top 16 bits (of 32) from port B of cell top.$1393 ($add).
Converting cell top.$1410 ($mul) from unsigned to signed.
Removed top 24 bits (of 32) from port A of cell top.$1410 ($mul).
Removed top 24 bits (of 32) from port B of cell top.$1410 ($mul).
Removed top 16 bits (of 32) from port Y of cell top.$1410 ($mul).
Removed top 16 bits (of 32) from port B of cell top.$1411 ($add).
Converting cell top.$1428 ($mul) from unsigned to signed.
Removed top 24 bits (of 32) from port A of cell top.$1428 ($mul).
Removed top 24 bits (of 32) from port B of cell top.$1428 ($mul).
Removed top 16 bits (of 32) from port Y of cell top.$1428 ($mul).
Removed top 16 bits (of 32) from port B of cell top.$1429 ($add).
Converting cell top.$1446 ($mul) from unsigned to signed.
Removed top 24 bits (of 32) from port A of cell top.$1446 ($mul).
Removed top 24 bits (of 32) from port B of cell top.$1446 ($mul).
Removed top 16 bits (of 32) from port Y of cell top.$1446 ($mul).
Removed top 16 bits (of 32) from port B of cell top.$1447 ($add).
Converting cell top.$1464 ($mul) from unsigned to signed.
Removed top 24 bits (of 32) from port A of cell top.$1464 ($mul).
Removed top 24 bits (of 32) from port B of cell top.$1464 ($mul).
Removed top 16 bits (of 32) from port Y of cell top.$1464 ($mul).
Removed top 16 bits (of 32) from port B of cell top.$1465 ($add).
Converting cell top.$1482 ($mul) from unsigned to signed.
Removed top 24 bits (of 32) from port A of cell top.$1482 ($mul).
Removed top 24 bits (of 32) from port B of cell top.$1482 ($mul).
Removed top 16 bits (of 32) from port Y of cell top.$1482 ($mul).
Removed top 16 bits (of 32) from port B of cell top.$1483 ($add).
Converting cell top.$1500 ($mul) from unsigned to signed.
Removed top 24 bits (of 32) from port A of cell top.$1500 ($mul).
Removed top 24 bits (of 32) from port B of cell top.$1500 ($mul).
Removed top 16 bits (of 32) from port Y of cell top.$1500 ($mul).
Removed top 16 bits (of 32) from port B of cell top.$1501 ($add).
Converting cell top.$1518 ($mul) from unsigned to signed.
Removed top 24 bits (of 32) from port A of cell top.$1518 ($mul).
Removed top 24 bits (of 32) from port B of cell top.$1518 ($mul).
Removed top 16 bits (of 32) from port Y of cell top.$1518 ($mul).
Removed top 16 bits (of 32) from port B of cell top.$1519 ($add).
Converting cell top.$1536 ($mul) from unsigned to signed.
Removed top 24 bits (of 32) from port A of cell top.$1536 ($mul).
Removed top 24 bits (of 32) from port B of cell top.$1536 ($mul).
Removed top 16 bits (of 32) from port Y of cell top.$1536 ($mul).
Removed top 16 bits (of 32) from port B of cell top.$1537 ($add).
Converting cell top.$1554 ($mul) from unsigned to signed.
Removed top 24 bits (of 32) from port A of cell top.$1554 ($mul).
Removed top 24 bits (of 32) from port B of cell top.$1554 ($mul).
Removed top 16 bits (of 32) from port Y of cell top.$1554 ($mul).
Removed top 16 bits (of 32) from port B of cell top.$1555 ($add).
Converting cell top.$1572 ($mul) from unsigned to signed.
Removed top 24 bits (of 32) from port A of cell top.$1572 ($mul).
Removed top 24 bits (of 32) from port B of cell top.$1572 ($mul).
Removed top 16 bits (of 32) from port Y of cell top.$1572 ($mul).
Removed top 16 bits (of 32) from port B of cell top.$1573 ($add).
Converting cell top.$1590 ($mul) from unsigned to signed.
Removed top 24 bits (of 32) from port A of cell top.$1590 ($mul).
Removed top 24 bits (of 32) from port B of cell top.$1590 ($mul).
Removed top 16 bits (of 32) from port Y of cell top.$1590 ($mul).
Removed top 16 bits (of 32) from port B of cell top.$1591 ($add).
Converting cell top.$1608 ($mul) from unsigned to signed.
Removed top 24 bits (of 32) from port A of cell top.$1608 ($mul).
Removed top 24 bits (of 32) from port B of cell top.$1608 ($mul).
Removed top 16 bits (of 32) from port Y of cell top.$1608 ($mul).
Removed top 16 bits (of 32) from port B of cell top.$1609 ($add).
Converting cell top.$1626 ($mul) from unsigned to signed.
Removed top 24 bits (of 32) from port A of cell top.$1626 ($mul).
Removed top 24 bits (of 32) from port B of cell top.$1626 ($mul).
Removed top 16 bits (of 32) from port Y of cell top.$1626 ($mul).
Removed top 16 bits (of 32) from port B of cell top.$1627 ($add).
Converting cell top.$1644 ($mul) from unsigned to signed.
Removed top 24 bits (of 32) from port A of cell top.$1644 ($mul).
Removed top 24 bits (of 32) from port B of cell top.$1644 ($mul).
Removed top 16 bits (of 32) from port Y of cell top.$1644 ($mul).
Removed top 16 bits (of 32) from port B of cell top.$1645 ($add).
Converting cell top.$1662 ($mul) from unsigned to signed.
Removed top 24 bits (of 32) from port A of cell top.$1662 ($mul).
Removed top 24 bits (of 32) from port B of cell top.$1662 ($mul).
Removed top 16 bits (of 32) from port Y of cell top.$1662 ($mul).
Removed top 16 bits (of 32) from port B of cell top.$1663 ($add).
Converting cell top.$1680 ($mul) from unsigned to signed.
Removed top 24 bits (of 32) from port A of cell top.$1680 ($mul).
Removed top 24 bits (of 32) from port B of cell top.$1680 ($mul).
Removed top 16 bits (of 32) from port Y of cell top.$1680 ($mul).
Removed top 16 bits (of 32) from port B of cell top.$1681 ($add).
Converting cell top.$1698 ($mul) from unsigned to signed.
Removed top 24 bits (of 32) from port A of cell top.$1698 ($mul).
Removed top 24 bits (of 32) from port B of cell top.$1698 ($mul).
Removed top 16 bits (of 32) from port Y of cell top.$1698 ($mul).
Removed top 16 bits (of 32) from port B of cell top.$1699 ($add).
Converting cell top.$1716 ($mul) from unsigned to signed.
Removed top 24 bits (of 32) from port A of cell top.$1716 ($mul).
Removed top 24 bits (of 32) from port B of cell top.$1716 ($mul).
Removed top 16 bits (of 32) from port Y of cell top.$1716 ($mul).
Removed top 16 bits (of 32) from port B of cell top.$1717 ($add).
Converting cell top.$1734 ($mul) from unsigned to signed.
Removed top 24 bits (of 32) from port A of cell top.$1734 ($mul).
Removed top 24 bits (of 32) from port B of cell top.$1734 ($mul).
Removed top 16 bits (of 32) from port Y of cell top.$1734 ($mul).
Removed top 16 bits (of 32) from port B of cell top.$1735 ($add).
Converting cell top.$1752 ($mul) from unsigned to signed.
Removed top 24 bits (of 32) from port A of cell top.$1752 ($mul).
Removed top 24 bits (of 32) from port B of cell top.$1752 ($mul).
Removed top 16 bits (of 32) from port Y of cell top.$1752 ($mul).
Removed top 16 bits (of 32) from port B of cell top.$1753 ($add).
Converting cell top.$1770 ($mul) from unsigned to signed.
Removed top 24 bits (of 32) from port A of cell top.$1770 ($mul).
Removed top 24 bits (of 32) from port B of cell top.$1770 ($mul).
Removed top 16 bits (of 32) from port Y of cell top.$1770 ($mul).
Removed top 16 bits (of 32) from port B of cell top.$1771 ($add).
Converting cell top.$1788 ($mul) from unsigned to signed.
Removed top 24 bits (of 32) from port A of cell top.$1788 ($mul).
Removed top 24 bits (of 32) from port B of cell top.$1788 ($mul).
Removed top 16 bits (of 32) from port Y of cell top.$1788 ($mul).
Removed top 16 bits (of 32) from port B of cell top.$1789 ($add).
Converting cell top.$1806 ($mul) from unsigned to signed.
Removed top 24 bits (of 32) from port A of cell top.$1806 ($mul).
Removed top 24 bits (of 32) from port B of cell top.$1806 ($mul).
Removed top 16 bits (of 32) from port Y of cell top.$1806 ($mul).
Removed top 16 bits (of 32) from port B of cell top.$1807 ($add).
Converting cell top.$1824 ($mul) from unsigned to signed.
Removed top 24 bits (of 32) from port A of cell top.$1824 ($mul).
Removed top 24 bits (of 32) from port B of cell top.$1824 ($mul).
Removed top 16 bits (of 32) from port Y of cell top.$1824 ($mul).
Removed top 16 bits (of 32) from port B of cell top.$1825 ($add).
Converting cell top.$1842 ($mul) from unsigned to signed.
Removed top 24 bits (of 32) from port A of cell top.$1842 ($mul).
Removed top 24 bits (of 32) from port B of cell top.$1842 ($mul).
Removed top 16 bits (of 32) from port Y of cell top.$1842 ($mul).
Removed top 16 bits (of 32) from port B of cell top.$1843 ($add).
Converting cell top.$1860 ($mul) from unsigned to signed.
Removed top 24 bits (of 32) from port A of cell top.$1860 ($mul).
Removed top 24 bits (of 32) from port B of cell top.$1860 ($mul).
Removed top 16 bits (of 32) from port Y of cell top.$1860 ($mul).
Removed top 16 bits (of 32) from port B of cell top.$1861 ($add).
Converting cell top.$1878 ($mul) from unsigned to signed.
Removed top 24 bits (of 32) from port A of cell top.$1878 ($mul).
Removed top 24 bits (of 32) from port B of cell top.$1878 ($mul).
Removed top 16 bits (of 32) from port Y of cell top.$1878 ($mul).
Removed top 16 bits (of 32) from port B of cell top.$1879 ($add).
Converting cell top.$1896 ($mul) from unsigned to signed.
Removed top 24 bits (of 32) from port A of cell top.$1896 ($mul).
Removed top 24 bits (of 32) from port B of cell top.$1896 ($mul).
Removed top 16 bits (of 32) from port Y of cell top.$1896 ($mul).
Removed top 16 bits (of 32) from port B of cell top.$1897 ($add).
Converting cell top.$1914 ($mul) from unsigned to signed.
Removed top 24 bits (of 32) from port A of cell top.$1914 ($mul).
Removed top 24 bits (of 32) from port B of cell top.$1914 ($mul).
Removed top 16 bits (of 32) from port Y of cell top.$1914 ($mul).
Removed top 16 bits (of 32) from port B of cell top.$1915 ($add).
Converting cell top.$1932 ($mul) from unsigned to signed.
Removed top 24 bits (of 32) from port A of cell top.$1932 ($mul).
Removed top 24 bits (of 32) from port B of cell top.$1932 ($mul).
Removed top 16 bits (of 32) from port Y of cell top.$1932 ($mul).
Removed top 16 bits (of 32) from port B of cell top.$1933 ($add).
Converting cell top.$1950 ($mul) from unsigned to signed.
Removed top 24 bits (of 32) from port A of cell top.$1950 ($mul).
Removed top 24 bits (of 32) from port B of cell top.$1950 ($mul).
Removed top 16 bits (of 32) from port Y of cell top.$1950 ($mul).
Removed top 16 bits (of 32) from port B of cell top.$1951 ($add).
Converting cell top.$1968 ($mul) from unsigned to signed.
Removed top 24 bits (of 32) from port A of cell top.$1968 ($mul).
Removed top 24 bits (of 32) from port B of cell top.$1968 ($mul).
Removed top 16 bits (of 32) from port Y of cell top.$1968 ($mul).
Removed top 16 bits (of 32) from port B of cell top.$1969 ($add).
Converting cell top.$1986 ($mul) from unsigned to signed.
Removed top 24 bits (of 32) from port A of cell top.$1986 ($mul).
Removed top 24 bits (of 32) from port B of cell top.$1986 ($mul).
Removed top 16 bits (of 32) from port Y of cell top.$1986 ($mul).
Removed top 16 bits (of 32) from port B of cell top.$1987 ($add).
Converting cell top.$2004 ($mul) from unsigned to signed.
Removed top 24 bits (of 32) from port A of cell top.$2004 ($mul).
Removed top 24 bits (of 32) from port B of cell top.$2004 ($mul).
Removed top 16 bits (of 32) from port Y of cell top.$2004 ($mul).
Removed top 16 bits (of 32) from port B of cell top.$2005 ($add).
Converting cell top.$2022 ($mul) from unsigned to signed.
Removed top 24 bits (of 32) from port A of cell top.$2022 ($mul).
Removed top 24 bits (of 32) from port B of cell top.$2022 ($mul).
Removed top 16 bits (of 32) from port Y of cell top.$2022 ($mul).
Removed top 16 bits (of 32) from port B of cell top.$2023 ($add).
Converting cell top.$2040 ($mul) from unsigned to signed.
Removed top 24 bits (of 32) from port A of cell top.$2040 ($mul).
Removed top 24 bits (of 32) from port B of cell top.$2040 ($mul).
Removed top 16 bits (of 32) from port Y of cell top.$2040 ($mul).
Removed top 16 bits (of 32) from port B of cell top.$2041 ($add).
Converting cell top.$2058 ($mul) from unsigned to signed.
Removed top 24 bits (of 32) from port A of cell top.$2058 ($mul).
Removed top 24 bits (of 32) from port B of cell top.$2058 ($mul).
Removed top 16 bits (of 32) from port Y of cell top.$2058 ($mul).
Removed top 16 bits (of 32) from port B of cell top.$2059 ($add).
Converting cell top.$2076 ($mul) from unsigned to signed.
Removed top 24 bits (of 32) from port A of cell top.$2076 ($mul).
Removed top 24 bits (of 32) from port B of cell top.$2076 ($mul).
Removed top 16 bits (of 32) from port Y of cell top.$2076 ($mul).
Removed top 16 bits (of 32) from port B of cell top.$2077 ($add).
Converting cell top.$2094 ($mul) from unsigned to signed.
Removed top 24 bits (of 32) from port A of cell top.$2094 ($mul).
Removed top 24 bits (of 32) from port B of cell top.$2094 ($mul).
Removed top 16 bits (of 32) from port Y of cell top.$2094 ($mul).
Removed top 16 bits (of 32) from port B of cell top.$2095 ($add).
Converting cell top.$2112 ($mul) from unsigned to signed.
Removed top 24 bits (of 32) from port A of cell top.$2112 ($mul).
Removed top 24 bits (of 32) from port B of cell top.$2112 ($mul).
Removed top 16 bits (of 32) from port Y of cell top.$2112 ($mul).
Removed top 16 bits (of 32) from port B of cell top.$2113 ($add).
Converting cell top.$2130 ($mul) from unsigned to signed.
Removed top 24 bits (of 32) from port A of cell top.$2130 ($mul).
Removed top 24 bits (of 32) from port B of cell top.$2130 ($mul).
Removed top 16 bits (of 32) from port Y of cell top.$2130 ($mul).
Removed top 16 bits (of 32) from port B of cell top.$2131 ($add).
Converting cell top.$2148 ($mul) from unsigned to signed.
Removed top 24 bits (of 32) from port A of cell top.$2148 ($mul).
Removed top 24 bits (of 32) from port B of cell top.$2148 ($mul).
Removed top 16 bits (of 32) from port Y of cell top.$2148 ($mul).
Removed top 16 bits (of 32) from port B of cell top.$2149 ($add).
Converting cell top.$2166 ($mul) from unsigned to signed.
Removed top 24 bits (of 32) from port A of cell top.$2166 ($mul).
Removed top 24 bits (of 32) from port B of cell top.$2166 ($mul).
Removed top 16 bits (of 32) from port Y of cell top.$2166 ($mul).
Removed top 16 bits (of 32) from port B of cell top.$2167 ($add).
Converting cell top.$2184 ($mul) from unsigned to signed.
Removed top 24 bits (of 32) from port A of cell top.$2184 ($mul).
Removed top 24 bits (of 32) from port B of cell top.$2184 ($mul).
Removed top 16 bits (of 32) from port Y of cell top.$2184 ($mul).
Removed top 16 bits (of 32) from port B of cell top.$2185 ($add).
Converting cell top.$2202 ($mul) from unsigned to signed.
Removed top 24 bits (of 32) from port A of cell top.$2202 ($mul).
Removed top 24 bits (of 32) from port B of cell top.$2202 ($mul).
Removed top 16 bits (of 32) from port Y of cell top.$2202 ($mul).
Removed top 16 bits (of 32) from port B of cell top.$2203 ($add).
Converting cell top.$2220 ($mul) from unsigned to signed.
Removed top 24 bits (of 32) from port A of cell top.$2220 ($mul).
Removed top 24 bits (of 32) from port B of cell top.$2220 ($mul).
Removed top 16 bits (of 32) from port Y of cell top.$2220 ($mul).
Removed top 16 bits (of 32) from port B of cell top.$2221 ($add).
Converting cell top.$2238 ($mul) from unsigned to signed.
Removed top 24 bits (of 32) from port A of cell top.$2238 ($mul).
Removed top 24 bits (of 32) from port B of cell top.$2238 ($mul).
Removed top 16 bits (of 32) from port Y of cell top.$2238 ($mul).
Removed top 16 bits (of 32) from port B of cell top.$2239 ($add).
Converting cell top.$2256 ($mul) from unsigned to signed.
Removed top 24 bits (of 32) from port A of cell top.$2256 ($mul).
Removed top 24 bits (of 32) from port B of cell top.$2256 ($mul).
Removed top 16 bits (of 32) from port Y of cell top.$2256 ($mul).
Removed top 16 bits (of 32) from port B of cell top.$2257 ($add).
Converting cell top.$2274 ($mul) from unsigned to signed.
Removed top 24 bits (of 32) from port A of cell top.$2274 ($mul).
Removed top 24 bits (of 32) from port B of cell top.$2274 ($mul).
Removed top 16 bits (of 32) from port Y of cell top.$2274 ($mul).
Removed top 16 bits (of 32) from port B of cell top.$2275 ($add).
Converting cell top.$2292 ($mul) from unsigned to signed.
Removed top 24 bits (of 32) from port A of cell top.$2292 ($mul).
Removed top 24 bits (of 32) from port B of cell top.$2292 ($mul).
Removed top 16 bits (of 32) from port Y of cell top.$2292 ($mul).
Removed top 16 bits (of 32) from port B of cell top.$2293 ($add).
Converting cell top.$2310 ($mul) from unsigned to signed.
Removed top 24 bits (of 32) from port A of cell top.$2310 ($mul).
Removed top 24 bits (of 32) from port B of cell top.$2310 ($mul).
Removed top 16 bits (of 32) from port Y of cell top.$2310 ($mul).
Removed top 16 bits (of 32) from port B of cell top.$2311 ($add).
Converting cell top.$2328 ($mul) from unsigned to signed.
Removed top 24 bits (of 32) from port A of cell top.$2328 ($mul).
Removed top 24 bits (of 32) from port B of cell top.$2328 ($mul).
Removed top 16 bits (of 32) from port Y of cell top.$2328 ($mul).
Removed top 16 bits (of 32) from port B of cell top.$2329 ($add).
Converting cell top.$2346 ($mul) from unsigned to signed.
Removed top 24 bits (of 32) from port A of cell top.$2346 ($mul).
Removed top 24 bits (of 32) from port B of cell top.$2346 ($mul).
Removed top 16 bits (of 32) from port Y of cell top.$2346 ($mul).
Removed top 16 bits (of 32) from port B of cell top.$2347 ($add).
Converting cell top.$2364 ($mul) from unsigned to signed.
Removed top 24 bits (of 32) from port A of cell top.$2364 ($mul).
Removed top 24 bits (of 32) from port B of cell top.$2364 ($mul).
Removed top 16 bits (of 32) from port Y of cell top.$2364 ($mul).
Removed top 16 bits (of 32) from port B of cell top.$2365 ($add).
Converting cell top.$2382 ($mul) from unsigned to signed.
Removed top 24 bits (of 32) from port A of cell top.$2382 ($mul).
Removed top 24 bits (of 32) from port B of cell top.$2382 ($mul).
Removed top 16 bits (of 32) from port Y of cell top.$2382 ($mul).
Removed top 16 bits (of 32) from port B of cell top.$2383 ($add).
Converting cell top.$2400 ($mul) from unsigned to signed.
Removed top 24 bits (of 32) from port A of cell top.$2400 ($mul).
Removed top 24 bits (of 32) from port B of cell top.$2400 ($mul).
Removed top 16 bits (of 32) from port Y of cell top.$2400 ($mul).
Removed top 16 bits (of 32) from port B of cell top.$2401 ($add).
Converting cell top.$2418 ($mul) from unsigned to signed.
Removed top 24 bits (of 32) from port A of cell top.$2418 ($mul).
Removed top 24 bits (of 32) from port B of cell top.$2418 ($mul).
Removed top 16 bits (of 32) from port Y of cell top.$2418 ($mul).
Removed top 16 bits (of 32) from port B of cell top.$2419 ($add).
Converting cell top.$2436 ($mul) from unsigned to signed.
Removed top 24 bits (of 32) from port A of cell top.$2436 ($mul).
Removed top 24 bits (of 32) from port B of cell top.$2436 ($mul).
Removed top 16 bits (of 32) from port Y of cell top.$2436 ($mul).
Removed top 16 bits (of 32) from port B of cell top.$2437 ($add).
Converting cell top.$2454 ($mul) from unsigned to signed.
Removed top 24 bits (of 32) from port A of cell top.$2454 ($mul).
Removed top 24 bits (of 32) from port B of cell top.$2454 ($mul).
Removed top 16 bits (of 32) from port Y of cell top.$2454 ($mul).
Removed top 16 bits (of 32) from port B of cell top.$2455 ($add).
Converting cell top.$2472 ($mul) from unsigned to signed.
Removed top 24 bits (of 32) from port A of cell top.$2472 ($mul).
Removed top 24 bits (of 32) from port B of cell top.$2472 ($mul).
Removed top 16 bits (of 32) from port Y of cell top.$2472 ($mul).
Removed top 16 bits (of 32) from port B of cell top.$2473 ($add).
Converting cell top.$2490 ($mul) from unsigned to signed.
Removed top 24 bits (of 32) from port A of cell top.$2490 ($mul).
Removed top 24 bits (of 32) from port B of cell top.$2490 ($mul).
Removed top 16 bits (of 32) from port Y of cell top.$2490 ($mul).
Removed top 16 bits (of 32) from port B of cell top.$2491 ($add).
Converting cell top.$2508 ($mul) from unsigned to signed.
Removed top 24 bits (of 32) from port A of cell top.$2508 ($mul).
Removed top 24 bits (of 32) from port B of cell top.$2508 ($mul).
Removed top 16 bits (of 32) from port Y of cell top.$2508 ($mul).
Removed top 16 bits (of 32) from port B of cell top.$2509 ($add).
Converting cell top.$2526 ($mul) from unsigned to signed.
Removed top 24 bits (of 32) from port A of cell top.$2526 ($mul).
Removed top 24 bits (of 32) from port B of cell top.$2526 ($mul).
Removed top 16 bits (of 32) from port Y of cell top.$2526 ($mul).
Removed top 16 bits (of 32) from port B of cell top.$2527 ($add).
Converting cell top.$2544 ($mul) from unsigned to signed.
Removed top 24 bits (of 32) from port A of cell top.$2544 ($mul).
Removed top 24 bits (of 32) from port B of cell top.$2544 ($mul).
Removed top 16 bits (of 32) from port Y of cell top.$2544 ($mul).
Removed top 16 bits (of 32) from port B of cell top.$2545 ($add).
Converting cell top.$2562 ($mul) from unsigned to signed.
Removed top 24 bits (of 32) from port A of cell top.$2562 ($mul).
Removed top 24 bits (of 32) from port B of cell top.$2562 ($mul).
Removed top 16 bits (of 32) from port Y of cell top.$2562 ($mul).
Removed top 16 bits (of 32) from port B of cell top.$2563 ($add).
Converting cell top.$2580 ($mul) from unsigned to signed.
Removed top 24 bits (of 32) from port A of cell top.$2580 ($mul).
Removed top 24 bits (of 32) from port B of cell top.$2580 ($mul).
Removed top 16 bits (of 32) from port Y of cell top.$2580 ($mul).
Removed top 16 bits (of 32) from port B of cell top.$2581 ($add).
Converting cell top.$2598 ($mul) from unsigned to signed.
Removed top 24 bits (of 32) from port A of cell top.$2598 ($mul).
Removed top 24 bits (of 32) from port B of cell top.$2598 ($mul).
Removed top 16 bits (of 32) from port Y of cell top.$2598 ($mul).
Removed top 16 bits (of 32) from port B of cell top.$2599 ($add).
Converting cell top.$2616 ($mul) from unsigned to signed.
Removed top 24 bits (of 32) from port A of cell top.$2616 ($mul).
Removed top 24 bits (of 32) from port B of cell top.$2616 ($mul).
Removed top 16 bits (of 32) from port Y of cell top.$2616 ($mul).
Removed top 16 bits (of 32) from port B of cell top.$2617 ($add).
Converting cell top.$2634 ($mul) from unsigned to signed.
Removed top 24 bits (of 32) from port A of cell top.$2634 ($mul).
Removed top 24 bits (of 32) from port B of cell top.$2634 ($mul).
Removed top 16 bits (of 32) from port Y of cell top.$2634 ($mul).
Removed top 16 bits (of 32) from port B of cell top.$2635 ($add).
Converting cell top.$2652 ($mul) from unsigned to signed.
Removed top 24 bits (of 32) from port A of cell top.$2652 ($mul).
Removed top 24 bits (of 32) from port B of cell top.$2652 ($mul).
Removed top 16 bits (of 32) from port Y of cell top.$2652 ($mul).
Removed top 16 bits (of 32) from port B of cell top.$2653 ($add).
Converting cell top.$2670 ($mul) from unsigned to signed.
Removed top 24 bits (of 32) from port A of cell top.$2670 ($mul).
Removed top 24 bits (of 32) from port B of cell top.$2670 ($mul).
Removed top 16 bits (of 32) from port Y of cell top.$2670 ($mul).
Removed top 16 bits (of 32) from port B of cell top.$2671 ($add).
Converting cell top.$2688 ($mul) from unsigned to signed.
Removed top 24 bits (of 32) from port A of cell top.$2688 ($mul).
Removed top 24 bits (of 32) from port B of cell top.$2688 ($mul).
Removed top 16 bits (of 32) from port Y of cell top.$2688 ($mul).
Removed top 16 bits (of 32) from port B of cell top.$2689 ($add).
Converting cell top.$2706 ($mul) from unsigned to signed.
Removed top 24 bits (of 32) from port A of cell top.$2706 ($mul).
Removed top 24 bits (of 32) from port B of cell top.$2706 ($mul).
Removed top 16 bits (of 32) from port Y of cell top.$2706 ($mul).
Removed top 16 bits (of 32) from port B of cell top.$2707 ($add).
Converting cell top.$2724 ($mul) from unsigned to signed.
Removed top 24 bits (of 32) from port A of cell top.$2724 ($mul).
Removed top 24 bits (of 32) from port B of cell top.$2724 ($mul).
Removed top 16 bits (of 32) from port Y of cell top.$2724 ($mul).
Removed top 16 bits (of 32) from port B of cell top.$2725 ($add).
Converting cell top.$2742 ($mul) from unsigned to signed.
Removed top 24 bits (of 32) from port A of cell top.$2742 ($mul).
Removed top 24 bits (of 32) from port B of cell top.$2742 ($mul).
Removed top 16 bits (of 32) from port Y of cell top.$2742 ($mul).
Removed top 16 bits (of 32) from port B of cell top.$2743 ($add).
Converting cell top.$2760 ($mul) from unsigned to signed.
Removed top 24 bits (of 32) from port A of cell top.$2760 ($mul).
Removed top 24 bits (of 32) from port B of cell top.$2760 ($mul).
Removed top 16 bits (of 32) from port Y of cell top.$2760 ($mul).
Removed top 16 bits (of 32) from port B of cell top.$2761 ($add).
Converting cell top.$2778 ($mul) from unsigned to signed.
Removed top 24 bits (of 32) from port A of cell top.$2778 ($mul).
Removed top 24 bits (of 32) from port B of cell top.$2778 ($mul).
Removed top 16 bits (of 32) from port Y of cell top.$2778 ($mul).
Removed top 16 bits (of 32) from port B of cell top.$2779 ($add).
Converting cell top.$2796 ($mul) from unsigned to signed.
Removed top 24 bits (of 32) from port A of cell top.$2796 ($mul).
Removed top 24 bits (of 32) from port B of cell top.$2796 ($mul).
Removed top 16 bits (of 32) from port Y of cell top.$2796 ($mul).
Removed top 16 bits (of 32) from port B of cell top.$2797 ($add).
Converting cell top.$2814 ($mul) from unsigned to signed.
Removed top 24 bits (of 32) from port A of cell top.$2814 ($mul).
Removed top 24 bits (of 32) from port B of cell top.$2814 ($mul).
Removed top 16 bits (of 32) from port Y of cell top.$2814 ($mul).
Removed top 16 bits (of 32) from port B of cell top.$2815 ($add).
Converting cell top.$2832 ($mul) from unsigned to signed.
Removed top 24 bits (of 32) from port A of cell top.$2832 ($mul).
Removed top 24 bits (of 32) from port B of cell top.$2832 ($mul).
Removed top 16 bits (of 32) from port Y of cell top.$2832 ($mul).
Removed top 16 bits (of 32) from port B of cell top.$2833 ($add).
Converting cell top.$2850 ($mul) from unsigned to signed.
Removed top 24 bits (of 32) from port A of cell top.$2850 ($mul).
Removed top 24 bits (of 32) from port B of cell top.$2850 ($mul).
Removed top 16 bits (of 32) from port Y of cell top.$2850 ($mul).
Removed top 16 bits (of 32) from port B of cell top.$2851 ($add).
Converting cell top.$2868 ($mul) from unsigned to signed.
Removed top 24 bits (of 32) from port A of cell top.$2868 ($mul).
Removed top 24 bits (of 32) from port B of cell top.$2868 ($mul).
Removed top 16 bits (of 32) from port Y of cell top.$2868 ($mul).
Removed top 16 bits (of 32) from port B of cell top.$2869 ($add).
Converting cell top.$2886 ($mul) from unsigned to signed.
Removed top 24 bits (of 32) from port A of cell top.$2886 ($mul).
Removed top 24 bits (of 32) from port B of cell top.$2886 ($mul).
Removed top 16 bits (of 32) from port Y of cell top.$2886 ($mul).
Removed top 16 bits (of 32) from port B of cell top.$2887 ($add).
Converting cell top.$2904 ($mul) from unsigned to signed.
Removed top 24 bits (of 32) from port A of cell top.$2904 ($mul).
Removed top 24 bits (of 32) from port B of cell top.$2904 ($mul).
Removed top 16 bits (of 32) from port Y of cell top.$2904 ($mul).
Removed top 16 bits (of 32) from port B of cell top.$2905 ($add).
Converting cell top.$2922 ($mul) from unsigned to signed.
Removed top 24 bits (of 32) from port A of cell top.$2922 ($mul).
Removed top 24 bits (of 32) from port B of cell top.$2922 ($mul).
Removed top 16 bits (of 32) from port Y of cell top.$2922 ($mul).
Removed top 16 bits (of 32) from port B of cell top.$2923 ($add).
Converting cell top.$2940 ($mul) from unsigned to signed.
Removed top 24 bits (of 32) from port A of cell top.$2940 ($mul).
Removed top 24 bits (of 32) from port B of cell top.$2940 ($mul).
Removed top 16 bits (of 32) from port Y of cell top.$2940 ($mul).
Removed top 16 bits (of 32) from port B of cell top.$2941 ($add).
Converting cell top.$2958 ($mul) from unsigned to signed.
Removed top 24 bits (of 32) from port A of cell top.$2958 ($mul).
Removed top 24 bits (of 32) from port B of cell top.$2958 ($mul).
Removed top 16 bits (of 32) from port Y of cell top.$2958 ($mul).
Removed top 16 bits (of 32) from port B of cell top.$2959 ($add).
Converting cell top.$2976 ($mul) from unsigned to signed.
Removed top 24 bits (of 32) from port A of cell top.$2976 ($mul).
Removed top 24 bits (of 32) from port B of cell top.$2976 ($mul).
Removed top 16 bits (of 32) from port Y of cell top.$2976 ($mul).
Removed top 16 bits (of 32) from port B of cell top.$2977 ($add).
Converting cell top.$2994 ($mul) from unsigned to signed.
Removed top 24 bits (of 32) from port A of cell top.$2994 ($mul).
Removed top 24 bits (of 32) from port B of cell top.$2994 ($mul).
Removed top 16 bits (of 32) from port Y of cell top.$2994 ($mul).
Removed top 16 bits (of 32) from port B of cell top.$2995 ($add).
Converting cell top.$3012 ($mul) from unsigned to signed.
Removed top 24 bits (of 32) from port A of cell top.$3012 ($mul).
Removed top 24 bits (of 32) from port B of cell top.$3012 ($mul).
Removed top 16 bits (of 32) from port Y of cell top.$3012 ($mul).
Removed top 16 bits (of 32) from port B of cell top.$3013 ($add).
Converting cell top.$3030 ($mul) from unsigned to signed.
Removed top 24 bits (of 32) from port A of cell top.$3030 ($mul).
Removed top 24 bits (of 32) from port B of cell top.$3030 ($mul).
Removed top 16 bits (of 32) from port Y of cell top.$3030 ($mul).
Removed top 16 bits (of 32) from port B of cell top.$3031 ($add).
Converting cell top.$3048 ($mul) from unsigned to signed.
Removed top 24 bits (of 32) from port A of cell top.$3048 ($mul).
Removed top 24 bits (of 32) from port B of cell top.$3048 ($mul).
Removed top 16 bits (of 32) from port Y of cell top.$3048 ($mul).
Removed top 16 bits (of 32) from port B of cell top.$3049 ($add).
Converting cell top.$3066 ($mul) from unsigned to signed.
Removed top 24 bits (of 32) from port A of cell top.$3066 ($mul).
Removed top 24 bits (of 32) from port B of cell top.$3066 ($mul).
Removed top 16 bits (of 32) from port Y of cell top.$3066 ($mul).
Removed top 16 bits (of 32) from port B of cell top.$3067 ($add).
Converting cell top.$3084 ($mul) from unsigned to signed.
Removed top 24 bits (of 32) from port A of cell top.$3084 ($mul).
Removed top 24 bits (of 32) from port B of cell top.$3084 ($mul).
Removed top 16 bits (of 32) from port Y of cell top.$3084 ($mul).
Removed top 16 bits (of 32) from port B of cell top.$3085 ($add).
Converting cell top.$3102 ($mul) from unsigned to signed.
Removed top 24 bits (of 32) from port A of cell top.$3102 ($mul).
Removed top 24 bits (of 32) from port B of cell top.$3102 ($mul).
Removed top 16 bits (of 32) from port Y of cell top.$3102 ($mul).
Removed top 16 bits (of 32) from port B of cell top.$3103 ($add).
Converting cell top.$3120 ($mul) from unsigned to signed.
Removed top 24 bits (of 32) from port A of cell top.$3120 ($mul).
Removed top 24 bits (of 32) from port B of cell top.$3120 ($mul).
Removed top 16 bits (of 32) from port Y of cell top.$3120 ($mul).
Removed top 16 bits (of 32) from port B of cell top.$3121 ($add).
Converting cell top.$3138 ($mul) from unsigned to signed.
Removed top 24 bits (of 32) from port A of cell top.$3138 ($mul).
Removed top 24 bits (of 32) from port B of cell top.$3138 ($mul).
Removed top 16 bits (of 32) from port Y of cell top.$3138 ($mul).
Removed top 16 bits (of 32) from port B of cell top.$3139 ($add).
Converting cell top.$3156 ($mul) from unsigned to signed.
Removed top 24 bits (of 32) from port A of cell top.$3156 ($mul).
Removed top 24 bits (of 32) from port B of cell top.$3156 ($mul).
Removed top 16 bits (of 32) from port Y of cell top.$3156 ($mul).
Removed top 16 bits (of 32) from port B of cell top.$3157 ($add).
Converting cell top.$3174 ($mul) from unsigned to signed.
Removed top 24 bits (of 32) from port A of cell top.$3174 ($mul).
Removed top 24 bits (of 32) from port B of cell top.$3174 ($mul).
Removed top 16 bits (of 32) from port Y of cell top.$3174 ($mul).
Removed top 16 bits (of 32) from port B of cell top.$3175 ($add).
Converting cell top.$3192 ($mul) from unsigned to signed.
Removed top 24 bits (of 32) from port A of cell top.$3192 ($mul).
Removed top 24 bits (of 32) from port B of cell top.$3192 ($mul).
Removed top 16 bits (of 32) from port Y of cell top.$3192 ($mul).
Removed top 16 bits (of 32) from port B of cell top.$3193 ($add).
Converting cell top.$3210 ($mul) from unsigned to signed.
Removed top 24 bits (of 32) from port A of cell top.$3210 ($mul).
Removed top 24 bits (of 32) from port B of cell top.$3210 ($mul).
Removed top 16 bits (of 32) from port Y of cell top.$3210 ($mul).
Removed top 16 bits (of 32) from port B of cell top.$3211 ($add).
Converting cell top.$3228 ($mul) from unsigned to signed.
Removed top 24 bits (of 32) from port A of cell top.$3228 ($mul).
Removed top 24 bits (of 32) from port B of cell top.$3228 ($mul).
Removed top 16 bits (of 32) from port Y of cell top.$3228 ($mul).
Removed top 16 bits (of 32) from port B of cell top.$3229 ($add).
Converting cell top.$3246 ($mul) from unsigned to signed.
Removed top 24 bits (of 32) from port A of cell top.$3246 ($mul).
Removed top 24 bits (of 32) from port B of cell top.$3246 ($mul).
Removed top 16 bits (of 32) from port Y of cell top.$3246 ($mul).
Removed top 16 bits (of 32) from port B of cell top.$3247 ($add).
Converting cell top.$3264 ($mul) from unsigned to signed.
Removed top 24 bits (of 32) from port A of cell top.$3264 ($mul).
Removed top 24 bits (of 32) from port B of cell top.$3264 ($mul).
Removed top 16 bits (of 32) from port Y of cell top.$3264 ($mul).
Removed top 16 bits (of 32) from port B of cell top.$3265 ($add).
Converting cell top.$3282 ($mul) from unsigned to signed.
Removed top 24 bits (of 32) from port A of cell top.$3282 ($mul).
Removed top 24 bits (of 32) from port B of cell top.$3282 ($mul).
Removed top 16 bits (of 32) from port Y of cell top.$3282 ($mul).
Removed top 16 bits (of 32) from port B of cell top.$3283 ($add).
Converting cell top.$3300 ($mul) from unsigned to signed.
Removed top 24 bits (of 32) from port A of cell top.$3300 ($mul).
Removed top 24 bits (of 32) from port B of cell top.$3300 ($mul).
Removed top 16 bits (of 32) from port Y of cell top.$3300 ($mul).
Removed top 16 bits (of 32) from port B of cell top.$3301 ($add).
Converting cell top.$3318 ($mul) from unsigned to signed.
Removed top 24 bits (of 32) from port A of cell top.$3318 ($mul).
Removed top 24 bits (of 32) from port B of cell top.$3318 ($mul).
Removed top 16 bits (of 32) from port Y of cell top.$3318 ($mul).
Removed top 16 bits (of 32) from port B of cell top.$3319 ($add).
Converting cell top.$3336 ($mul) from unsigned to signed.
Removed top 24 bits (of 32) from port A of cell top.$3336 ($mul).
Removed top 24 bits (of 32) from port B of cell top.$3336 ($mul).
Removed top 16 bits (of 32) from port Y of cell top.$3336 ($mul).
Removed top 16 bits (of 32) from port B of cell top.$3337 ($add).
Converting cell top.$3354 ($mul) from unsigned to signed.
Removed top 24 bits (of 32) from port A of cell top.$3354 ($mul).
Removed top 24 bits (of 32) from port B of cell top.$3354 ($mul).
Removed top 16 bits (of 32) from port Y of cell top.$3354 ($mul).
Removed top 16 bits (of 32) from port B of cell top.$3355 ($add).
Converting cell top.$3372 ($mul) from unsigned to signed.
Removed top 24 bits (of 32) from port A of cell top.$3372 ($mul).
Removed top 24 bits (of 32) from port B of cell top.$3372 ($mul).
Removed top 16 bits (of 32) from port Y of cell top.$3372 ($mul).
Removed top 16 bits (of 32) from port B of cell top.$3373 ($add).
Converting cell top.$3390 ($mul) from unsigned to signed.
Removed top 24 bits (of 32) from port A of cell top.$3390 ($mul).
Removed top 24 bits (of 32) from port B of cell top.$3390 ($mul).
Removed top 16 bits (of 32) from port Y of cell top.$3390 ($mul).
Removed top 16 bits (of 32) from port B of cell top.$3391 ($add).
Converting cell top.$3408 ($mul) from unsigned to signed.
Removed top 24 bits (of 32) from port A of cell top.$3408 ($mul).
Removed top 24 bits (of 32) from port B of cell top.$3408 ($mul).
Removed top 16 bits (of 32) from port Y of cell top.$3408 ($mul).
Removed top 16 bits (of 32) from port B of cell top.$3409 ($add).
Converting cell top.$3426 ($mul) from unsigned to signed.
Removed top 24 bits (of 32) from port A of cell top.$3426 ($mul).
Removed top 24 bits (of 32) from port B of cell top.$3426 ($mul).
Removed top 16 bits (of 32) from port Y of cell top.$3426 ($mul).
Removed top 16 bits (of 32) from port B of cell top.$3427 ($add).
Converting cell top.$3444 ($mul) from unsigned to signed.
Removed top 24 bits (of 32) from port A of cell top.$3444 ($mul).
Removed top 24 bits (of 32) from port B of cell top.$3444 ($mul).
Removed top 16 bits (of 32) from port Y of cell top.$3444 ($mul).
Removed top 16 bits (of 32) from port B of cell top.$3445 ($add).
Converting cell top.$3462 ($mul) from unsigned to signed.
Removed top 24 bits (of 32) from port A of cell top.$3462 ($mul).
Removed top 24 bits (of 32) from port B of cell top.$3462 ($mul).
Removed top 16 bits (of 32) from port Y of cell top.$3462 ($mul).
Removed top 16 bits (of 32) from port B of cell top.$3463 ($add).
Converting cell top.$3480 ($mul) from unsigned to signed.
Removed top 24 bits (of 32) from port A of cell top.$3480 ($mul).
Removed top 24 bits (of 32) from port B of cell top.$3480 ($mul).
Removed top 16 bits (of 32) from port Y of cell top.$3480 ($mul).
Removed top 16 bits (of 32) from port B of cell top.$3481 ($add).
Converting cell top.$3498 ($mul) from unsigned to signed.
Removed top 24 bits (of 32) from port A of cell top.$3498 ($mul).
Removed top 24 bits (of 32) from port B of cell top.$3498 ($mul).
Removed top 16 bits (of 32) from port Y of cell top.$3498 ($mul).
Removed top 16 bits (of 32) from port B of cell top.$3499 ($add).
Converting cell top.$3516 ($mul) from unsigned to signed.
Removed top 24 bits (of 32) from port A of cell top.$3516 ($mul).
Removed top 24 bits (of 32) from port B of cell top.$3516 ($mul).
Removed top 16 bits (of 32) from port Y of cell top.$3516 ($mul).
Removed top 16 bits (of 32) from port B of cell top.$3517 ($add).
Converting cell top.$3534 ($mul) from unsigned to signed.
Removed top 24 bits (of 32) from port A of cell top.$3534 ($mul).
Removed top 24 bits (of 32) from port B of cell top.$3534 ($mul).
Removed top 16 bits (of 32) from port Y of cell top.$3534 ($mul).
Removed top 16 bits (of 32) from port B of cell top.$3535 ($add).
Converting cell top.$3552 ($mul) from unsigned to signed.
Removed top 24 bits (of 32) from port A of cell top.$3552 ($mul).
Removed top 24 bits (of 32) from port B of cell top.$3552 ($mul).
Removed top 16 bits (of 32) from port Y of cell top.$3552 ($mul).
Removed top 16 bits (of 32) from port B of cell top.$3553 ($add).
Converting cell top.$3570 ($mul) from unsigned to signed.
Removed top 24 bits (of 32) from port A of cell top.$3570 ($mul).
Removed top 24 bits (of 32) from port B of cell top.$3570 ($mul).
Removed top 16 bits (of 32) from port Y of cell top.$3570 ($mul).
Removed top 16 bits (of 32) from port B of cell top.$3571 ($add).
Converting cell top.$3588 ($mul) from unsigned to signed.
Removed top 24 bits (of 32) from port A of cell top.$3588 ($mul).
Removed top 24 bits (of 32) from port B of cell top.$3588 ($mul).
Removed top 16 bits (of 32) from port Y of cell top.$3588 ($mul).
Removed top 16 bits (of 32) from port B of cell top.$3589 ($add).
Converting cell top.$3606 ($mul) from unsigned to signed.
Removed top 24 bits (of 32) from port A of cell top.$3606 ($mul).
Removed top 24 bits (of 32) from port B of cell top.$3606 ($mul).
Removed top 16 bits (of 32) from port Y of cell top.$3606 ($mul).
Removed top 16 bits (of 32) from port B of cell top.$3607 ($add).
Converting cell top.$3624 ($mul) from unsigned to signed.
Removed top 24 bits (of 32) from port A of cell top.$3624 ($mul).
Removed top 24 bits (of 32) from port B of cell top.$3624 ($mul).
Removed top 16 bits (of 32) from port Y of cell top.$3624 ($mul).
Removed top 16 bits (of 32) from port B of cell top.$3625 ($add).
Converting cell top.$3642 ($mul) from unsigned to signed.
Removed top 24 bits (of 32) from port A of cell top.$3642 ($mul).
Removed top 24 bits (of 32) from port B of cell top.$3642 ($mul).
Removed top 16 bits (of 32) from port Y of cell top.$3642 ($mul).
Removed top 16 bits (of 32) from port B of cell top.$3643 ($add).
Converting cell top.$3660 ($mul) from unsigned to signed.
Removed top 24 bits (of 32) from port A of cell top.$3660 ($mul).
Removed top 24 bits (of 32) from port B of cell top.$3660 ($mul).
Removed top 16 bits (of 32) from port Y of cell top.$3660 ($mul).
Removed top 16 bits (of 32) from port B of cell top.$3661 ($add).
Converting cell top.$3678 ($mul) from unsigned to signed.
Removed top 24 bits (of 32) from port A of cell top.$3678 ($mul).
Removed top 24 bits (of 32) from port B of cell top.$3678 ($mul).
Removed top 16 bits (of 32) from port Y of cell top.$3678 ($mul).
Removed top 16 bits (of 32) from port B of cell top.$3679 ($add).
Converting cell top.$3696 ($mul) from unsigned to signed.
Removed top 24 bits (of 32) from port A of cell top.$3696 ($mul).
Removed top 24 bits (of 32) from port B of cell top.$3696 ($mul).
Removed top 16 bits (of 32) from port Y of cell top.$3696 ($mul).
Removed top 16 bits (of 32) from port B of cell top.$3697 ($add).
Converting cell top.$3714 ($mul) from unsigned to signed.
Removed top 24 bits (of 32) from port A of cell top.$3714 ($mul).
Removed top 24 bits (of 32) from port B of cell top.$3714 ($mul).
Removed top 16 bits (of 32) from port Y of cell top.$3714 ($mul).
Removed top 16 bits (of 32) from port B of cell top.$3715 ($add).
Converting cell top.$3732 ($mul) from unsigned to signed.
Removed top 24 bits (of 32) from port A of cell top.$3732 ($mul).
Removed top 24 bits (of 32) from port B of cell top.$3732 ($mul).
Removed top 16 bits (of 32) from port Y of cell top.$3732 ($mul).
Removed top 16 bits (of 32) from port B of cell top.$3733 ($add).
Converting cell top.$3750 ($mul) from unsigned to signed.
Removed top 24 bits (of 32) from port A of cell top.$3750 ($mul).
Removed top 24 bits (of 32) from port B of cell top.$3750 ($mul).
Removed top 16 bits (of 32) from port Y of cell top.$3750 ($mul).
Removed top 16 bits (of 32) from port B of cell top.$3751 ($add).
Converting cell top.$3768 ($mul) from unsigned to signed.
Removed top 24 bits (of 32) from port A of cell top.$3768 ($mul).
Removed top 24 bits (of 32) from port B of cell top.$3768 ($mul).
Removed top 16 bits (of 32) from port Y of cell top.$3768 ($mul).
Removed top 16 bits (of 32) from port B of cell top.$3769 ($add).
Converting cell top.$3786 ($mul) from unsigned to signed.
Removed top 24 bits (of 32) from port A of cell top.$3786 ($mul).
Removed top 24 bits (of 32) from port B of cell top.$3786 ($mul).
Removed top 16 bits (of 32) from port Y of cell top.$3786 ($mul).
Removed top 16 bits (of 32) from port B of cell top.$3787 ($add).
Converting cell top.$3804 ($mul) from unsigned to signed.
Removed top 24 bits (of 32) from port A of cell top.$3804 ($mul).
Removed top 24 bits (of 32) from port B of cell top.$3804 ($mul).
Removed top 16 bits (of 32) from port Y of cell top.$3804 ($mul).
Removed top 16 bits (of 32) from port B of cell top.$3805 ($add).
Converting cell top.$3822 ($mul) from unsigned to signed.
Removed top 24 bits (of 32) from port A of cell top.$3822 ($mul).
Removed top 24 bits (of 32) from port B of cell top.$3822 ($mul).
Removed top 16 bits (of 32) from port Y of cell top.$3822 ($mul).
Removed top 16 bits (of 32) from port B of cell top.$3823 ($add).
Converting cell top.$3840 ($mul) from unsigned to signed.
Removed top 24 bits (of 32) from port A of cell top.$3840 ($mul).
Removed top 24 bits (of 32) from port B of cell top.$3840 ($mul).
Removed top 16 bits (of 32) from port Y of cell top.$3840 ($mul).
Removed top 16 bits (of 32) from port B of cell top.$3841 ($add).
Converting cell top.$3858 ($mul) from unsigned to signed.
Removed top 24 bits (of 32) from port A of cell top.$3858 ($mul).
Removed top 24 bits (of 32) from port B of cell top.$3858 ($mul).
Removed top 16 bits (of 32) from port Y of cell top.$3858 ($mul).
Removed top 16 bits (of 32) from port B of cell top.$3859 ($add).
Converting cell top.$3876 ($mul) from unsigned to signed.
Removed top 24 bits (of 32) from port A of cell top.$3876 ($mul).
Removed top 24 bits (of 32) from port B of cell top.$3876 ($mul).
Removed top 16 bits (of 32) from port Y of cell top.$3876 ($mul).
Removed top 16 bits (of 32) from port B of cell top.$3877 ($add).
Converting cell top.$3894 ($mul) from unsigned to signed.
Removed top 24 bits (of 32) from port A of cell top.$3894 ($mul).
Removed top 24 bits (of 32) from port B of cell top.$3894 ($mul).
Removed top 16 bits (of 32) from port Y of cell top.$3894 ($mul).
Removed top 16 bits (of 32) from port B of cell top.$3895 ($add).
Converting cell top.$3912 ($mul) from unsigned to signed.
Removed top 24 bits (of 32) from port A of cell top.$3912 ($mul).
Removed top 24 bits (of 32) from port B of cell top.$3912 ($mul).
Removed top 16 bits (of 32) from port Y of cell top.$3912 ($mul).
Removed top 16 bits (of 32) from port B of cell top.$3913 ($add).
Converting cell top.$3930 ($mul) from unsigned to signed.
Removed top 24 bits (of 32) from port A of cell top.$3930 ($mul).
Removed top 24 bits (of 32) from port B of cell top.$3930 ($mul).
Removed top 16 bits (of 32) from port Y of cell top.$3930 ($mul).
Removed top 16 bits (of 32) from port B of cell top.$3931 ($add).
Converting cell top.$3948 ($mul) from unsigned to signed.
Removed top 24 bits (of 32) from port A of cell top.$3948 ($mul).
Removed top 24 bits (of 32) from port B of cell top.$3948 ($mul).
Removed top 16 bits (of 32) from port Y of cell top.$3948 ($mul).
Removed top 16 bits (of 32) from port B of cell top.$3949 ($add).
Converting cell top.$3966 ($mul) from unsigned to signed.
Removed top 24 bits (of 32) from port A of cell top.$3966 ($mul).
Removed top 24 bits (of 32) from port B of cell top.$3966 ($mul).
Removed top 16 bits (of 32) from port Y of cell top.$3966 ($mul).
Removed top 16 bits (of 32) from port B of cell top.$3967 ($add).
Converting cell top.$3984 ($mul) from unsigned to signed.
Removed top 24 bits (of 32) from port A of cell top.$3984 ($mul).
Removed top 24 bits (of 32) from port B of cell top.$3984 ($mul).
Removed top 16 bits (of 32) from port Y of cell top.$3984 ($mul).
Removed top 16 bits (of 32) from port B of cell top.$3985 ($add).
Converting cell top.$4002 ($mul) from unsigned to signed.
Removed top 24 bits (of 32) from port A of cell top.$4002 ($mul).
Removed top 24 bits (of 32) from port B of cell top.$4002 ($mul).
Removed top 16 bits (of 32) from port Y of cell top.$4002 ($mul).
Removed top 16 bits (of 32) from port B of cell top.$4003 ($add).
Converting cell top.$4020 ($mul) from unsigned to signed.
Removed top 24 bits (of 32) from port A of cell top.$4020 ($mul).
Removed top 24 bits (of 32) from port B of cell top.$4020 ($mul).
Removed top 16 bits (of 32) from port Y of cell top.$4020 ($mul).
Removed top 16 bits (of 32) from port B of cell top.$4021 ($add).
Converting cell top.$4038 ($mul) from unsigned to signed.
Removed top 24 bits (of 32) from port A of cell top.$4038 ($mul).
Removed top 24 bits (of 32) from port B of cell top.$4038 ($mul).
Removed top 16 bits (of 32) from port Y of cell top.$4038 ($mul).
Removed top 16 bits (of 32) from port B of cell top.$4039 ($add).
Converting cell top.$4056 ($mul) from unsigned to signed.
Removed top 24 bits (of 32) from port A of cell top.$4056 ($mul).
Removed top 24 bits (of 32) from port B of cell top.$4056 ($mul).
Removed top 16 bits (of 32) from port Y of cell top.$4056 ($mul).
Removed top 16 bits (of 32) from port B of cell top.$4057 ($add).
Converting cell top.$4074 ($mul) from unsigned to signed.
Removed top 24 bits (of 32) from port A of cell top.$4074 ($mul).
Removed top 24 bits (of 32) from port B of cell top.$4074 ($mul).
Removed top 16 bits (of 32) from port Y of cell top.$4074 ($mul).
Removed top 16 bits (of 32) from port B of cell top.$4075 ($add).
Converting cell top.$4092 ($mul) from unsigned to signed.
Removed top 24 bits (of 32) from port A of cell top.$4092 ($mul).
Removed top 24 bits (of 32) from port B of cell top.$4092 ($mul).
Removed top 16 bits (of 32) from port Y of cell top.$4092 ($mul).
Removed top 16 bits (of 32) from port B of cell top.$4093 ($add).
Converting cell top.$4110 ($mul) from unsigned to signed.
Removed top 24 bits (of 32) from port A of cell top.$4110 ($mul).
Removed top 24 bits (of 32) from port B of cell top.$4110 ($mul).
Removed top 16 bits (of 32) from port Y of cell top.$4110 ($mul).
Removed top 16 bits (of 32) from port B of cell top.$4111 ($add).
Converting cell top.$4128 ($mul) from unsigned to signed.
Removed top 24 bits (of 32) from port A of cell top.$4128 ($mul).
Removed top 24 bits (of 32) from port B of cell top.$4128 ($mul).
Removed top 16 bits (of 32) from port Y of cell top.$4128 ($mul).
Removed top 16 bits (of 32) from port B of cell top.$4129 ($add).
Converting cell top.$4146 ($mul) from unsigned to signed.
Removed top 24 bits (of 32) from port A of cell top.$4146 ($mul).
Removed top 24 bits (of 32) from port B of cell top.$4146 ($mul).
Removed top 16 bits (of 32) from port Y of cell top.$4146 ($mul).
Removed top 16 bits (of 32) from port B of cell top.$4147 ($add).
Converting cell top.$4164 ($mul) from unsigned to signed.
Removed top 24 bits (of 32) from port A of cell top.$4164 ($mul).
Removed top 24 bits (of 32) from port B of cell top.$4164 ($mul).
Removed top 16 bits (of 32) from port Y of cell top.$4164 ($mul).
Removed top 16 bits (of 32) from port B of cell top.$4165 ($add).
Converting cell top.$4182 ($mul) from unsigned to signed.
Removed top 24 bits (of 32) from port A of cell top.$4182 ($mul).
Removed top 24 bits (of 32) from port B of cell top.$4182 ($mul).
Removed top 16 bits (of 32) from port Y of cell top.$4182 ($mul).
Removed top 16 bits (of 32) from port B of cell top.$4183 ($add).
Converting cell top.$4200 ($mul) from unsigned to signed.
Removed top 24 bits (of 32) from port A of cell top.$4200 ($mul).
Removed top 24 bits (of 32) from port B of cell top.$4200 ($mul).
Removed top 16 bits (of 32) from port Y of cell top.$4200 ($mul).
Removed top 16 bits (of 32) from port B of cell top.$4201 ($add).
Converting cell top.$4218 ($mul) from unsigned to signed.
Removed top 24 bits (of 32) from port A of cell top.$4218 ($mul).
Removed top 24 bits (of 32) from port B of cell top.$4218 ($mul).
Removed top 16 bits (of 32) from port Y of cell top.$4218 ($mul).
Removed top 16 bits (of 32) from port B of cell top.$4219 ($add).
Converting cell top.$4236 ($mul) from unsigned to signed.
Removed top 24 bits (of 32) from port A of cell top.$4236 ($mul).
Removed top 24 bits (of 32) from port B of cell top.$4236 ($mul).
Removed top 16 bits (of 32) from port Y of cell top.$4236 ($mul).
Removed top 16 bits (of 32) from port B of cell top.$4237 ($add).
Converting cell top.$4254 ($mul) from unsigned to signed.
Removed top 24 bits (of 32) from port A of cell top.$4254 ($mul).
Removed top 24 bits (of 32) from port B of cell top.$4254 ($mul).
Removed top 16 bits (of 32) from port Y of cell top.$4254 ($mul).
Removed top 16 bits (of 32) from port B of cell top.$4255 ($add).
Converting cell top.$4272 ($mul) from unsigned to signed.
Removed top 24 bits (of 32) from port A of cell top.$4272 ($mul).
Removed top 24 bits (of 32) from port B of cell top.$4272 ($mul).
Removed top 16 bits (of 32) from port Y of cell top.$4272 ($mul).
Removed top 16 bits (of 32) from port B of cell top.$4273 ($add).
Converting cell top.$4290 ($mul) from unsigned to signed.
Removed top 24 bits (of 32) from port A of cell top.$4290 ($mul).
Removed top 24 bits (of 32) from port B of cell top.$4290 ($mul).
Removed top 16 bits (of 32) from port Y of cell top.$4290 ($mul).
Removed top 16 bits (of 32) from port B of cell top.$4291 ($add).
Converting cell top.$4308 ($mul) from unsigned to signed.
Removed top 24 bits (of 32) from port A of cell top.$4308 ($mul).
Removed top 24 bits (of 32) from port B of cell top.$4308 ($mul).
Removed top 16 bits (of 32) from port Y of cell top.$4308 ($mul).
Removed top 16 bits (of 32) from port B of cell top.$4309 ($add).
Converting cell top.$4326 ($mul) from unsigned to signed.
Removed top 24 bits (of 32) from port A of cell top.$4326 ($mul).
Removed top 24 bits (of 32) from port B of cell top.$4326 ($mul).
Removed top 16 bits (of 32) from port Y of cell top.$4326 ($mul).
Removed top 16 bits (of 32) from port B of cell top.$4327 ($add).
Converting cell top.$4344 ($mul) from unsigned to signed.
Removed top 24 bits (of 32) from port A of cell top.$4344 ($mul).
Removed top 24 bits (of 32) from port B of cell top.$4344 ($mul).
Removed top 16 bits (of 32) from port Y of cell top.$4344 ($mul).
Removed top 16 bits (of 32) from port B of cell top.$4345 ($add).
Converting cell top.$4362 ($mul) from unsigned to signed.
Removed top 24 bits (of 32) from port A of cell top.$4362 ($mul).
Removed top 24 bits (of 32) from port B of cell top.$4362 ($mul).
Removed top 16 bits (of 32) from port Y of cell top.$4362 ($mul).
Removed top 16 bits (of 32) from port B of cell top.$4363 ($add).
Converting cell top.$4380 ($mul) from unsigned to signed.
Removed top 24 bits (of 32) from port A of cell top.$4380 ($mul).
Removed top 24 bits (of 32) from port B of cell top.$4380 ($mul).
Removed top 16 bits (of 32) from port Y of cell top.$4380 ($mul).
Removed top 16 bits (of 32) from port B of cell top.$4381 ($add).
Converting cell top.$4398 ($mul) from unsigned to signed.
Removed top 24 bits (of 32) from port A of cell top.$4398 ($mul).
Removed top 24 bits (of 32) from port B of cell top.$4398 ($mul).
Removed top 16 bits (of 32) from port Y of cell top.$4398 ($mul).
Removed top 16 bits (of 32) from port B of cell top.$4399 ($add).
Converting cell top.$4416 ($mul) from unsigned to signed.
Removed top 24 bits (of 32) from port A of cell top.$4416 ($mul).
Removed top 24 bits (of 32) from port B of cell top.$4416 ($mul).
Removed top 16 bits (of 32) from port Y of cell top.$4416 ($mul).
Removed top 16 bits (of 32) from port B of cell top.$4417 ($add).
Converting cell top.$4434 ($mul) from unsigned to signed.
Removed top 24 bits (of 32) from port A of cell top.$4434 ($mul).
Removed top 24 bits (of 32) from port B of cell top.$4434 ($mul).
Removed top 16 bits (of 32) from port Y of cell top.$4434 ($mul).
Removed top 16 bits (of 32) from port B of cell top.$4435 ($add).
Converting cell top.$4452 ($mul) from unsigned to signed.
Removed top 24 bits (of 32) from port A of cell top.$4452 ($mul).
Removed top 24 bits (of 32) from port B of cell top.$4452 ($mul).
Removed top 16 bits (of 32) from port Y of cell top.$4452 ($mul).
Removed top 16 bits (of 32) from port B of cell top.$4453 ($add).
Converting cell top.$4470 ($mul) from unsigned to signed.
Removed top 24 bits (of 32) from port A of cell top.$4470 ($mul).
Removed top 24 bits (of 32) from port B of cell top.$4470 ($mul).
Removed top 16 bits (of 32) from port Y of cell top.$4470 ($mul).
Removed top 16 bits (of 32) from port B of cell top.$4471 ($add).
Converting cell top.$4488 ($mul) from unsigned to signed.
Removed top 24 bits (of 32) from port A of cell top.$4488 ($mul).
Removed top 24 bits (of 32) from port B of cell top.$4488 ($mul).
Removed top 16 bits (of 32) from port Y of cell top.$4488 ($mul).
Removed top 16 bits (of 32) from port B of cell top.$4489 ($add).
Converting cell top.$4506 ($mul) from unsigned to signed.
Removed top 24 bits (of 32) from port A of cell top.$4506 ($mul).
Removed top 24 bits (of 32) from port B of cell top.$4506 ($mul).
Removed top 16 bits (of 32) from port Y of cell top.$4506 ($mul).
Removed top 16 bits (of 32) from port B of cell top.$4507 ($add).
Converting cell top.$4524 ($mul) from unsigned to signed.
Removed top 24 bits (of 32) from port A of cell top.$4524 ($mul).
Removed top 24 bits (of 32) from port B of cell top.$4524 ($mul).
Removed top 16 bits (of 32) from port Y of cell top.$4524 ($mul).
Removed top 16 bits (of 32) from port B of cell top.$4525 ($add).
Converting cell top.$4542 ($mul) from unsigned to signed.
Removed top 24 bits (of 32) from port A of cell top.$4542 ($mul).
Removed top 24 bits (of 32) from port B of cell top.$4542 ($mul).
Removed top 16 bits (of 32) from port Y of cell top.$4542 ($mul).
Removed top 16 bits (of 32) from port B of cell top.$4543 ($add).
Converting cell top.$4560 ($mul) from unsigned to signed.
Removed top 24 bits (of 32) from port A of cell top.$4560 ($mul).
Removed top 24 bits (of 32) from port B of cell top.$4560 ($mul).
Removed top 16 bits (of 32) from port Y of cell top.$4560 ($mul).
Removed top 16 bits (of 32) from port B of cell top.$4561 ($add).
Converting cell top.$4578 ($mul) from unsigned to signed.
Removed top 24 bits (of 32) from port A of cell top.$4578 ($mul).
Removed top 24 bits (of 32) from port B of cell top.$4578 ($mul).
Removed top 16 bits (of 32) from port Y of cell top.$4578 ($mul).
Removed top 16 bits (of 32) from port B of cell top.$4579 ($add).
Converting cell top.$4596 ($mul) from unsigned to signed.
Removed top 24 bits (of 32) from port A of cell top.$4596 ($mul).
Removed top 24 bits (of 32) from port B of cell top.$4596 ($mul).
Removed top 16 bits (of 32) from port Y of cell top.$4596 ($mul).
Removed top 16 bits (of 32) from port B of cell top.$4597 ($add).
Converting cell top.$4614 ($mul) from unsigned to signed.
Removed top 24 bits (of 32) from port A of cell top.$4614 ($mul).
Removed top 24 bits (of 32) from port B of cell top.$4614 ($mul).
Removed top 16 bits (of 32) from port Y of cell top.$4614 ($mul).
Removed top 16 bits (of 32) from port B of cell top.$4615 ($add).
Converting cell top.$4632 ($mul) from unsigned to signed.
Removed top 24 bits (of 32) from port A of cell top.$4632 ($mul).
Removed top 24 bits (of 32) from port B of cell top.$4632 ($mul).
Removed top 16 bits (of 32) from port Y of cell top.$4632 ($mul).
Removed top 16 bits (of 32) from port B of cell top.$4633 ($add).
Converting cell top.$4650 ($mul) from unsigned to signed.
Removed top 24 bits (of 32) from port A of cell top.$4650 ($mul).
Removed top 24 bits (of 32) from port B of cell top.$4650 ($mul).
Removed top 16 bits (of 32) from port Y of cell top.$4650 ($mul).
Removed top 16 bits (of 32) from port B of cell top.$4651 ($add).
Converting cell top.$4668 ($mul) from unsigned to signed.
Removed top 24 bits (of 32) from port A of cell top.$4668 ($mul).
Removed top 24 bits (of 32) from port B of cell top.$4668 ($mul).
Removed top 16 bits (of 32) from port Y of cell top.$4668 ($mul).
Removed top 16 bits (of 32) from port B of cell top.$4669 ($add).
Converting cell top.$4686 ($mul) from unsigned to signed.
Removed top 24 bits (of 32) from port A of cell top.$4686 ($mul).
Removed top 24 bits (of 32) from port B of cell top.$4686 ($mul).
Removed top 16 bits (of 32) from port Y of cell top.$4686 ($mul).
Removed top 16 bits (of 32) from port B of cell top.$4687 ($add).
Converting cell top.$4704 ($mul) from unsigned to signed.
Removed top 24 bits (of 32) from port A of cell top.$4704 ($mul).
Removed top 24 bits (of 32) from port B of cell top.$4704 ($mul).
Removed top 16 bits (of 32) from port Y of cell top.$4704 ($mul).
Removed top 16 bits (of 32) from port B of cell top.$4705 ($add).
Converting cell top.$4722 ($mul) from unsigned to signed.
Removed top 24 bits (of 32) from port A of cell top.$4722 ($mul).
Removed top 24 bits (of 32) from port B of cell top.$4722 ($mul).
Removed top 16 bits (of 32) from port Y of cell top.$4722 ($mul).
Removed top 16 bits (of 32) from port B of cell top.$4723 ($add).
Converting cell top.$4740 ($mul) from unsigned to signed.
Removed top 24 bits (of 32) from port A of cell top.$4740 ($mul).
Removed top 24 bits (of 32) from port B of cell top.$4740 ($mul).
Removed top 16 bits (of 32) from port Y of cell top.$4740 ($mul).
Removed top 16 bits (of 32) from port B of cell top.$4741 ($add).
Converting cell top.$4758 ($mul) from unsigned to signed.
Removed top 24 bits (of 32) from port A of cell top.$4758 ($mul).
Removed top 24 bits (of 32) from port B of cell top.$4758 ($mul).
Removed top 16 bits (of 32) from port Y of cell top.$4758 ($mul).
Removed top 16 bits (of 32) from port B of cell top.$4759 ($add).
Converting cell top.$4776 ($mul) from unsigned to signed.
Removed top 24 bits (of 32) from port A of cell top.$4776 ($mul).
Removed top 24 bits (of 32) from port B of cell top.$4776 ($mul).
Removed top 16 bits (of 32) from port Y of cell top.$4776 ($mul).
Removed top 16 bits (of 32) from port B of cell top.$4777 ($add).
Converting cell top.$4794 ($mul) from unsigned to signed.
Removed top 24 bits (of 32) from port A of cell top.$4794 ($mul).
Removed top 24 bits (of 32) from port B of cell top.$4794 ($mul).
Removed top 16 bits (of 32) from port Y of cell top.$4794 ($mul).
Removed top 16 bits (of 32) from port B of cell top.$4795 ($add).
Converting cell top.$4812 ($mul) from unsigned to signed.
Removed top 24 bits (of 32) from port A of cell top.$4812 ($mul).
Removed top 24 bits (of 32) from port B of cell top.$4812 ($mul).
Removed top 16 bits (of 32) from port Y of cell top.$4812 ($mul).
Removed top 16 bits (of 32) from port B of cell top.$4813 ($add).
Converting cell top.$4830 ($mul) from unsigned to signed.
Removed top 24 bits (of 32) from port A of cell top.$4830 ($mul).
Removed top 24 bits (of 32) from port B of cell top.$4830 ($mul).
Removed top 16 bits (of 32) from port Y of cell top.$4830 ($mul).
Removed top 16 bits (of 32) from port B of cell top.$4831 ($add).
Converting cell top.$4848 ($mul) from unsigned to signed.
Removed top 24 bits (of 32) from port A of cell top.$4848 ($mul).
Removed top 24 bits (of 32) from port B of cell top.$4848 ($mul).
Removed top 16 bits (of 32) from port Y of cell top.$4848 ($mul).
Removed top 16 bits (of 32) from port B of cell top.$4849 ($add).
Converting cell top.$4866 ($mul) from unsigned to signed.
Removed top 24 bits (of 32) from port A of cell top.$4866 ($mul).
Removed top 24 bits (of 32) from port B of cell top.$4866 ($mul).
Removed top 16 bits (of 32) from port Y of cell top.$4866 ($mul).
Removed top 16 bits (of 32) from port B of cell top.$4867 ($add).
Converting cell top.$4884 ($mul) from unsigned to signed.
Removed top 24 bits (of 32) from port A of cell top.$4884 ($mul).
Removed top 24 bits (of 32) from port B of cell top.$4884 ($mul).
Removed top 16 bits (of 32) from port Y of cell top.$4884 ($mul).
Removed top 16 bits (of 32) from port B of cell top.$4885 ($add).

2.10. Executing PEEPOPT pass (run peephole optimizers).

2.11. Executing OPT_CLEAN pass (remove unused cells and wires).
Finding unused cells or wires in module \top..

2.12. Executing ALUMACC pass (create $alu and $macc cells).
Extracting $alu and $macc cells in module top:
  creating $macc model for $4129 ($add).
  creating $macc model for $4128 ($mul).
  creating $macc model for $4416 ($mul).
  creating $macc model for $4417 ($add).
  creating $macc model for $1770 ($mul).
  creating $macc model for $3012 ($mul).
  creating $macc model for $1429 ($add).
  creating $macc model for $1428 ($mul).
  creating $macc model for $1878 ($mul).
  creating $macc model for $1771 ($add).
  creating $macc model for $4111 ($add).
  creating $macc model for $4110 ($mul).
  creating $macc model for $1411 ($add).
  creating $macc model for $1410 ($mul).
  creating $macc model for $1879 ($add).
  creating $macc model for $2976 ($mul).
  creating $macc model for $1717 ($add).
  creating $macc model for $1716 ($mul).
  creating $macc model for $1393 ($add).
  creating $macc model for $1392 ($mul).
  creating $macc model for $4093 ($add).
  creating $macc model for $4092 ($mul).
  creating $macc model for $1483 ($add).
  creating $macc model for $4867 ($add).
  creating $macc model for $4309 ($add).
  creating $macc model for $4308 ($mul).
  creating $macc model for $1375 ($add).
  creating $macc model for $1374 ($mul).
  creating $macc model for $1896 ($mul).
  creating $macc model for $2815 ($add).
  creating $macc model for $4075 ($add).
  creating $macc model for $4074 ($mul).
  creating $macc model for $1357 ($add).
  creating $macc model for $1356 ($mul).
  creating $macc model for $1897 ($add).
  creating $macc model for $2814 ($mul).
  creating $macc model for $4434 ($mul).
  creating $macc model for $4435 ($add).
  creating $macc model for $1339 ($add).
  creating $macc model for $1338 ($mul).
  creating $macc model for $4057 ($add).
  creating $macc model for $4056 ($mul).
  creating $macc model for $2922 ($mul).
  creating $macc model for $2851 ($add).
  creating $macc model for $1753 ($add).
  creating $macc model for $1321 ($add).
  creating $macc model for $1320 ($mul).
  creating $macc model for $1752 ($mul).
  creating $macc model for $1914 ($mul).
  creating $macc model for $1915 ($add).
  creating $macc model for $4039 ($add).
  creating $macc model for $4038 ($mul).
  creating $macc model for $1303 ($add).
  creating $macc model for $1302 ($mul).
  creating $macc model for $2562 ($mul).
  creating $macc model for $1699 ($add).
  creating $macc model for $2563 ($add).
  creating $macc model for $1285 ($add).
  creating $macc model for $1284 ($mul).
  creating $macc model for $4021 ($add).
  creating $macc model for $4020 ($mul).
  creating $macc model for $4452 ($mul).
  creating $macc model for $4453 ($add).
  creating $macc model for $1267 ($add).
  creating $macc model for $1266 ($mul).
  creating $macc model for $1932 ($mul).
  creating $macc model for $1933 ($add).
  creating $macc model for $4003 ($add).
  creating $macc model for $4002 ($mul).
  creating $macc model for $1249 ($add).
  creating $macc model for $1248 ($mul).
  creating $macc model for $1698 ($mul).
  creating $macc model for $2850 ($mul).
  creating $macc model for $1231 ($add).
  creating $macc model for $1230 ($mul).
  creating $macc model for $3985 ($add).
  creating $macc model for $3984 ($mul).
  creating $macc model for $2544 ($mul).
  creating $macc model for $1213 ($add).
  creating $macc model for $1212 ($mul).
  creating $macc model for $1950 ($mul).
  creating $macc model for $1951 ($add).
  creating $macc model for $3967 ($add).
  creating $macc model for $3966 ($mul).
  creating $macc model for $1195 ($add).
  creating $macc model for $1194 ($mul).
  creating $macc model for $4470 ($mul).
  creating $macc model for $4471 ($add).
  creating $macc model for $2868 ($mul).
  creating $macc model for $4291 ($add).
  creating $macc model for $1177 ($add).
  creating $macc model for $1176 ($mul).
  creating $macc model for $3949 ($add).
  creating $macc model for $3948 ($mul).
  creating $macc model for $4290 ($mul).
  creating $macc model for $1968 ($mul).
  creating $macc model for $2797 ($add).
  creating $macc model for $1159 ($add).
  creating $macc model for $1158 ($mul).
  creating $macc model for $1969 ($add).
  creating $macc model for $2796 ($mul).
  creating $macc model for $3931 ($add).
  creating $macc model for $3930 ($mul).
  creating $macc model for $3013 ($add).
  creating $macc model for $1141 ($add).
  creating $macc model for $1140 ($mul).
  creating $macc model for $2869 ($add).
  creating $macc model for $1681 ($add).
  creating $macc model for $1680 ($mul).
  creating $macc model for $4488 ($mul).
  creating $macc model for $4489 ($add).
  creating $macc model for $2958 ($mul).
  creating $macc model for $1123 ($add).
  creating $macc model for $1122 ($mul).
  creating $macc model for $3913 ($add).
  creating $macc model for $3912 ($mul).
  creating $macc model for $1986 ($mul).
  creating $macc model for $1105 ($add).
  creating $macc model for $1104 ($mul).
  creating $macc model for $1987 ($add).
  creating $macc model for $3895 ($add).
  creating $macc model for $3894 ($mul).
  creating $macc model for $1087 ($add).
  creating $macc model for $1086 ($mul).
  creating $macc model for $4344 ($mul).
  creating $macc model for $1788 ($mul).
  creating $macc model for $1789 ($add).
  creating $macc model for $1069 ($add).
  creating $macc model for $1068 ($mul).
  creating $macc model for $3877 ($add).
  creating $macc model for $3876 ($mul).
  creating $macc model for $2004 ($mul).
  creating $macc model for $2005 ($add).
  creating $macc model for $4884 ($mul).
  creating $macc model for $1051 ($add).
  creating $macc model for $1050 ($mul).
  creating $macc model for $2455 ($add).
  creating $macc model for $4506 ($mul).
  creating $macc model for $2995 ($add).
  creating $macc model for $3859 ($add).
  creating $macc model for $3858 ($mul).
  creating $macc model for $1033 ($add).
  creating $macc model for $1032 ($mul).
  creating $macc model for $4507 ($add).
  creating $macc model for $4885 ($add).
  creating $macc model for $2545 ($add).
  creating $macc model for $1015 ($add).
  creating $macc model for $1014 ($mul).
  creating $macc model for $3841 ($add).
  creating $macc model for $3840 ($mul).
  creating $macc model for $2022 ($mul).
  creating $macc model for $2023 ($add).
  creating $macc model for $1501 ($add).
  creating $macc model for $997 ($add).
  creating $macc model for $996 ($mul).
  creating $macc model for $3823 ($add).
  creating $macc model for $3822 ($mul).
  creating $macc model for $979 ($add).
  creating $macc model for $978 ($mul).
  creating $macc model for $1663 ($add).
  creating $macc model for $1662 ($mul).
  creating $macc model for $4524 ($mul).
  creating $macc model for $4525 ($add).
  creating $macc model for $2779 ($add).
  creating $macc model for $961 ($add).
  creating $macc model for $960 ($mul).
  creating $macc model for $3805 ($add).
  creating $macc model for $3804 ($mul).
  creating $macc model for $2040 ($mul).
  creating $macc model for $2041 ($add).
  creating $macc model for $2778 ($mul).
  creating $macc model for $943 ($add).
  creating $macc model for $942 ($mul).
  creating $macc model for $2527 ($add).
  creating $macc model for $3787 ($add).
  creating $macc model for $3786 ($mul).
  creating $macc model for $925 ($add).
  creating $macc model for $924 ($mul).
  creating $macc model for $4273 ($add).
  creating $macc model for $2526 ($mul).
  creating $macc model for $4272 ($mul).
  creating $macc model for $4362 ($mul).
  creating $macc model for $4363 ($add).
  creating $macc model for $2580 ($mul).
  creating $macc model for $907 ($add).
  creating $macc model for $906 ($mul).
  creating $macc model for $3769 ($add).
  creating $macc model for $3768 ($mul).
  creating $macc model for $2058 ($mul).
  creating $macc model for $2059 ($add).
  creating $macc model for $2581 ($add).
  creating $macc model for $889 ($add).
  creating $macc model for $888 ($mul).
  creating $macc model for $4542 ($mul).
  creating $macc model for $4543 ($add).
  creating $macc model for $3751 ($add).
  creating $macc model for $3750 ($mul).
  creating $macc model for $871 ($add).
  creating $macc model for $870 ($mul).
  creating $macc model for $4399 ($add).
  creating $macc model for $2076 ($mul).
  creating $macc model for $853 ($add).
  creating $macc model for $852 ($mul).
  creating $macc model for $1843 ($add).
  creating $macc model for $3733 ($add).
  creating $macc model for $3732 ($mul).
  creating $macc model for $2077 ($add).
  creating $macc model for $835 ($add).
  creating $macc model for $834 ($mul).
  creating $macc model for $1645 ($add).
  creating $macc model for $1644 ($mul).
  creating $macc model for $4147 ($add).
  creating $macc model for $3715 ($add).
  creating $macc model for $3714 ($mul).
  creating $macc model for $817 ($add).
  creating $macc model for $816 ($mul).
  creating $macc model for $4560 ($mul).
  creating $macc model for $4561 ($add).
  creating $macc model for $2094 ($mul).
  creating $macc model for $2095 ($add).
  creating $macc model for $799 ($add).
  creating $macc model for $798 ($mul).
  creating $macc model for $3697 ($add).
  creating $macc model for $3696 ($mul).
  creating $macc model for $781 ($add).
  creating $macc model for $780 ($mul).
  creating $macc model for $2473 ($add).
  creating $macc model for $2761 ($add).
  creating $macc model for $3679 ($add).
  creating $macc model for $3678 ($mul).
  creating $macc model for $763 ($add).
  creating $macc model for $762 ($mul).
  creating $macc model for $4255 ($add).
  creating $macc model for $2760 ($mul).
  creating $macc model for $2112 ($mul).
  creating $macc model for $2113 ($add).
  creating $macc model for $745 ($add).
  creating $macc model for $744 ($mul).
  creating $macc model for $3661 ($add).
  creating $macc model for $3660 ($mul).
  creating $macc model for $4578 ($mul).
  creating $macc model for $4579 ($add).
  creating $macc model for $4146 ($mul).
  creating $macc model for $727 ($add).
  creating $macc model for $726 ($mul).
  creating $macc model for $4849 ($add).
  creating $macc model for $3643 ($add).
  creating $macc model for $3642 ($mul).
  creating $macc model for $709 ($add).
  creating $macc model for $708 ($mul).
  creating $macc model for $4254 ($mul).
  creating $macc model for $2130 ($mul).
  creating $macc model for $2131 ($add).
  creating $macc model for $691 ($add).
  creating $macc model for $690 ($mul).
  creating $macc model for $3625 ($add).
  creating $macc model for $3624 ($mul).
  creating $macc model for $1627 ($add).
  creating $macc model for $1626 ($mul).
  creating $macc model for $2490 ($mul).
  creating $macc model for $673 ($add).
  creating $macc model for $672 ($mul).
  creating $macc model for $4596 ($mul).
  creating $macc model for $3607 ($add).
  creating $macc model for $3606 ($mul).
  creating $macc model for $655 ($add).
  creating $macc model for $654 ($mul).
  creating $macc model for $4597 ($add).
  creating $macc model for $2886 ($mul).
  creating $macc model for $1465 ($add).
  creating $macc model for $2148 ($mul).
  creating $macc model for $2149 ($add).
  creating $macc model for $1464 ($mul).
  creating $macc model for $637 ($add).
  creating $macc model for $636 ($mul).
  creating $macc model for $3589 ($add).
  creating $macc model for $3588 ($mul).
  creating $macc model for $2887 ($add).
  creating $macc model for $1806 ($mul).
  creating $macc model for $1807 ($add).
  creating $macc model for $619 ($add).
  creating $macc model for $618 ($mul).
  creating $macc model for $2491 ($add).
  creating $macc model for $3571 ($add).
  creating $macc model for $3570 ($mul).
  creating $macc model for $601 ($add).
  creating $macc model for $600 ($mul).
  creating $macc model for $4327 ($add).
  creating $macc model for $2166 ($mul).
  creating $macc model for $2167 ($add).
  creating $macc model for $583 ($add).
  creating $macc model for $582 ($mul).
  creating $macc model for $3553 ($add).
  creating $macc model for $3552 ($mul).
  creating $macc model for $4614 ($mul).
  creating $macc model for $4615 ($add).
  creating $macc model for $2743 ($add).
  creating $macc model for $2670 ($mul).
  creating $macc model for $564 ($mul).
  creating $macc model for $2959 ($add).
  creating $macc model for $2742 ($mul).
  creating $macc model for $3535 ($add).
  creating $macc model for $3534 ($mul).
  creating $macc model for $546 ($mul).
  creating $macc model for $1609 ($add).
  creating $macc model for $2184 ($mul).
  creating $macc model for $2185 ($add).
  creating $macc model for $4398 ($mul).
  creating $macc model for $1608 ($mul).
  creating $macc model for $2635 ($add).
  creating $macc model for $528 ($mul).
  creating $macc model for $3517 ($add).
  creating $macc model for $3516 ($mul).
  creating $macc model for $2598 ($mul).
  creating $macc model for $510 ($mul).
  creating $macc model for $4632 ($mul).
  creating $macc model for $4813 ($add).
  creating $macc model for $4633 ($add).
  creating $macc model for $2599 ($add).
  creating $macc model for $3499 ($add).
  creating $macc model for $3498 ($mul).
  creating $macc model for $492 ($mul).
  creating $macc model for $2202 ($mul).
  creating $macc model for $2203 ($add).
  creating $macc model for $4848 ($mul).
  creating $macc model for $4237 ($add).
  creating $macc model for $474 ($mul).
  creating $macc model for $3481 ($add).
  creating $macc model for $3480 ($mul).
  creating $macc model for $4236 ($mul).
  creating $macc model for $4326 ($mul).
  creating $macc model for $456 ($mul).
  creating $macc model for $3463 ($add).
  creating $macc model for $3462 ($mul).
  creating $macc model for $438 ($mul).
  creating $macc model for $2220 ($mul).
  creating $macc model for $2221 ($add).
  creating $macc model for $1860 ($mul).
  creating $macc model for $4650 ($mul).
  creating $macc model for $4651 ($add).
  creating $macc model for $1861 ($add).
  creating $macc model for $420 ($mul).
  creating $macc model for $1842 ($mul).
  creating $macc model for $3445 ($add).
  creating $macc model for $3444 ($mul).
  creating $macc model for $402 ($mul).
  creating $macc model for $1591 ($add).
  creating $macc model for $3427 ($add).
  creating $macc model for $3426 ($mul).
  creating $macc model for $4831 ($add).
  creating $macc model for $384 ($mul).
  creating $macc model for $2238 ($mul).
  creating $macc model for $2239 ($add).
  creating $macc model for $1590 ($mul).
  creating $macc model for $4380 ($mul).
  creating $macc model for $2725 ($add).
  creating $macc model for $4830 ($mul).
  creating $macc model for $366 ($mul).
  creating $macc model for $3409 ($add).
  creating $macc model for $3408 ($mul).
  creating $macc model for $2472 ($mul).
  creating $macc model for $4668 ($mul).
  creating $macc model for $4669 ($add).
  creating $macc model for $2724 ($mul).
  creating $macc model for $348 ($mul).
  creating $macc model for $2256 ($mul).
  creating $macc model for $3391 ($add).
  creating $macc model for $3390 ($mul).
  creating $macc model for $330 ($mul).
  creating $macc model for $2257 ($add).
  creating $macc model for $4381 ($add).
  creating $macc model for $2653 ($add).
  creating $macc model for $312 ($mul).
  creating $macc model for $3373 ($add).
  creating $macc model for $3372 ($mul).
  creating $macc model for $4164 ($mul).
  creating $macc model for $4219 ($add).
  creating $macc model for $4218 ($mul).
  creating $macc model for $2652 ($mul).
  creating $macc model for $294 ($mul).
  creating $macc model for $4812 ($mul).
  creating $macc model for $2274 ($mul).
  creating $macc model for $2923 ($add).
  creating $macc model for $3355 ($add).
  creating $macc model for $3354 ($mul).
  creating $macc model for $2275 ($add).
  creating $macc model for $4686 ($mul).
  creating $macc model for $4687 ($add).
  creating $macc model for $3337 ($add).
  creating $macc model for $3336 ($mul).
  creating $macc model for $4165 ($add).
  creating $macc model for $1573 ($add).
  creating $macc model for $1572 ($mul).
  creating $macc model for $2292 ($mul).
  creating $macc model for $2293 ($add).
  creating $macc model for $1482 ($mul).
  creating $macc model for $3319 ($add).
  creating $macc model for $3318 ($mul).
  creating $macc model for $1500 ($mul).
  creating $macc model for $1824 ($mul).
  creating $macc model for $3301 ($add).
  creating $macc model for $3300 ($mul).
  creating $macc model for $4704 ($mul).
  creating $macc model for $4705 ($add).
  creating $macc model for $2310 ($mul).
  creating $macc model for $2311 ($add).
  creating $macc model for $3283 ($add).
  creating $macc model for $3282 ($mul).
  creating $macc model for $1825 ($add).
  creating $macc model for $2833 ($add).
  creating $macc model for $2707 ($add).
  creating $macc model for $2706 ($mul).
  creating $macc model for $3265 ($add).
  creating $macc model for $3264 ($mul).
  creating $macc model for $2832 ($mul).
  creating $macc model for $2328 ($mul).
  creating $macc model for $2329 ($add).
  creating $macc model for $2616 ($mul).
  creating $macc model for $3247 ($add).
  creating $macc model for $3246 ($mul).
  creating $macc model for $4722 ($mul).
  creating $macc model for $4723 ($add).
  creating $macc model for $2617 ($add).
  creating $macc model for $2904 ($mul).
  creating $macc model for $1555 ($add).
  creating $macc model for $3229 ($add).
  creating $macc model for $3228 ($mul).
  creating $macc model for $1554 ($mul).
  creating $macc model for $2346 ($mul).
  creating $macc model for $2347 ($add).
  creating $macc model for $2941 ($add).
  creating $macc model for $3211 ($add).
  creating $macc model for $3210 ($mul).
  creating $macc model for $2905 ($add).
  creating $macc model for $4201 ($add).
  creating $macc model for $2994 ($mul).
  creating $macc model for $4200 ($mul).
  creating $macc model for $4740 ($mul).
  creating $macc model for $4741 ($add).
  creating $macc model for $3193 ($add).
  creating $macc model for $3192 ($mul).
  creating $macc model for $2364 ($mul).
  creating $macc model for $2365 ($add).
  creating $macc model for $3175 ($add).
  creating $macc model for $3174 ($mul).
  creating $macc model for $1735 ($add).
  creating $macc model for $1734 ($mul).
  creating $macc model for $2940 ($mul).
  creating $macc model for $3157 ($add).
  creating $macc model for $3156 ($mul).
  creating $macc model for $2382 ($mul).
  creating $macc model for $2383 ($add).
  creating $macc model for $2689 ($add).
  creating $macc model for $4758 ($mul).
  creating $macc model for $2688 ($mul).
  creating $macc model for $3139 ($add).
  creating $macc model for $3138 ($mul).
  creating $macc model for $4759 ($add).
  creating $macc model for $2977 ($add).
  creating $macc model for $1537 ($add).
  creating $macc model for $1536 ($mul).
  creating $macc model for $4345 ($add).
  creating $macc model for $3121 ($add).
  creating $macc model for $3120 ($mul).
  creating $macc model for $2400 ($mul).
  creating $macc model for $2401 ($add).
  creating $macc model for $1447 ($add).
  creating $macc model for $3103 ($add).
  creating $macc model for $3102 ($mul).
  creating $macc model for $4866 ($mul).
  creating $macc model for $4776 ($mul).
  creating $macc model for $1446 ($mul).
  creating $macc model for $4777 ($add).
  creating $macc model for $3085 ($add).
  creating $macc model for $3084 ($mul).
  creating $macc model for $2418 ($mul).
  creating $macc model for $2419 ($add).
  creating $macc model for $2509 ($add).
  creating $macc model for $3067 ($add).
  creating $macc model for $3066 ($mul).
  creating $macc model for $4183 ($add).
  creating $macc model for $4182 ($mul).
  creating $macc model for $2508 ($mul).
  creating $macc model for $1519 ($add).
  creating $macc model for $2634 ($mul).
  creating $macc model for $3049 ($add).
  creating $macc model for $3048 ($mul).
  creating $macc model for $2436 ($mul).
  creating $macc model for $2437 ($add).
  creating $macc model for $4794 ($mul).
  creating $macc model for $4795 ($add).
  creating $macc model for $3031 ($add).
  creating $macc model for $3030 ($mul).
  creating $macc model for $1518 ($mul).
  creating $macc model for $2454 ($mul).
  creating $macc model for $2671 ($add).
  merging $macc model for $2670 into $2671.
  merging $macc model for $3030 into $3031.
  merging $macc model for $4794 into $4795.
  merging $macc model for $2436 into $2437.
  merging $macc model for $3048 into $3049.
  merging $macc model for $1518 into $1519.
  merging $macc model for $4182 into $4183.
  merging $macc model for $3066 into $3067.
  merging $macc model for $2508 into $2509.
  merging $macc model for $2418 into $2419.
  merging $macc model for $3084 into $3085.
  merging $macc model for $4776 into $4777.
  merging $macc model for $3102 into $3103.
  merging $macc model for $1446 into $1447.
  merging $macc model for $2400 into $2401.
  merging $macc model for $3120 into $3121.
  merging $macc model for $4344 into $4345.
  merging $macc model for $1536 into $1537.
  merging $macc model for $2976 into $2977.
  merging $macc model for $4758 into $4759.
  merging $macc model for $3138 into $3139.
  merging $macc model for $2688 into $2689.
  merging $macc model for $2382 into $2383.
  merging $macc model for $3156 into $3157.
  merging $macc model for $1734 into $1735.
  merging $macc model for $3174 into $3175.
  merging $macc model for $2364 into $2365.
  merging $macc model for $3192 into $3193.
  merging $macc model for $4740 into $4741.
  merging $macc model for $4200 into $4201.
  merging $macc model for $2904 into $2905.
  merging $macc model for $3210 into $3211.
  merging $macc model for $2940 into $2941.
  merging $macc model for $2346 into $2347.
  merging $macc model for $3228 into $3229.
  merging $macc model for $1554 into $1555.
  merging $macc model for $2616 into $2617.
  merging $macc model for $4722 into $4723.
  merging $macc model for $3246 into $3247.
  merging $macc model for $2328 into $2329.
  merging $macc model for $3264 into $3265.
  merging $macc model for $2706 into $2707.
  merging $macc model for $2832 into $2833.
  merging $macc model for $1824 into $1825.
  merging $macc model for $3282 into $3283.
  merging $macc model for $2310 into $2311.
  merging $macc model for $4704 into $4705.
  merging $macc model for $3300 into $3301.
  merging $macc model for $3318 into $3319.
  merging $macc model for $2292 into $2293.
  merging $macc model for $1572 into $1573.
  merging $macc model for $4164 into $4165.
  merging $macc model for $3336 into $3337.
  merging $macc model for $4686 into $4687.
  merging $macc model for $2274 into $2275.
  merging $macc model for $3354 into $3355.
  merging $macc model for $2922 into $2923.
  merging $macc model for $4218 into $4219.
  merging $macc model for $3372 into $3373.
  merging $macc model for $2652 into $2653.
  merging $macc model for $4380 into $4381.
  merging $macc model for $2256 into $2257.
  merging $macc model for $3390 into $3391.
  merging $macc model for $4668 into $4669.
  merging $macc model for $3408 into $3409.
  merging $macc model for $2724 into $2725.
  merging $macc model for $2238 into $2239.
  merging $macc model for $4830 into $4831.
  merging $macc model for $3426 into $3427.
  merging $macc model for $1590 into $1591.
  merging $macc model for $3444 into $3445.
  merging $macc model for $1860 into $1861.
  merging $macc model for $4650 into $4651.
  merging $macc model for $2220 into $2221.
  merging $macc model for $3462 into $3463.
  merging $macc model for $3480 into $3481.
  merging $macc model for $4236 into $4237.
  merging $macc model for $2202 into $2203.
  merging $macc model for $3498 into $3499.
  merging $macc model for $2598 into $2599.
  merging $macc model for $4632 into $4633.
  merging $macc model for $4812 into $4813.
  merging $macc model for $3516 into $3517.
  merging $macc model for $2634 into $2635.
  merging $macc model for $2184 into $2185.
  merging $macc model for $1608 into $1609.
  merging $macc model for $3534 into $3535.
  merging $macc model for $2958 into $2959.
  merging $macc model for $2742 into $2743.
  merging $macc model for $4614 into $4615.
  merging $macc model for $3552 into $3553.
  merging $macc model for $582 into $583.
  merging $macc model for $2166 into $2167.
  merging $macc model for $4326 into $4327.
  merging $macc model for $600 into $601.
  merging $macc model for $3570 into $3571.
  merging $macc model for $2490 into $2491.
  merging $macc model for $618 into $619.
  merging $macc model for $1806 into $1807.
  merging $macc model for $2886 into $2887.
  merging $macc model for $3588 into $3589.
  merging $macc model for $636 into $637.
  merging $macc model for $2148 into $2149.
  merging $macc model for $1464 into $1465.
  merging $macc model for $4596 into $4597.
  merging $macc model for $654 into $655.
  merging $macc model for $3606 into $3607.
  merging $macc model for $672 into $673.
  merging $macc model for $1626 into $1627.
  merging $macc model for $3624 into $3625.
  merging $macc model for $690 into $691.
  merging $macc model for $2130 into $2131.
  merging $macc model for $708 into $709.
  merging $macc model for $3642 into $3643.
  merging $macc model for $4848 into $4849.
  merging $macc model for $726 into $727.
  merging $macc model for $4578 into $4579.
  merging $macc model for $3660 into $3661.
  merging $macc model for $744 into $745.
  merging $macc model for $2112 into $2113.
  merging $macc model for $4254 into $4255.
  merging $macc model for $762 into $763.
  merging $macc model for $3678 into $3679.
  merging $macc model for $2760 into $2761.
  merging $macc model for $2472 into $2473.
  merging $macc model for $780 into $781.
  merging $macc model for $3696 into $3697.
  merging $macc model for $798 into $799.
  merging $macc model for $2094 into $2095.
  merging $macc model for $4560 into $4561.
  merging $macc model for $816 into $817.
  merging $macc model for $3714 into $3715.
  merging $macc model for $4146 into $4147.
  merging $macc model for $1644 into $1645.
  merging $macc model for $834 into $835.
  merging $macc model for $2076 into $2077.
  merging $macc model for $3732 into $3733.
  merging $macc model for $1842 into $1843.
  merging $macc model for $852 into $853.
  merging $macc model for $4398 into $4399.
  merging $macc model for $870 into $871.
  merging $macc model for $3750 into $3751.
  merging $macc model for $4542 into $4543.
  merging $macc model for $888 into $889.
  merging $macc model for $2580 into $2581.
  merging $macc model for $2058 into $2059.
  merging $macc model for $3768 into $3769.
  merging $macc model for $906 into $907.
  merging $macc model for $4362 into $4363.
  merging $macc model for $4272 into $4273.
  merging $macc model for $924 into $925.
  merging $macc model for $3786 into $3787.
  merging $macc model for $2526 into $2527.
  merging $macc model for $942 into $943.
  merging $macc model for $2040 into $2041.
  merging $macc model for $3804 into $3805.
  merging $macc model for $960 into $961.
  merging $macc model for $2778 into $2779.
  merging $macc model for $4524 into $4525.
  merging $macc model for $1662 into $1663.
  merging $macc model for $978 into $979.
  merging $macc model for $3822 into $3823.
  merging $macc model for $996 into $997.
  merging $macc model for $1500 into $1501.
  merging $macc model for $2022 into $2023.
  merging $macc model for $3840 into $3841.
  merging $macc model for $1014 into $1015.
  merging $macc model for $2544 into $2545.
  merging $macc model for $4884 into $4885.
  merging $macc model for $4506 into $4507.
  merging $macc model for $1032 into $1033.
  merging $macc model for $3858 into $3859.
  merging $macc model for $2994 into $2995.
  merging $macc model for $2454 into $2455.
  merging $macc model for $1050 into $1051.
  merging $macc model for $2004 into $2005.
  merging $macc model for $3876 into $3877.
  merging $macc model for $1068 into $1069.
  merging $macc model for $1788 into $1789.
  merging $macc model for $1086 into $1087.
  merging $macc model for $3894 into $3895.
  merging $macc model for $1986 into $1987.
  merging $macc model for $1104 into $1105.
  merging $macc model for $3912 into $3913.
  merging $macc model for $1122 into $1123.
  merging $macc model for $4488 into $4489.
  merging $macc model for $1680 into $1681.
  merging $macc model for $2868 into $2869.
  merging $macc model for $1140 into $1141.
  merging $macc model for $3012 into $3013.
  merging $macc model for $3930 into $3931.
  merging $macc model for $1968 into $1969.
  merging $macc model for $1158 into $1159.
  merging $macc model for $2796 into $2797.
  merging $macc model for $3948 into $3949.
  merging $macc model for $1176 into $1177.
  merging $macc model for $4290 into $4291.
  merging $macc model for $4470 into $4471.
  merging $macc model for $1194 into $1195.
  merging $macc model for $3966 into $3967.
  merging $macc model for $1950 into $1951.
  merging $macc model for $1212 into $1213.
  merging $macc model for $3984 into $3985.
  merging $macc model for $1230 into $1231.
  merging $macc model for $1248 into $1249.
  merging $macc model for $4002 into $4003.
  merging $macc model for $1932 into $1933.
  merging $macc model for $1266 into $1267.
  merging $macc model for $4452 into $4453.
  merging $macc model for $4020 into $4021.
  merging $macc model for $1284 into $1285.
  merging $macc model for $2562 into $2563.
  merging $macc model for $1698 into $1699.
  merging $macc model for $1302 into $1303.
  merging $macc model for $4038 into $4039.
  merging $macc model for $1914 into $1915.
  merging $macc model for $1320 into $1321.
  merging $macc model for $1752 into $1753.
  merging $macc model for $2850 into $2851.
  merging $macc model for $4056 into $4057.
  merging $macc model for $1338 into $1339.
  merging $macc model for $4434 into $4435.
  merging $macc model for $1896 into $1897.
  merging $macc model for $1356 into $1357.
  merging $macc model for $4074 into $4075.
  merging $macc model for $2814 into $2815.
  merging $macc model for $1374 into $1375.
  merging $macc model for $4308 into $4309.
  merging $macc model for $4866 into $4867.
  merging $macc model for $1482 into $1483.
  merging $macc model for $4092 into $4093.
  merging $macc model for $1392 into $1393.
  merging $macc model for $1716 into $1717.
  merging $macc model for $1878 into $1879.
  merging $macc model for $1410 into $1411.
  merging $macc model for $4110 into $4111.
  merging $macc model for $1770 into $1771.
  merging $macc model for $1428 into $1429.
  merging $macc model for $4416 into $4417.
  merging $macc model for $4128 into $4129.
  creating $macc cell for $3625: $auto$alumacc.cc:399:replace_macc$4849
  creating $macc cell for $3391: $auto$alumacc.cc:399:replace_macc$4850
  creating $macc cell for $691: $auto$alumacc.cc:399:replace_macc$4851
  creating $macc cell for $2131: $auto$alumacc.cc:399:replace_macc$4852
  creating $macc cell for $2599: $auto$alumacc.cc:399:replace_macc$4853
  creating $macc cell for $4219: $auto$alumacc.cc:399:replace_macc$4854
  creating $macc cell for $330: $auto$alumacc.cc:399:replace_macc$4855
  creating $macc cell for $709: $auto$alumacc.cc:399:replace_macc$4856
  creating $macc cell for $2257: $auto$alumacc.cc:399:replace_macc$4857
  creating $macc cell for $3643: $auto$alumacc.cc:399:replace_macc$4858
  creating $macc cell for $4849: $auto$alumacc.cc:399:replace_macc$4859
  creating $macc cell for $2653: $auto$alumacc.cc:399:replace_macc$4860
  creating $macc cell for $727: $auto$alumacc.cc:399:replace_macc$4861
  creating $macc cell for $3337: $auto$alumacc.cc:399:replace_macc$4862
  creating $macc cell for $4579: $auto$alumacc.cc:399:replace_macc$4863
  creating $macc cell for $312: $auto$alumacc.cc:399:replace_macc$4864
  creating $macc cell for $3373: $auto$alumacc.cc:399:replace_macc$4865
  creating $macc cell for $3661: $auto$alumacc.cc:399:replace_macc$4866
  creating $macc cell for $510: $auto$alumacc.cc:399:replace_macc$4867
  creating $macc cell for $745: $auto$alumacc.cc:399:replace_macc$4868
  creating $macc cell for $2113: $auto$alumacc.cc:399:replace_macc$4869
  creating $macc cell for $3049: $auto$alumacc.cc:399:replace_macc$4870
  creating $macc cell for $294: $auto$alumacc.cc:399:replace_macc$4871
  creating $macc cell for $4255: $auto$alumacc.cc:399:replace_macc$4872
  creating $macc cell for $3463: $auto$alumacc.cc:399:replace_macc$4873
  creating $macc cell for $763: $auto$alumacc.cc:399:replace_macc$4874
  creating $macc cell for $2221: $auto$alumacc.cc:399:replace_macc$4875
  creating $macc cell for $3679: $auto$alumacc.cc:399:replace_macc$4876
  creating $macc cell for $2761: $auto$alumacc.cc:399:replace_macc$4877
  creating $macc cell for $2473: $auto$alumacc.cc:399:replace_macc$4878
  creating $macc cell for $528: $auto$alumacc.cc:399:replace_macc$4879
  creating $macc cell for $781: $auto$alumacc.cc:399:replace_macc$4880
  creating $macc cell for $2923: $auto$alumacc.cc:399:replace_macc$4881
  creating $macc cell for $3697: $auto$alumacc.cc:399:replace_macc$4882
  creating $macc cell for $3355: $auto$alumacc.cc:399:replace_macc$4883
  creating $macc cell for $799: $auto$alumacc.cc:399:replace_macc$4884
  creating $macc cell for $2095: $auto$alumacc.cc:399:replace_macc$4885
  creating $macc cell for $3517: $auto$alumacc.cc:399:replace_macc$4886
  creating $macc cell for $4561: $auto$alumacc.cc:399:replace_macc$4887
  creating $macc cell for $2275: $auto$alumacc.cc:399:replace_macc$4888
  creating $macc cell for $2635: $auto$alumacc.cc:399:replace_macc$4889
  creating $macc cell for $817: $auto$alumacc.cc:399:replace_macc$4890
  creating $macc cell for $4687: $auto$alumacc.cc:399:replace_macc$4891
  creating $macc cell for $3715: $auto$alumacc.cc:399:replace_macc$4892
  creating $macc cell for $4147: $auto$alumacc.cc:399:replace_macc$4893
  creating $macc cell for $420: $auto$alumacc.cc:399:replace_macc$4894
  creating $macc cell for $1645: $auto$alumacc.cc:399:replace_macc$4895
  creating $macc cell for $4165: $auto$alumacc.cc:399:replace_macc$4896
  creating $macc cell for $835: $auto$alumacc.cc:399:replace_macc$4897
  creating $macc cell for $2077: $auto$alumacc.cc:399:replace_macc$4898
  creating $macc cell for $2185: $auto$alumacc.cc:399:replace_macc$4899
  creating $macc cell for $3733: $auto$alumacc.cc:399:replace_macc$4900
  creating $macc cell for $1843: $auto$alumacc.cc:399:replace_macc$4901
  creating $macc cell for $2293: $auto$alumacc.cc:399:replace_macc$4902
  creating $macc cell for $853: $auto$alumacc.cc:399:replace_macc$4903
  creating $macc cell for $1573: $auto$alumacc.cc:399:replace_macc$4904
  creating $macc cell for $4399: $auto$alumacc.cc:399:replace_macc$4905
  creating $macc cell for $3319: $auto$alumacc.cc:399:replace_macc$4906
  creating $macc cell for $871: $auto$alumacc.cc:399:replace_macc$4907
  creating $macc cell for $1609: $auto$alumacc.cc:399:replace_macc$4908
  creating $macc cell for $3751: $auto$alumacc.cc:399:replace_macc$4909
  creating $macc cell for $4543: $auto$alumacc.cc:399:replace_macc$4910
  creating $macc cell for $402: $auto$alumacc.cc:399:replace_macc$4911
  creating $macc cell for $2959: $auto$alumacc.cc:399:replace_macc$4912
  creating $macc cell for $889: $auto$alumacc.cc:399:replace_macc$4913
  creating $macc cell for $2581: $auto$alumacc.cc:399:replace_macc$4914
  creating $macc cell for $2059: $auto$alumacc.cc:399:replace_macc$4915
  creating $macc cell for $546: $auto$alumacc.cc:399:replace_macc$4916
  creating $macc cell for $1861: $auto$alumacc.cc:399:replace_macc$4917
  creating $macc cell for $3769: $auto$alumacc.cc:399:replace_macc$4918
  creating $macc cell for $4705: $auto$alumacc.cc:399:replace_macc$4919
  creating $macc cell for $907: $auto$alumacc.cc:399:replace_macc$4920
  creating $macc cell for $3301: $auto$alumacc.cc:399:replace_macc$4921
  creating $macc cell for $4363: $auto$alumacc.cc:399:replace_macc$4922
  creating $macc cell for $3535: $auto$alumacc.cc:399:replace_macc$4923
  creating $macc cell for $2311: $auto$alumacc.cc:399:replace_macc$4924
  creating $macc cell for $1825: $auto$alumacc.cc:399:replace_macc$4925
  creating $macc cell for $4273: $auto$alumacc.cc:399:replace_macc$4926
  creating $macc cell for $3283: $auto$alumacc.cc:399:replace_macc$4927
  creating $macc cell for $925: $auto$alumacc.cc:399:replace_macc$4928
  creating $macc cell for $474: $auto$alumacc.cc:399:replace_macc$4929
  creating $macc cell for $3787: $auto$alumacc.cc:399:replace_macc$4930
  creating $macc cell for $2527: $auto$alumacc.cc:399:replace_macc$4931
  creating $macc cell for $2833: $auto$alumacc.cc:399:replace_macc$4932
  creating $macc cell for $943: $auto$alumacc.cc:399:replace_macc$4933
  creating $macc cell for $2743: $auto$alumacc.cc:399:replace_macc$4934
  creating $macc cell for $2041: $auto$alumacc.cc:399:replace_macc$4935
  creating $macc cell for $2707: $auto$alumacc.cc:399:replace_macc$4936
  creating $macc cell for $4633: $auto$alumacc.cc:399:replace_macc$4937
  creating $macc cell for $3805: $auto$alumacc.cc:399:replace_macc$4938
  creating $macc cell for $3265: $auto$alumacc.cc:399:replace_macc$4939
  creating $macc cell for $961: $auto$alumacc.cc:399:replace_macc$4940
  creating $macc cell for $2779: $auto$alumacc.cc:399:replace_macc$4941
  creating $macc cell for $4525: $auto$alumacc.cc:399:replace_macc$4942
  creating $macc cell for $564: $auto$alumacc.cc:399:replace_macc$4943
  creating $macc cell for $4615: $auto$alumacc.cc:399:replace_macc$4944
  creating $macc cell for $1663: $auto$alumacc.cc:399:replace_macc$4945
  creating $macc cell for $2329: $auto$alumacc.cc:399:replace_macc$4946
  creating $macc cell for $979: $auto$alumacc.cc:399:replace_macc$4947
  creating $macc cell for $3553: $auto$alumacc.cc:399:replace_macc$4948
  creating $macc cell for $3823: $auto$alumacc.cc:399:replace_macc$4949
  creating $macc cell for $3247: $auto$alumacc.cc:399:replace_macc$4950
  creating $macc cell for $997: $auto$alumacc.cc:399:replace_macc$4951
  creating $macc cell for $1501: $auto$alumacc.cc:399:replace_macc$4952
  creating $macc cell for $2023: $auto$alumacc.cc:399:replace_macc$4953
  creating $macc cell for $1591: $auto$alumacc.cc:399:replace_macc$4954
  creating $macc cell for $4723: $auto$alumacc.cc:399:replace_macc$4955
  creating $macc cell for $3841: $auto$alumacc.cc:399:replace_macc$4956
  creating $macc cell for $2617: $auto$alumacc.cc:399:replace_macc$4957
  creating $macc cell for $1015: $auto$alumacc.cc:399:replace_macc$4958
  creating $macc cell for $2545: $auto$alumacc.cc:399:replace_macc$4959
  creating $macc cell for $4885: $auto$alumacc.cc:399:replace_macc$4960
  creating $macc cell for $4507: $auto$alumacc.cc:399:replace_macc$4961
  creating $macc cell for $583: $auto$alumacc.cc:399:replace_macc$4962
  creating $macc cell for $1033: $auto$alumacc.cc:399:replace_macc$4963
  creating $macc cell for $3427: $auto$alumacc.cc:399:replace_macc$4964
  creating $macc cell for $3859: $auto$alumacc.cc:399:replace_macc$4965
  creating $macc cell for $2995: $auto$alumacc.cc:399:replace_macc$4966
  creating $macc cell for $3229: $auto$alumacc.cc:399:replace_macc$4967
  creating $macc cell for $2455: $auto$alumacc.cc:399:replace_macc$4968
  creating $macc cell for $2941: $auto$alumacc.cc:399:replace_macc$4969
  creating $macc cell for $1051: $auto$alumacc.cc:399:replace_macc$4970
  creating $macc cell for $1555: $auto$alumacc.cc:399:replace_macc$4971
  creating $macc cell for $2005: $auto$alumacc.cc:399:replace_macc$4972
  creating $macc cell for $3211: $auto$alumacc.cc:399:replace_macc$4973
  creating $macc cell for $4327: $auto$alumacc.cc:399:replace_macc$4974
  creating $macc cell for $3877: $auto$alumacc.cc:399:replace_macc$4975
  creating $macc cell for $2905: $auto$alumacc.cc:399:replace_macc$4976
  creating $macc cell for $1069: $auto$alumacc.cc:399:replace_macc$4977
  creating $macc cell for $1789: $auto$alumacc.cc:399:replace_macc$4978
  creating $macc cell for $4201: $auto$alumacc.cc:399:replace_macc$4979
  creating $macc cell for $438: $auto$alumacc.cc:399:replace_macc$4980
  creating $macc cell for $2167: $auto$alumacc.cc:399:replace_macc$4981
  creating $macc cell for $1087: $auto$alumacc.cc:399:replace_macc$4982
  creating $macc cell for $601: $auto$alumacc.cc:399:replace_macc$4983
  creating $macc cell for $3895: $auto$alumacc.cc:399:replace_macc$4984
  creating $macc cell for $1987: $auto$alumacc.cc:399:replace_macc$4985
  creating $macc cell for $4741: $auto$alumacc.cc:399:replace_macc$4986
  creating $macc cell for $1105: $auto$alumacc.cc:399:replace_macc$4987
  creating $macc cell for $4831: $auto$alumacc.cc:399:replace_macc$4988
  creating $macc cell for $3193: $auto$alumacc.cc:399:replace_macc$4989
  creating $macc cell for $3913: $auto$alumacc.cc:399:replace_macc$4990
  creating $macc cell for $3571: $auto$alumacc.cc:399:replace_macc$4991
  creating $macc cell for $1123: $auto$alumacc.cc:399:replace_macc$4992
  creating $macc cell for $3445: $auto$alumacc.cc:399:replace_macc$4993
  creating $macc cell for $4489: $auto$alumacc.cc:399:replace_macc$4994
  creating $macc cell for $2491: $auto$alumacc.cc:399:replace_macc$4995
  creating $macc cell for $2365: $auto$alumacc.cc:399:replace_macc$4996
  creating $macc cell for $1681: $auto$alumacc.cc:399:replace_macc$4997
  creating $macc cell for $2869: $auto$alumacc.cc:399:replace_macc$4998
  creating $macc cell for $4237: $auto$alumacc.cc:399:replace_macc$4999
  creating $macc cell for $1141: $auto$alumacc.cc:399:replace_macc$5000
  creating $macc cell for $3013: $auto$alumacc.cc:399:replace_macc$5001
  creating $macc cell for $619: $auto$alumacc.cc:399:replace_macc$5002
  creating $macc cell for $3931: $auto$alumacc.cc:399:replace_macc$5003
  creating $macc cell for $1807: $auto$alumacc.cc:399:replace_macc$5004
  creating $macc cell for $1969: $auto$alumacc.cc:399:replace_macc$5005
  creating $macc cell for $3157: $auto$alumacc.cc:399:replace_macc$5006
  creating $macc cell for $1159: $auto$alumacc.cc:399:replace_macc$5007
  creating $macc cell for $2797: $auto$alumacc.cc:399:replace_macc$5008
  creating $macc cell for $4381: $auto$alumacc.cc:399:replace_macc$5009
  creating $macc cell for $2689: $auto$alumacc.cc:399:replace_macc$5010
  creating $macc cell for $4813: $auto$alumacc.cc:399:replace_macc$5011
  creating $macc cell for $3949: $auto$alumacc.cc:399:replace_macc$5012
  creating $macc cell for $2383: $auto$alumacc.cc:399:replace_macc$5013
  creating $macc cell for $1177: $auto$alumacc.cc:399:replace_macc$5014
  creating $macc cell for $4291: $auto$alumacc.cc:399:replace_macc$5015
  creating $macc cell for $3175: $auto$alumacc.cc:399:replace_macc$5016
  creating $macc cell for $4471: $auto$alumacc.cc:399:replace_macc$5017
  creating $macc cell for $3589: $auto$alumacc.cc:399:replace_macc$5018
  creating $macc cell for $2887: $auto$alumacc.cc:399:replace_macc$5019
  creating $macc cell for $1195: $auto$alumacc.cc:399:replace_macc$5020
  creating $macc cell for $3139: $auto$alumacc.cc:399:replace_macc$5021
  creating $macc cell for $3967: $auto$alumacc.cc:399:replace_macc$5022
  creating $macc cell for $1951: $auto$alumacc.cc:399:replace_macc$5023
  creating $macc cell for $2203: $auto$alumacc.cc:399:replace_macc$5024
  creating $macc cell for $4759: $auto$alumacc.cc:399:replace_macc$5025
  creating $macc cell for $1213: $auto$alumacc.cc:399:replace_macc$5026
  creating $macc cell for $384: $auto$alumacc.cc:399:replace_macc$5027
  creating $macc cell for $2977: $auto$alumacc.cc:399:replace_macc$5028
  creating $macc cell for $3985: $auto$alumacc.cc:399:replace_macc$5029
  creating $macc cell for $1537: $auto$alumacc.cc:399:replace_macc$5030
  creating $macc cell for $1231: $auto$alumacc.cc:399:replace_macc$5031
  creating $macc cell for $3499: $auto$alumacc.cc:399:replace_macc$5032
  creating $macc cell for $2725: $auto$alumacc.cc:399:replace_macc$5033
  creating $macc cell for $637: $auto$alumacc.cc:399:replace_macc$5034
  creating $macc cell for $1249: $auto$alumacc.cc:399:replace_macc$5035
  creating $macc cell for $4345: $auto$alumacc.cc:399:replace_macc$5036
  creating $macc cell for $4003: $auto$alumacc.cc:399:replace_macc$5037
  creating $macc cell for $1933: $auto$alumacc.cc:399:replace_macc$5038
  creating $macc cell for $3121: $auto$alumacc.cc:399:replace_macc$5039
  creating $macc cell for $2149: $auto$alumacc.cc:399:replace_macc$5040
  creating $macc cell for $1267: $auto$alumacc.cc:399:replace_macc$5041
  creating $macc cell for $4453: $auto$alumacc.cc:399:replace_macc$5042
  creating $macc cell for $3409: $auto$alumacc.cc:399:replace_macc$5043
  creating $macc cell for $2401: $auto$alumacc.cc:399:replace_macc$5044
  creating $macc cell for $4021: $auto$alumacc.cc:399:replace_macc$5045
  creating $macc cell for $1447: $auto$alumacc.cc:399:replace_macc$5046
  creating $macc cell for $1285: $auto$alumacc.cc:399:replace_macc$5047
  creating $macc cell for $2563: $auto$alumacc.cc:399:replace_macc$5048
  creating $macc cell for $1699: $auto$alumacc.cc:399:replace_macc$5049
  creating $macc cell for $3103: $auto$alumacc.cc:399:replace_macc$5050
  creating $macc cell for $4651: $auto$alumacc.cc:399:replace_macc$5051
  creating $macc cell for $1303: $auto$alumacc.cc:399:replace_macc$5052
  creating $macc cell for $4597: $auto$alumacc.cc:399:replace_macc$5053
  creating $macc cell for $4039: $auto$alumacc.cc:399:replace_macc$5054
  creating $macc cell for $1915: $auto$alumacc.cc:399:replace_macc$5055
  creating $macc cell for $1465: $auto$alumacc.cc:399:replace_macc$5056
  creating $macc cell for $3085: $auto$alumacc.cc:399:replace_macc$5057
  creating $macc cell for $4777: $auto$alumacc.cc:399:replace_macc$5058
  creating $macc cell for $1321: $auto$alumacc.cc:399:replace_macc$5059
  creating $macc cell for $1753: $auto$alumacc.cc:399:replace_macc$5060
  creating $macc cell for $2851: $auto$alumacc.cc:399:replace_macc$5061
  creating $macc cell for $456: $auto$alumacc.cc:399:replace_macc$5062
  creating $macc cell for $655: $auto$alumacc.cc:399:replace_macc$5063
  creating $macc cell for $4057: $auto$alumacc.cc:399:replace_macc$5064
  creating $macc cell for $2419: $auto$alumacc.cc:399:replace_macc$5065
  creating $macc cell for $1339: $auto$alumacc.cc:399:replace_macc$5066
  creating $macc cell for $4435: $auto$alumacc.cc:399:replace_macc$5067
  creating $macc cell for $2509: $auto$alumacc.cc:399:replace_macc$5068
  creating $macc cell for $3481: $auto$alumacc.cc:399:replace_macc$5069
  creating $macc cell for $1897: $auto$alumacc.cc:399:replace_macc$5070
  creating $macc cell for $3607: $auto$alumacc.cc:399:replace_macc$5071
  creating $macc cell for $1357: $auto$alumacc.cc:399:replace_macc$5072
  creating $macc cell for $4183: $auto$alumacc.cc:399:replace_macc$5073
  creating $macc cell for $4075: $auto$alumacc.cc:399:replace_macc$5074
  creating $macc cell for $2815: $auto$alumacc.cc:399:replace_macc$5075
  creating $macc cell for $3067: $auto$alumacc.cc:399:replace_macc$5076
  creating $macc cell for $4669: $auto$alumacc.cc:399:replace_macc$5077
  creating $macc cell for $1375: $auto$alumacc.cc:399:replace_macc$5078
  creating $macc cell for $1519: $auto$alumacc.cc:399:replace_macc$5079
  creating $macc cell for $4309: $auto$alumacc.cc:399:replace_macc$5080
  creating $macc cell for $4867: $auto$alumacc.cc:399:replace_macc$5081
  creating $macc cell for $1483: $auto$alumacc.cc:399:replace_macc$5082
  creating $macc cell for $673: $auto$alumacc.cc:399:replace_macc$5083
  creating $macc cell for $4093: $auto$alumacc.cc:399:replace_macc$5084
  creating $macc cell for $2239: $auto$alumacc.cc:399:replace_macc$5085
  creating $macc cell for $1393: $auto$alumacc.cc:399:replace_macc$5086
  creating $macc cell for $2437: $auto$alumacc.cc:399:replace_macc$5087
  creating $macc cell for $1717: $auto$alumacc.cc:399:replace_macc$5088
  creating $macc cell for $366: $auto$alumacc.cc:399:replace_macc$5089
  creating $macc cell for $1879: $auto$alumacc.cc:399:replace_macc$5090
  creating $macc cell for $4795: $auto$alumacc.cc:399:replace_macc$5091
  creating $macc cell for $1411: $auto$alumacc.cc:399:replace_macc$5092
  creating $macc cell for $3031: $auto$alumacc.cc:399:replace_macc$5093
  creating $macc cell for $4111: $auto$alumacc.cc:399:replace_macc$5094
  creating $macc cell for $1771: $auto$alumacc.cc:399:replace_macc$5095
  creating $macc cell for $348: $auto$alumacc.cc:399:replace_macc$5096
  creating $macc cell for $492: $auto$alumacc.cc:399:replace_macc$5097
  creating $macc cell for $1429: $auto$alumacc.cc:399:replace_macc$5098
  creating $macc cell for $1735: $auto$alumacc.cc:399:replace_macc$5099
  creating $macc cell for $1627: $auto$alumacc.cc:399:replace_macc$5100
  creating $macc cell for $4417: $auto$alumacc.cc:399:replace_macc$5101
  creating $macc cell for $2347: $auto$alumacc.cc:399:replace_macc$5102
  creating $macc cell for $2671: $auto$alumacc.cc:399:replace_macc$5103
  creating $macc cell for $4129: $auto$alumacc.cc:399:replace_macc$5104
  created 0 $alu and 256 $macc cells.

2.13. Executing SHARE pass (SAT-based resource sharing).
Found 240 cells in module top that may be considered for resource sharing.
  Analyzing resource sharing options for $2454 ($mul):
    Found cell that is never activated: $2454
    Cell is never active. Sharing is pointless, we simply remove it.
  Analyzing resource sharing options for $1518 ($mul):
    Found cell that is never activated: $1518
    Cell is never active. Sharing is pointless, we simply remove it.
  Analyzing resource sharing options for $3030 ($mul):
    Found cell that is never activated: $3030
    Cell is never active. Sharing is pointless, we simply remove it.
  Analyzing resource sharing options for $4794 ($mul):
    Found cell that is never activated: $4794
    Cell is never active. Sharing is pointless, we simply remove it.
  Analyzing resource sharing options for $2436 ($mul):
    Found cell that is never activated: $2436
    Cell is never active. Sharing is pointless, we simply remove it.
  Analyzing resource sharing options for $3048 ($mul):
    Found cell that is never activated: $3048
    Cell is never active. Sharing is pointless, we simply remove it.
  Analyzing resource sharing options for $2634 ($mul):
    Found cell that is never activated: $2634
    Cell is never active. Sharing is pointless, we simply remove it.
  Analyzing resource sharing options for $2508 ($mul):
    Found cell that is never activated: $2508
    Cell is never active. Sharing is pointless, we simply remove it.
  Analyzing resource sharing options for $4182 ($mul):
    Found cell that is never activated: $4182
    Cell is never active. Sharing is pointless, we simply remove it.
  Analyzing resource sharing options for $3066 ($mul):
    Found cell that is never activated: $3066
    Cell is never active. Sharing is pointless, we simply remove it.
  Analyzing resource sharing options for $2418 ($mul):
    Found cell that is never activated: $2418
    Cell is never active. Sharing is pointless, we simply remove it.
  Analyzing resource sharing options for $3084 ($mul):
    Found cell that is never activated: $3084
    Cell is never active. Sharing is pointless, we simply remove it.
  Analyzing resource sharing options for $1446 ($mul):
    Found cell that is never activated: $1446
    Cell is never active. Sharing is pointless, we simply remove it.
  Analyzing resource sharing options for $4776 ($mul):
    Found cell that is never activated: $4776
    Cell is never active. Sharing is pointless, we simply remove it.
  Analyzing resource sharing options for $4866 ($mul):
    Found cell that is never activated: $4866
    Cell is never active. Sharing is pointless, we simply remove it.
  Analyzing resource sharing options for $3102 ($mul):
    Found cell that is never activated: $3102
    Cell is never active. Sharing is pointless, we simply remove it.
  Analyzing resource sharing options for $2400 ($mul):
    Found cell that is never activated: $2400
    Cell is never active. Sharing is pointless, we simply remove it.
  Analyzing resource sharing options for $3120 ($mul):
    Found cell that is never activated: $3120
    Cell is never active. Sharing is pointless, we simply remove it.
  Analyzing resource sharing options for $1536 ($mul):
    Found cell that is never activated: $1536
    Cell is never active. Sharing is pointless, we simply remove it.
  Analyzing resource sharing options for $3138 ($mul):
    Found cell that is never activated: $3138
    Cell is never active. Sharing is pointless, we simply remove it.
  Analyzing resource sharing options for $2688 ($mul):
    Found cell that is never activated: $2688
    Cell is never active. Sharing is pointless, we simply remove it.
  Analyzing resource sharing options for $4758 ($mul):
    Found cell that is never activated: $4758
    Cell is never active. Sharing is pointless, we simply remove it.
  Analyzing resource sharing options for $2382 ($mul):
    Found cell that is never activated: $2382
    Cell is never active. Sharing is pointless, we simply remove it.
  Analyzing resource sharing options for $3156 ($mul):
    Found cell that is never activated: $3156
    Cell is never active. Sharing is pointless, we simply remove it.
  Analyzing resource sharing options for $2940 ($mul):
    Found cell that is never activated: $2940
    Cell is never active. Sharing is pointless, we simply remove it.
  Analyzing resource sharing options for $1734 ($mul):
    Found cell that is never activated: $1734
    Cell is never active. Sharing is pointless, we simply remove it.
  Analyzing resource sharing options for $3174 ($mul):
    Found cell that is never activated: $3174
    Cell is never active. Sharing is pointless, we simply remove it.
  Analyzing resource sharing options for $2364 ($mul):
    Found cell that is never activated: $2364
    Cell is never active. Sharing is pointless, we simply remove it.
  Analyzing resource sharing options for $3192 ($mul):
    Found cell that is never activated: $3192
    Cell is never active. Sharing is pointless, we simply remove it.
  Analyzing resource sharing options for $4740 ($mul):
    Found cell that is never activated: $4740
    Cell is never active. Sharing is pointless, we simply remove it.
  Analyzing resource sharing options for $4200 ($mul):
    Found cell that is never activated: $4200
    Cell is never active. Sharing is pointless, we simply remove it.
  Analyzing resource sharing options for $2994 ($mul):
    Found cell that is never activated: $2994
    Cell is never active. Sharing is pointless, we simply remove it.
  Analyzing resource sharing options for $3210 ($mul):
    Found cell that is never activated: $3210
    Cell is never active. Sharing is pointless, we simply remove it.
  Analyzing resource sharing options for $2346 ($mul):
    Found cell that is never activated: $2346
    Cell is never active. Sharing is pointless, we simply remove it.
  Analyzing resource sharing options for $1554 ($mul):
    Found cell that is never activated: $1554
    Cell is never active. Sharing is pointless, we simply remove it.
  Analyzing resource sharing options for $3228 ($mul):
    Found cell that is never activated: $3228
    Cell is never active. Sharing is pointless, we simply remove it.
  Analyzing resource sharing options for $2904 ($mul):
    Found cell that is never activated: $2904
    Cell is never active. Sharing is pointless, we simply remove it.
  Analyzing resource sharing options for $4722 ($mul):
    Found cell that is never activated: $4722
    Cell is never active. Sharing is pointless, we simply remove it.
  Analyzing resource sharing options for $3246 ($mul):
    Found cell that is never activated: $3246
    Cell is never active. Sharing is pointless, we simply remove it.
  Analyzing resource sharing options for $2616 ($mul):
    Found cell that is never activated: $2616
    Cell is never active. Sharing is pointless, we simply remove it.
  Analyzing resource sharing options for $2328 ($mul):
    Found cell that is never activated: $2328
    Cell is never active. Sharing is pointless, we simply remove it.
  Analyzing resource sharing options for $2832 ($mul):
    Found cell that is never activated: $2832
    Cell is never active. Sharing is pointless, we simply remove it.
  Analyzing resource sharing options for $3264 ($mul):
    Found cell that is never activated: $3264
    Cell is never active. Sharing is pointless, we simply remove it.
  Analyzing resource sharing options for $2706 ($mul):
    Found cell that is never activated: $2706
    Cell is never active. Sharing is pointless, we simply remove it.
  Analyzing resource sharing options for $3282 ($mul):
    Found cell that is never activated: $3282
    Cell is never active. Sharing is pointless, we simply remove it.
  Analyzing resource sharing options for $2310 ($mul):
    Found cell that is never activated: $2310
    Cell is never active. Sharing is pointless, we simply remove it.
  Analyzing resource sharing options for $4704 ($mul):
    Found cell that is never activated: $4704
    Cell is never active. Sharing is pointless, we simply remove it.
  Analyzing resource sharing options for $3300 ($mul):
    Found cell that is never activated: $3300
    Cell is never active. Sharing is pointless, we simply remove it.
  Analyzing resource sharing options for $1824 ($mul):
    Found cell that is never activated: $1824
    Cell is never active. Sharing is pointless, we simply remove it.
  Analyzing resource sharing options for $1500 ($mul):
    Found cell that is never activated: $1500
    Cell is never active. Sharing is pointless, we simply remove it.
  Analyzing resource sharing options for $3318 ($mul):
    Found cell that is never activated: $3318
    Cell is never active. Sharing is pointless, we simply remove it.
  Analyzing resource sharing options for $1482 ($mul):
    Found cell that is never activated: $1482
    Cell is never active. Sharing is pointless, we simply remove it.
  Analyzing resource sharing options for $2292 ($mul):
    Found cell that is never activated: $2292
    Cell is never active. Sharing is pointless, we simply remove it.
  Analyzing resource sharing options for $1572 ($mul):
    Found cell that is never activated: $1572
    Cell is never active. Sharing is pointless, we simply remove it.
  Analyzing resource sharing options for $3336 ($mul):
    Found cell that is never activated: $3336
    Cell is never active. Sharing is pointless, we simply remove it.
  Analyzing resource sharing options for $4686 ($mul):
    Found cell that is never activated: $4686
    Cell is never active. Sharing is pointless, we simply remove it.
  Analyzing resource sharing options for $3354 ($mul):
    Found cell that is never activated: $3354
    Cell is never active. Sharing is pointless, we simply remove it.
  Analyzing resource sharing options for $2274 ($mul):
    Found cell that is never activated: $2274
    Cell is never active. Sharing is pointless, we simply remove it.
  Analyzing resource sharing options for $4812 ($mul):
    Found cell that is never activated: $4812
    Cell is never active. Sharing is pointless, we simply remove it.
  Analyzing resource sharing options for $2652 ($mul):
    Found cell that is never activated: $2652
    Cell is never active. Sharing is pointless, we simply remove it.
  Analyzing resource sharing options for $4218 ($mul):
    Found cell that is never activated: $4218
    Cell is never active. Sharing is pointless, we simply remove it.
  Analyzing resource sharing options for $4164 ($mul):
    Found cell that is never activated: $4164
    Cell is never active. Sharing is pointless, we simply remove it.
  Analyzing resource sharing options for $3372 ($mul):
    Found cell that is never activated: $3372
    Cell is never active. Sharing is pointless, we simply remove it.
  Analyzing resource sharing options for $3390 ($mul):
    Found cell that is never activated: $3390
    Cell is never active. Sharing is pointless, we simply remove it.
  Analyzing resource sharing options for $2256 ($mul):
    Found cell that is never activated: $2256
    Cell is never active. Sharing is pointless, we simply remove it.
  Analyzing resource sharing options for $2724 ($mul):
    Found cell that is never activated: $2724
    Cell is never active. Sharing is pointless, we simply remove it.
  Analyzing resource sharing options for $4668 ($mul):
    Found cell that is never activated: $4668
    Cell is never active. Sharing is pointless, we simply remove it.
  Analyzing resource sharing options for $2472 ($mul):
    Found cell that is never activated: $2472
    Cell is never active. Sharing is pointless, we simply remove it.
  Analyzing resource sharing options for $3408 ($mul):
    Found cell that is never activated: $3408
    Cell is never active. Sharing is pointless, we simply remove it.
  Analyzing resource sharing options for $4830 ($mul):
    Found cell that is never activated: $4830
    Cell is never active. Sharing is pointless, we simply remove it.
  Analyzing resource sharing options for $4380 ($mul):
    Found cell that is never activated: $4380
    Cell is never active. Sharing is pointless, we simply remove it.
  Analyzing resource sharing options for $1590 ($mul):
    Found cell that is never activated: $1590
    Cell is never active. Sharing is pointless, we simply remove it.
  Analyzing resource sharing options for $2238 ($mul):
    Found cell that is never activated: $2238
    Cell is never active. Sharing is pointless, we simply remove it.
  Analyzing resource sharing options for $3426 ($mul):
    Found cell that is never activated: $3426
    Cell is never active. Sharing is pointless, we simply remove it.
  Analyzing resource sharing options for $3444 ($mul):
    Found cell that is never activated: $3444
    Cell is never active. Sharing is pointless, we simply remove it.
  Analyzing resource sharing options for $1842 ($mul):
    Found cell that is never activated: $1842
    Cell is never active. Sharing is pointless, we simply remove it.
  Analyzing resource sharing options for $4650 ($mul):
    Found cell that is never activated: $4650
    Cell is never active. Sharing is pointless, we simply remove it.
  Analyzing resource sharing options for $1860 ($mul):
    Found cell that is never activated: $1860
    Cell is never active. Sharing is pointless, we simply remove it.
  Analyzing resource sharing options for $2220 ($mul):
    Found cell that is never activated: $2220
    Cell is never active. Sharing is pointless, we simply remove it.
  Analyzing resource sharing options for $3462 ($mul):
    Found cell that is never activated: $3462
    Cell is never active. Sharing is pointless, we simply remove it.
  Analyzing resource sharing options for $4326 ($mul):
    Found cell that is never activated: $4326
    Cell is never active. Sharing is pointless, we simply remove it.
  Analyzing resource sharing options for $4236 ($mul):
    Found cell that is never activated: $4236
    Cell is never active. Sharing is pointless, we simply remove it.
  Analyzing resource sharing options for $3480 ($mul):
    Found cell that is never activated: $3480
    Cell is never active. Sharing is pointless, we simply remove it.
  Analyzing resource sharing options for $4848 ($mul):
    Found cell that is never activated: $4848
    Cell is never active. Sharing is pointless, we simply remove it.
  Analyzing resource sharing options for $2202 ($mul):
    Found cell that is never activated: $2202
    Cell is never active. Sharing is pointless, we simply remove it.
  Analyzing resource sharing options for $3498 ($mul):
    Found cell that is never activated: $3498
    Cell is never active. Sharing is pointless, we simply remove it.
  Analyzing resource sharing options for $4632 ($mul):
    Found cell that is never activated: $4632
    Cell is never active. Sharing is pointless, we simply remove it.
  Analyzing resource sharing options for $2598 ($mul):
    Found cell that is never activated: $2598
    Cell is never active. Sharing is pointless, we simply remove it.
  Analyzing resource sharing options for $3516 ($mul):
    Found cell that is never activated: $3516
    Cell is never active. Sharing is pointless, we simply remove it.
  Analyzing resource sharing options for $1608 ($mul):
    Found cell that is never activated: $1608
    Cell is never active. Sharing is pointless, we simply remove it.
  Analyzing resource sharing options for $4398 ($mul):
    Found cell that is never activated: $4398
    Cell is never active. Sharing is pointless, we simply remove it.
  Analyzing resource sharing options for $2184 ($mul):
    Found cell that is never activated: $2184
    Cell is never active. Sharing is pointless, we simply remove it.
  Analyzing resource sharing options for $3534 ($mul):
    Found cell that is never activated: $3534
    Cell is never active. Sharing is pointless, we simply remove it.
  Analyzing resource sharing options for $2742 ($mul):
    Found cell that is never activated: $2742
    Cell is never active. Sharing is pointless, we simply remove it.
  Analyzing resource sharing options for $2670 ($mul):
    Found cell that is never activated: $2670
    Cell is never active. Sharing is pointless, we simply remove it.
  Analyzing resource sharing options for $4614 ($mul):
    Found cell that is never activated: $4614
    Cell is never active. Sharing is pointless, we simply remove it.
  Analyzing resource sharing options for $3552 ($mul):
    Found cell that is never activated: $3552
    Cell is never active. Sharing is pointless, we simply remove it.
  Analyzing resource sharing options for $582 ($mul):
    Found cell that is never activated: $582
    Cell is never active. Sharing is pointless, we simply remove it.
  Analyzing resource sharing options for $2166 ($mul):
    Found cell that is never activated: $2166
    Cell is never active. Sharing is pointless, we simply remove it.
  Analyzing resource sharing options for $600 ($mul):
    Found cell that is never activated: $600
    Cell is never active. Sharing is pointless, we simply remove it.
  Analyzing resource sharing options for $3570 ($mul):
    Found cell that is never activated: $3570
    Cell is never active. Sharing is pointless, we simply remove it.
  Analyzing resource sharing options for $618 ($mul):
    Found cell that is never activated: $618
    Cell is never active. Sharing is pointless, we simply remove it.
  Analyzing resource sharing options for $1806 ($mul):
    Found cell that is never activated: $1806
    Cell is never active. Sharing is pointless, we simply remove it.
  Analyzing resource sharing options for $3588 ($mul):
    Found cell that is never activated: $3588
    Cell is never active. Sharing is pointless, we simply remove it.
  Analyzing resource sharing options for $636 ($mul):
    Found cell that is never activated: $636
    Cell is never active. Sharing is pointless, we simply remove it.
  Analyzing resource sharing options for $1464 ($mul):
    Found cell that is never activated: $1464
    Cell is never active. Sharing is pointless, we simply remove it.
  Analyzing resource sharing options for $2148 ($mul):
    Found cell that is never activated: $2148
    Cell is never active. Sharing is pointless, we simply remove it.
  Analyzing resource sharing options for $2886 ($mul):
    Found cell that is never activated: $2886
    Cell is never active. Sharing is pointless, we simply remove it.
  Analyzing resource sharing options for $654 ($mul):
    Found cell that is never activated: $654
    Cell is never active. Sharing is pointless, we simply remove it.
  Analyzing resource sharing options for $3606 ($mul):
    Found cell that is never activated: $3606
    Cell is never active. Sharing is pointless, we simply remove it.
  Analyzing resource sharing options for $4596 ($mul):
    Found cell that is never activated: $4596
    Cell is never active. Sharing is pointless, we simply remove it.
  Analyzing resource sharing options for $672 ($mul):
    Found cell that is never activated: $672
    Cell is never active. Sharing is pointless, we simply remove it.
  Analyzing resource sharing options for $2490 ($mul):
    Found cell that is never activated: $2490
    Cell is never active. Sharing is pointless, we simply remove it.
  Analyzing resource sharing options for $1626 ($mul):
    Found cell that is never activated: $1626
    Cell is never active. Sharing is pointless, we simply remove it.
  Analyzing resource sharing options for $3624 ($mul):
    Found cell that is never activated: $3624
    Cell is never active. Sharing is pointless, we simply remove it.
  Analyzing resource sharing options for $690 ($mul):
    Found cell that is never activated: $690
    Cell is never active. Sharing is pointless, we simply remove it.
  Analyzing resource sharing options for $2130 ($mul):
    Found cell that is never activated: $2130
    Cell is never active. Sharing is pointless, we simply remove it.
  Analyzing resource sharing options for $4254 ($mul):
    Found cell that is never activated: $4254
    Cell is never active. Sharing is pointless, we simply remove it.
  Analyzing resource sharing options for $708 ($mul):
    Found cell that is never activated: $708
    Cell is never active. Sharing is pointless, we simply remove it.
  Analyzing resource sharing options for $3642 ($mul):
    Found cell that is never activated: $3642
    Cell is never active. Sharing is pointless, we simply remove it.
  Analyzing resource sharing options for $726 ($mul):
    Found cell that is never activated: $726
    Cell is never active. Sharing is pointless, we simply remove it.
  Analyzing resource sharing options for $4146 ($mul):
    Found cell that is never activated: $4146
    Cell is never active. Sharing is pointless, we simply remove it.
  Analyzing resource sharing options for $4578 ($mul):
    Found cell that is never activated: $4578
    Cell is never active. Sharing is pointless, we simply remove it.
  Analyzing resource sharing options for $3660 ($mul):
    Found cell that is never activated: $3660
    Cell is never active. Sharing is pointless, we simply remove it.
  Analyzing resource sharing options for $744 ($mul):
    Found cell that is never activated: $744
    Cell is never active. Sharing is pointless, we simply remove it.
  Analyzing resource sharing options for $2112 ($mul):
    Found cell that is never activated: $2112
    Cell is never active. Sharing is pointless, we simply remove it.
  Analyzing resource sharing options for $2760 ($mul):
    Found cell that is never activated: $2760
    Cell is never active. Sharing is pointless, we simply remove it.
  Analyzing resource sharing options for $762 ($mul):
    Found cell that is never activated: $762
    Cell is never active. Sharing is pointless, we simply remove it.
  Analyzing resource sharing options for $3678 ($mul):
    Found cell that is never activated: $3678
    Cell is never active. Sharing is pointless, we simply remove it.
  Analyzing resource sharing options for $780 ($mul):
    Found cell that is never activated: $780
    Cell is never active. Sharing is pointless, we simply remove it.
  Analyzing resource sharing options for $3696 ($mul):
    Found cell that is never activated: $3696
    Cell is never active. Sharing is pointless, we simply remove it.
  Analyzing resource sharing options for $798 ($mul):
    Found cell that is never activated: $798
    Cell is never active. Sharing is pointless, we simply remove it.
  Analyzing resource sharing options for $2094 ($mul):
    Found cell that is never activated: $2094
    Cell is never active. Sharing is pointless, we simply remove it.
  Analyzing resource sharing options for $4560 ($mul):
    Found cell that is never activated: $4560
    Cell is never active. Sharing is pointless, we simply remove it.
  Analyzing resource sharing options for $816 ($mul):
    Found cell that is never activated: $816
    Cell is never active. Sharing is pointless, we simply remove it.
  Analyzing resource sharing options for $3714 ($mul):
    Found cell that is never activated: $3714
    Cell is never active. Sharing is pointless, we simply remove it.
  Analyzing resource sharing options for $1644 ($mul):
    Found cell that is never activated: $1644
    Cell is never active. Sharing is pointless, we simply remove it.
  Analyzing resource sharing options for $834 ($mul):
    Found cell that is never activated: $834
    Cell is never active. Sharing is pointless, we simply remove it.
  Analyzing resource sharing options for $3732 ($mul):
    Found cell that is never activated: $3732
    Cell is never active. Sharing is pointless, we simply remove it.
  Analyzing resource sharing options for $852 ($mul):
    Found cell that is never activated: $852
    Cell is never active. Sharing is pointless, we simply remove it.
  Analyzing resource sharing options for $2076 ($mul):
    Found cell that is never activated: $2076
    Cell is never active. Sharing is pointless, we simply remove it.
  Analyzing resource sharing options for $870 ($mul):
    Found cell that is never activated: $870
    Cell is never active. Sharing is pointless, we simply remove it.
  Analyzing resource sharing options for $3750 ($mul):
    Found cell that is never activated: $3750
    Cell is never active. Sharing is pointless, we simply remove it.
  Analyzing resource sharing options for $4542 ($mul):
    Found cell that is never activated: $4542
    Cell is never active. Sharing is pointless, we simply remove it.
  Analyzing resource sharing options for $888 ($mul):
    Found cell that is never activated: $888
    Cell is never active. Sharing is pointless, we simply remove it.
  Analyzing resource sharing options for $2058 ($mul):
    Found cell that is never activated: $2058
    Cell is never active. Sharing is pointless, we simply remove it.
  Analyzing resource sharing options for $3768 ($mul):
    Found cell that is never activated: $3768
    Cell is never active. Sharing is pointless, we simply remove it.
  Analyzing resource sharing options for $906 ($mul):
    Found cell that is never activated: $906
    Cell is never active. Sharing is pointless, we simply remove it.
  Analyzing resource sharing options for $2580 ($mul):
    Found cell that is never activated: $2580
    Cell is never active. Sharing is pointless, we simply remove it.
  Analyzing resource sharing options for $4362 ($mul):
    Found cell that is never activated: $4362
    Cell is never active. Sharing is pointless, we simply remove it.
  Analyzing resource sharing options for $4272 ($mul):
    Found cell that is never activated: $4272
    Cell is never active. Sharing is pointless, we simply remove it.
  Analyzing resource sharing options for $2526 ($mul):
    Found cell that is never activated: $2526
    Cell is never active. Sharing is pointless, we simply remove it.
  Analyzing resource sharing options for $924 ($mul):
    Found cell that is never activated: $924
    Cell is never active. Sharing is pointless, we simply remove it.
  Analyzing resource sharing options for $3786 ($mul):
    Found cell that is never activated: $3786
    Cell is never active. Sharing is pointless, we simply remove it.
  Analyzing resource sharing options for $942 ($mul):
    Found cell that is never activated: $942
    Cell is never active. Sharing is pointless, we simply remove it.
  Analyzing resource sharing options for $2778 ($mul):
    Found cell that is never activated: $2778
    Cell is never active. Sharing is pointless, we simply remove it.
  Analyzing resource sharing options for $2040 ($mul):
    Found cell that is never activated: $2040
    Cell is never active. Sharing is pointless, we simply remove it.
  Analyzing resource sharing options for $3804 ($mul):
    Found cell that is never activated: $3804
    Cell is never active. Sharing is pointless, we simply remove it.
  Analyzing resource sharing options for $960 ($mul):
    Found cell that is never activated: $960
    Cell is never active. Sharing is pointless, we simply remove it.
  Analyzing resource sharing options for $4524 ($mul):
    Found cell that is never activated: $4524
    Cell is never active. Sharing is pointless, we simply remove it.
  Analyzing resource sharing options for $1662 ($mul):
    Found cell that is never activated: $1662
    Cell is never active. Sharing is pointless, we simply remove it.
  Analyzing resource sharing options for $978 ($mul):
    Found cell that is never activated: $978
    Cell is never active. Sharing is pointless, we simply remove it.
  Analyzing resource sharing options for $3822 ($mul):
    Found cell that is never activated: $3822
    Cell is never active. Sharing is pointless, we simply remove it.
  Analyzing resource sharing options for $996 ($mul):
    Found cell that is never activated: $996
    Cell is never active. Sharing is pointless, we simply remove it.
  Analyzing resource sharing options for $2022 ($mul):
    Found cell that is never activated: $2022
    Cell is never active. Sharing is pointless, we simply remove it.
  Analyzing resource sharing options for $3840 ($mul):
    Found cell that is never activated: $3840
    Cell is never active. Sharing is pointless, we simply remove it.
  Analyzing resource sharing options for $1014 ($mul):
    Found cell that is never activated: $1014
    Cell is never active. Sharing is pointless, we simply remove it.
  Analyzing resource sharing options for $1032 ($mul):
    Found cell that is never activated: $1032
    Cell is never active. Sharing is pointless, we simply remove it.
  Analyzing resource sharing options for $3858 ($mul):
    Found cell that is never activated: $3858
    Cell is never active. Sharing is pointless, we simply remove it.
  Analyzing resource sharing options for $4506 ($mul):
    Found cell that is never activated: $4506
    Cell is never active. Sharing is pointless, we simply remove it.
  Analyzing resource sharing options for $1050 ($mul):
    Found cell that is never activated: $1050
    Cell is never active. Sharing is pointless, we simply remove it.
  Analyzing resource sharing options for $4884 ($mul):
    Found cell that is never activated: $4884
    Cell is never active. Sharing is pointless, we simply remove it.
  Analyzing resource sharing options for $2004 ($mul):
    Found cell that is never activated: $2004
    Cell is never active. Sharing is pointless, we simply remove it.
  Analyzing resource sharing options for $3876 ($mul):
    Found cell that is never activated: $3876
    Cell is never active. Sharing is pointless, we simply remove it.
  Analyzing resource sharing options for $1068 ($mul):
    Found cell that is never activated: $1068
    Cell is never active. Sharing is pointless, we simply remove it.
  Analyzing resource sharing options for $1788 ($mul):
    Found cell that is never activated: $1788
    Cell is never active. Sharing is pointless, we simply remove it.
  Analyzing resource sharing options for $4344 ($mul):
    Found cell that is never activated: $4344
    Cell is never active. Sharing is pointless, we simply remove it.
  Analyzing resource sharing options for $1086 ($mul):
    Found cell that is never activated: $1086
    Cell is never active. Sharing is pointless, we simply remove it.
  Analyzing resource sharing options for $3894 ($mul):
    Found cell that is never activated: $3894
    Cell is never active. Sharing is pointless, we simply remove it.
  Analyzing resource sharing options for $1104 ($mul):
    Found cell that is never activated: $1104
    Cell is never active. Sharing is pointless, we simply remove it.
  Analyzing resource sharing options for $1986 ($mul):
    Found cell that is never activated: $1986
    Cell is never active. Sharing is pointless, we simply remove it.
  Analyzing resource sharing options for $3912 ($mul):
    Found cell that is never activated: $3912
    Cell is never active. Sharing is pointless, we simply remove it.
  Analyzing resource sharing options for $1122 ($mul):
    Found cell that is never activated: $1122
    Cell is never active. Sharing is pointless, we simply remove it.
  Analyzing resource sharing options for $2958 ($mul):
    Found cell that is never activated: $2958
    Cell is never active. Sharing is pointless, we simply remove it.
  Analyzing resource sharing options for $4488 ($mul):
    Found cell that is never activated: $4488
    Cell is never active. Sharing is pointless, we simply remove it.
  Analyzing resource sharing options for $1680 ($mul):
    Found cell that is never activated: $1680
    Cell is never active. Sharing is pointless, we simply remove it.
  Analyzing resource sharing options for $1140 ($mul):
    Found cell that is never activated: $1140
    Cell is never active. Sharing is pointless, we simply remove it.
  Analyzing resource sharing options for $3930 ($mul):
    Found cell that is never activated: $3930
    Cell is never active. Sharing is pointless, we simply remove it.
  Analyzing resource sharing options for $2796 ($mul):
    Found cell that is never activated: $2796
    Cell is never active. Sharing is pointless, we simply remove it.
  Analyzing resource sharing options for $1158 ($mul):
    Found cell that is never activated: $1158
    Cell is never active. Sharing is pointless, we simply remove it.
  Analyzing resource sharing options for $1968 ($mul):
    Found cell that is never activated: $1968
    Cell is never active. Sharing is pointless, we simply remove it.
  Analyzing resource sharing options for $4290 ($mul):
    Found cell that is never activated: $4290
    Cell is never active. Sharing is pointless, we simply remove it.
  Analyzing resource sharing options for $3948 ($mul):
    Found cell that is never activated: $3948
    Cell is never active. Sharing is pointless, we simply remove it.
  Analyzing resource sharing options for $1176 ($mul):
    Found cell that is never activated: $1176
    Cell is never active. Sharing is pointless, we simply remove it.
  Analyzing resource sharing options for $2868 ($mul):
    Found cell that is never activated: $2868
    Cell is never active. Sharing is pointless, we simply remove it.
  Analyzing resource sharing options for $4470 ($mul):
    Found cell that is never activated: $4470
    Cell is never active. Sharing is pointless, we simply remove it.
  Analyzing resource sharing options for $1194 ($mul):
    Found cell that is never activated: $1194
    Cell is never active. Sharing is pointless, we simply remove it.
  Analyzing resource sharing options for $3966 ($mul):
    Found cell that is never activated: $3966
    Cell is never active. Sharing is pointless, we simply remove it.
  Analyzing resource sharing options for $1950 ($mul):
    Found cell that is never activated: $1950
    Cell is never active. Sharing is pointless, we simply remove it.
  Analyzing resource sharing options for $1212 ($mul):
    Found cell that is never activated: $1212
    Cell is never active. Sharing is pointless, we simply remove it.
  Analyzing resource sharing options for $2544 ($mul):
    Found cell that is never activated: $2544
    Cell is never active. Sharing is pointless, we simply remove it.
  Analyzing resource sharing options for $3984 ($mul):
    Found cell that is never activated: $3984
    Cell is never active. Sharing is pointless, we simply remove it.
  Analyzing resource sharing options for $1230 ($mul):
    Found cell that is never activated: $1230
    Cell is never active. Sharing is pointless, we simply remove it.
  Analyzing resource sharing options for $2850 ($mul):
    Found cell that is never activated: $2850
    Cell is never active. Sharing is pointless, we simply remove it.
  Analyzing resource sharing options for $1698 ($mul):
    Found cell that is never activated: $1698
    Cell is never active. Sharing is pointless, we simply remove it.
  Analyzing resource sharing options for $1248 ($mul):
    Found cell that is never activated: $1248
    Cell is never active. Sharing is pointless, we simply remove it.
  Analyzing resource sharing options for $4002 ($mul):
    Found cell that is never activated: $4002
    Cell is never active. Sharing is pointless, we simply remove it.
  Analyzing resource sharing options for $1932 ($mul):
    Found cell that is never activated: $1932
    Cell is never active. Sharing is pointless, we simply remove it.
  Analyzing resource sharing options for $1266 ($mul):
    Found cell that is never activated: $1266
    Cell is never active. Sharing is pointless, we simply remove it.
  Analyzing resource sharing options for $4452 ($mul):
    Found cell that is never activated: $4452
    Cell is never active. Sharing is pointless, we simply remove it.
  Analyzing resource sharing options for $4020 ($mul):
    Found cell that is never activated: $4020
    Cell is never active. Sharing is pointless, we simply remove it.
  Analyzing resource sharing options for $1284 ($mul):
    Found cell that is never activated: $1284
    Cell is never active. Sharing is pointless, we simply remove it.
  Analyzing resource sharing options for $2562 ($mul):
    Found cell that is never activated: $2562
    Cell is never active. Sharing is pointless, we simply remove it.
  Analyzing resource sharing options for $1302 ($mul):
    Found cell that is never activated: $1302
    Cell is never active. Sharing is pointless, we simply remove it.
  Analyzing resource sharing options for $4038 ($mul):
    Found cell that is never activated: $4038
    Cell is never active. Sharing is pointless, we simply remove it.
  Analyzing resource sharing options for $1914 ($mul):
    Found cell that is never activated: $1914
    Cell is never active. Sharing is pointless, we simply remove it.
  Analyzing resource sharing options for $1752 ($mul):
    Found cell that is never activated: $1752
    Cell is never active. Sharing is pointless, we simply remove it.
  Analyzing resource sharing options for $1320 ($mul):
    Found cell that is never activated: $1320
    Cell is never active. Sharing is pointless, we simply remove it.
  Analyzing resource sharing options for $2922 ($mul):
    Found cell that is never activated: $2922
    Cell is never active. Sharing is pointless, we simply remove it.
  Analyzing resource sharing options for $4056 ($mul):
    Found cell that is never activated: $4056
    Cell is never active. Sharing is pointless, we simply remove it.
  Analyzing resource sharing options for $1338 ($mul):
    Found cell that is never activated: $1338
    Cell is never active. Sharing is pointless, we simply remove it.
  Analyzing resource sharing options for $4434 ($mul):
    Found cell that is never activated: $4434
    Cell is never active. Sharing is pointless, we simply remove it.
  Analyzing resource sharing options for $2814 ($mul):
    Found cell that is never activated: $2814
    Cell is never active. Sharing is pointless, we simply remove it.
  Analyzing resource sharing options for $1356 ($mul):
    Found cell that is never activated: $1356
    Cell is never active. Sharing is pointless, we simply remove it.
  Analyzing resource sharing options for $4074 ($mul):
    Found cell that is never activated: $4074
    Cell is never active. Sharing is pointless, we simply remove it.
  Analyzing resource sharing options for $1896 ($mul):
    Found cell that is never activated: $1896
    Cell is never active. Sharing is pointless, we simply remove it.
  Analyzing resource sharing options for $1374 ($mul):
    Found cell that is never activated: $1374
    Cell is never active. Sharing is pointless, we simply remove it.
  Analyzing resource sharing options for $4308 ($mul):
    Found cell that is never activated: $4308
    Cell is never active. Sharing is pointless, we simply remove it.
  Analyzing resource sharing options for $4092 ($mul):
    Found cell that is never activated: $4092
    Cell is never active. Sharing is pointless, we simply remove it.
  Analyzing resource sharing options for $1392 ($mul):
    Found cell that is never activated: $1392
    Cell is never active. Sharing is pointless, we simply remove it.
  Analyzing resource sharing options for $1716 ($mul):
    Found cell that is never activated: $1716
    Cell is never active. Sharing is pointless, we simply remove it.
  Analyzing resource sharing options for $2976 ($mul):
    Found cell that is never activated: $2976
    Cell is never active. Sharing is pointless, we simply remove it.
  Analyzing resource sharing options for $1410 ($mul):
    Found cell that is never activated: $1410
    Cell is never active. Sharing is pointless, we simply remove it.
  Analyzing resource sharing options for $4110 ($mul):
    Found cell that is never activated: $4110
    Cell is never active. Sharing is pointless, we simply remove it.
  Analyzing resource sharing options for $1878 ($mul):
    Found cell that is never activated: $1878
    Cell is never active. Sharing is pointless, we simply remove it.
  Analyzing resource sharing options for $1428 ($mul):
    Found cell that is never activated: $1428
    Cell is never active. Sharing is pointless, we simply remove it.
  Analyzing resource sharing options for $3012 ($mul):
    Found cell that is never activated: $3012
    Cell is never active. Sharing is pointless, we simply remove it.
  Analyzing resource sharing options for $1770 ($mul):
    Found cell that is never activated: $1770
    Cell is never active. Sharing is pointless, we simply remove it.
  Analyzing resource sharing options for $4416 ($mul):
    Found cell that is never activated: $4416
    Cell is never active. Sharing is pointless, we simply remove it.
  Analyzing resource sharing options for $4128 ($mul):
    Found cell that is never activated: $4128
    Cell is never active. Sharing is pointless, we simply remove it.
Removing 240 cells in module top:
  Removing cell $4128 ($mul).
  Removing cell $4416 ($mul).
  Removing cell $1770 ($mul).
  Removing cell $3012 ($mul).
  Removing cell $1428 ($mul).
  Removing cell $1878 ($mul).
  Removing cell $4110 ($mul).
  Removing cell $1410 ($mul).
  Removing cell $2976 ($mul).
  Removing cell $1716 ($mul).
  Removing cell $1392 ($mul).
  Removing cell $4092 ($mul).
  Removing cell $4308 ($mul).
  Removing cell $1374 ($mul).
  Removing cell $1896 ($mul).
  Removing cell $4074 ($mul).
  Removing cell $1356 ($mul).
  Removing cell $2814 ($mul).
  Removing cell $4434 ($mul).
  Removing cell $1338 ($mul).
  Removing cell $4056 ($mul).
  Removing cell $2922 ($mul).
  Removing cell $1320 ($mul).
  Removing cell $1752 ($mul).
  Removing cell $1914 ($mul).
  Removing cell $4038 ($mul).
  Removing cell $1302 ($mul).
  Removing cell $2562 ($mul).
  Removing cell $1284 ($mul).
  Removing cell $4020 ($mul).
  Removing cell $4452 ($mul).
  Removing cell $1266 ($mul).
  Removing cell $1932 ($mul).
  Removing cell $4002 ($mul).
  Removing cell $1248 ($mul).
  Removing cell $1698 ($mul).
  Removing cell $2850 ($mul).
  Removing cell $1230 ($mul).
  Removing cell $3984 ($mul).
  Removing cell $2544 ($mul).
  Removing cell $1212 ($mul).
  Removing cell $1950 ($mul).
  Removing cell $3966 ($mul).
  Removing cell $1194 ($mul).
  Removing cell $4470 ($mul).
  Removing cell $2868 ($mul).
  Removing cell $1176 ($mul).
  Removing cell $3948 ($mul).
  Removing cell $4290 ($mul).
  Removing cell $1968 ($mul).
  Removing cell $1158 ($mul).
  Removing cell $2796 ($mul).
  Removing cell $3930 ($mul).
  Removing cell $1140 ($mul).
  Removing cell $1680 ($mul).
  Removing cell $4488 ($mul).
  Removing cell $2958 ($mul).
  Removing cell $1122 ($mul).
  Removing cell $3912 ($mul).
  Removing cell $1986 ($mul).
  Removing cell $1104 ($mul).
  Removing cell $3894 ($mul).
  Removing cell $1086 ($mul).
  Removing cell $4344 ($mul).
  Removing cell $1788 ($mul).
  Removing cell $1068 ($mul).
  Removing cell $3876 ($mul).
  Removing cell $2004 ($mul).
  Removing cell $4884 ($mul).
  Removing cell $1050 ($mul).
  Removing cell $4506 ($mul).
  Removing cell $3858 ($mul).
  Removing cell $1032 ($mul).
  Removing cell $1014 ($mul).
  Removing cell $3840 ($mul).
  Removing cell $2022 ($mul).
  Removing cell $996 ($mul).
  Removing cell $3822 ($mul).
  Removing cell $978 ($mul).
  Removing cell $1662 ($mul).
  Removing cell $4524 ($mul).
  Removing cell $960 ($mul).
  Removing cell $3804 ($mul).
  Removing cell $2040 ($mul).
  Removing cell $2778 ($mul).
  Removing cell $942 ($mul).
  Removing cell $3786 ($mul).
  Removing cell $924 ($mul).
  Removing cell $2526 ($mul).
  Removing cell $4272 ($mul).
  Removing cell $4362 ($mul).
  Removing cell $2580 ($mul).
  Removing cell $906 ($mul).
  Removing cell $3768 ($mul).
  Removing cell $2058 ($mul).
  Removing cell $888 ($mul).
  Removing cell $4542 ($mul).
  Removing cell $3750 ($mul).
  Removing cell $870 ($mul).
  Removing cell $2076 ($mul).
  Removing cell $852 ($mul).
  Removing cell $3732 ($mul).
  Removing cell $834 ($mul).
  Removing cell $1644 ($mul).
  Removing cell $3714 ($mul).
  Removing cell $816 ($mul).
  Removing cell $4560 ($mul).
  Removing cell $2094 ($mul).
  Removing cell $798 ($mul).
  Removing cell $3696 ($mul).
  Removing cell $780 ($mul).
  Removing cell $3678 ($mul).
  Removing cell $762 ($mul).
  Removing cell $2760 ($mul).
  Removing cell $2112 ($mul).
  Removing cell $744 ($mul).
  Removing cell $3660 ($mul).
  Removing cell $4578 ($mul).
  Removing cell $4146 ($mul).
  Removing cell $726 ($mul).
  Removing cell $3642 ($mul).
  Removing cell $708 ($mul).
  Removing cell $4254 ($mul).
  Removing cell $2130 ($mul).
  Removing cell $690 ($mul).
  Removing cell $3624 ($mul).
  Removing cell $1626 ($mul).
  Removing cell $2490 ($mul).
  Removing cell $672 ($mul).
  Removing cell $4596 ($mul).
  Removing cell $3606 ($mul).
  Removing cell $654 ($mul).
  Removing cell $2886 ($mul).
  Removing cell $2148 ($mul).
  Removing cell $1464 ($mul).
  Removing cell $636 ($mul).
  Removing cell $3588 ($mul).
  Removing cell $1806 ($mul).
  Removing cell $618 ($mul).
  Removing cell $3570 ($mul).
  Removing cell $600 ($mul).
  Removing cell $2166 ($mul).
  Removing cell $582 ($mul).
  Removing cell $3552 ($mul).
  Removing cell $4614 ($mul).
  Removing cell $2670 ($mul).
  Removing cell $2742 ($mul).
  Removing cell $3534 ($mul).
  Removing cell $2184 ($mul).
  Removing cell $4398 ($mul).
  Removing cell $1608 ($mul).
  Removing cell $3516 ($mul).
  Removing cell $2598 ($mul).
  Removing cell $4632 ($mul).
  Removing cell $3498 ($mul).
  Removing cell $2202 ($mul).
  Removing cell $4848 ($mul).
  Removing cell $3480 ($mul).
  Removing cell $4236 ($mul).
  Removing cell $4326 ($mul).
  Removing cell $3462 ($mul).
  Removing cell $2220 ($mul).
  Removing cell $1860 ($mul).
  Removing cell $4650 ($mul).
  Removing cell $1842 ($mul).
  Removing cell $3444 ($mul).
  Removing cell $3426 ($mul).
  Removing cell $2238 ($mul).
  Removing cell $1590 ($mul).
  Removing cell $4380 ($mul).
  Removing cell $4830 ($mul).
  Removing cell $3408 ($mul).
  Removing cell $2472 ($mul).
  Removing cell $4668 ($mul).
  Removing cell $2724 ($mul).
  Removing cell $2256 ($mul).
  Removing cell $3390 ($mul).
  Removing cell $3372 ($mul).
  Removing cell $4164 ($mul).
  Removing cell $4218 ($mul).
  Removing cell $2652 ($mul).
  Removing cell $4812 ($mul).
  Removing cell $2274 ($mul).
  Removing cell $3354 ($mul).
  Removing cell $4686 ($mul).
  Removing cell $3336 ($mul).
  Removing cell $1572 ($mul).
  Removing cell $2292 ($mul).
  Removing cell $1482 ($mul).
  Removing cell $3318 ($mul).
  Removing cell $1500 ($mul).
  Removing cell $1824 ($mul).
  Removing cell $3300 ($mul).
  Removing cell $4704 ($mul).
  Removing cell $2310 ($mul).
  Removing cell $3282 ($mul).
  Removing cell $2706 ($mul).
  Removing cell $3264 ($mul).
  Removing cell $2832 ($mul).
  Removing cell $2328 ($mul).
  Removing cell $2616 ($mul).
  Removing cell $3246 ($mul).
  Removing cell $4722 ($mul).
  Removing cell $2904 ($mul).
  Removing cell $3228 ($mul).
  Removing cell $1554 ($mul).
  Removing cell $2346 ($mul).
  Removing cell $3210 ($mul).
  Removing cell $2994 ($mul).
  Removing cell $4200 ($mul).
  Removing cell $4740 ($mul).
  Removing cell $3192 ($mul).
  Removing cell $2364 ($mul).
  Removing cell $3174 ($mul).
  Removing cell $1734 ($mul).
  Removing cell $2940 ($mul).
  Removing cell $3156 ($mul).
  Removing cell $2382 ($mul).
  Removing cell $4758 ($mul).
  Removing cell $2688 ($mul).
  Removing cell $3138 ($mul).
  Removing cell $1536 ($mul).
  Removing cell $3120 ($mul).
  Removing cell $2400 ($mul).
  Removing cell $3102 ($mul).
  Removing cell $4866 ($mul).
  Removing cell $4776 ($mul).
  Removing cell $1446 ($mul).
  Removing cell $3084 ($mul).
  Removing cell $2418 ($mul).
  Removing cell $3066 ($mul).
  Removing cell $4182 ($mul).
  Removing cell $2508 ($mul).
  Removing cell $2634 ($mul).
  Removing cell $3048 ($mul).
  Removing cell $2436 ($mul).
  Removing cell $4794 ($mul).
  Removing cell $3030 ($mul).
  Removing cell $1518 ($mul).
  Removing cell $2454 ($mul).

2.14. Executing OPT pass (performing simple optimizations).

2.14.1. Executing OPT_EXPR pass (perform const folding).
Optimizing module top.

2.14.2. Executing OPT_MERGE pass (detect identical cells).
Finding identical cells in module `\top'.
Computing hashes of 1008 cells of `\top'.
Finding duplicate cells in `\top'.
Removed a total of 0 cells.

2.14.3. Executing OPT_MUXTREE pass (detect dead branches in mux trees).
Running muxtree optimizer on module \top..
  Creating internal representation of mux trees.
  No muxes found in this module.
Removed 0 multiplexer ports.

2.14.4. Executing OPT_REDUCE pass (consolidate $*mux and $reduce_* inputs).
  Optimizing cells in module \top.
Performed a total of 0 changes.

2.14.5. Executing OPT_MERGE pass (detect identical cells).
Finding identical cells in module `\top'.
Computing hashes of 1008 cells of `\top'.
Finding duplicate cells in `\top'.
Removed a total of 0 cells.

2.14.6. Executing OPT_DFF pass (perform DFF optimizations).

2.14.7. Executing OPT_CLEAN pass (remove unused cells and wires).
Finding unused cells or wires in module \top..
Removed 0 unused cells and 240 unused wires.
<suppressed ~1 debug messages>

2.14.8. Executing OPT_EXPR pass (perform const folding).
Optimizing module top.

2.14.9. Rerunning OPT passes. (Maybe there is more to do..)

2.14.10. Executing OPT_MUXTREE pass (detect dead branches in mux trees).
Running muxtree optimizer on module \top..
  Creating internal representation of mux trees.
  No muxes found in this module.
Removed 0 multiplexer ports.

2.14.11. Executing OPT_REDUCE pass (consolidate $*mux and $reduce_* inputs).
  Optimizing cells in module \top.
Performed a total of 0 changes.

2.14.12. Executing OPT_MERGE pass (detect identical cells).
Finding identical cells in module `\top'.
Computing hashes of 1008 cells of `\top'.
Finding duplicate cells in `\top'.
Removed a total of 0 cells.

2.14.13. Executing OPT_DFF pass (perform DFF optimizations).

2.14.14. Executing OPT_CLEAN pass (remove unused cells and wires).
Finding unused cells or wires in module \top..

2.14.15. Executing OPT_EXPR pass (perform const folding).
Optimizing module top.

2.14.16. Finished fast OPT passes. (There is nothing left to do.)

2.15. Executing MEMORY pass.

2.15.1. Executing OPT_MEM pass (optimize memories).
Performed a total of 0 transformations.

2.15.2. Executing OPT_MEM_PRIORITY pass (removing unnecessary memory write priority relations).
Performed a total of 0 transformations.

2.15.3. Executing OPT_MEM_FEEDBACK pass (finding memory read-to-write feedback paths).

2.15.4. Executing MEMORY_BMUX2ROM pass (converting muxes to ROMs).

2.15.5. Executing MEMORY_DFF pass (merging $dff cells to $memrd).

2.15.6. Executing OPT_CLEAN pass (remove unused cells and wires).
Finding unused cells or wires in module \top..

2.15.7. Executing MEMORY_SHARE pass (consolidating $memrd/$memwr cells).

2.15.8. Executing OPT_MEM_WIDEN pass (optimize memories where all ports are wide).
Performed a total of 0 transformations.

2.15.9. Executing OPT_CLEAN pass (remove unused cells and wires).
Finding unused cells or wires in module \top..

2.15.10. Executing MEMORY_COLLECT pass (generating $mem cells).

2.16. Executing OPT_CLEAN pass (remove unused cells and wires).
Finding unused cells or wires in module \top..

2.17. Executing OPT pass (performing simple optimizations).

2.17.1. Executing OPT_EXPR pass (perform const folding).
Optimizing module top.
<suppressed ~125 debug messages>

2.17.2. Executing OPT_MERGE pass (detect identical cells).
Finding identical cells in module `\top'.
Computing hashes of 1008 cells of `\top'.
Finding duplicate cells in `\top'.
Removed a total of 0 cells.

2.17.3. Executing OPT_DFF pass (perform DFF optimizations).

2.17.4. Executing OPT_CLEAN pass (remove unused cells and wires).
Finding unused cells or wires in module \top..

2.17.5. Finished fast OPT passes.

2.18. Executing MEMORY_MAP pass (converting memories to logic and flip-flops).

2.19. Executing OPT pass (performing simple optimizations).

2.19.1. Executing OPT_EXPR pass (perform const folding).
Optimizing module top.

2.19.2. Executing OPT_MERGE pass (detect identical cells).
Finding identical cells in module `\top'.
Computing hashes of 1008 cells of `\top'.
Finding duplicate cells in `\top'.
Removed a total of 0 cells.

2.19.3. Executing OPT_MUXTREE pass (detect dead branches in mux trees).
Running muxtree optimizer on module \top..
  Creating internal representation of mux trees.
  No muxes found in this module.
Removed 0 multiplexer ports.

2.19.4. Executing OPT_REDUCE pass (consolidate $*mux and $reduce_* inputs).
  Optimizing cells in module \top.
Performed a total of 0 changes.

2.19.5. Executing OPT_MERGE pass (detect identical cells).
Finding identical cells in module `\top'.
Computing hashes of 1008 cells of `\top'.
Finding duplicate cells in `\top'.
Removed a total of 0 cells.

2.19.6. Executing OPT_SHARE pass.

2.19.7. Executing OPT_DFF pass (perform DFF optimizations).

2.19.8. Executing OPT_CLEAN pass (remove unused cells and wires).
Finding unused cells or wires in module \top..

2.19.9. Executing OPT_EXPR pass (perform const folding).
Optimizing module top.

2.19.10. Finished fast OPT passes. (There is nothing left to do.)

2.20. Executing TECHMAP pass (map to technology primitives).

2.20.1. Executing Verilog-2005 frontend: /home/bomma/oss-cad-suite/lib/../share/yosys/techmap.v
Parsing Verilog input from `/home/bomma/oss-cad-suite/lib/../share/yosys/techmap.v' to AST representation.
Generating RTLIL representation for module `\_90_simplemap_bool_ops'.
Generating RTLIL representation for module `\_90_simplemap_reduce_ops'.
Generating RTLIL representation for module `\_90_simplemap_logic_ops'.
Generating RTLIL representation for module `\_90_simplemap_compare_ops'.
Generating RTLIL representation for module `\_90_simplemap_various'.
Generating RTLIL representation for module `\_90_simplemap_registers'.
Generating RTLIL representation for module `\_90_shift_ops_shr_shl_sshl_sshr'.
Generating RTLIL representation for module `\_90_shift_shiftx'.
Generating RTLIL representation for module `\_90_fa'.
Generating RTLIL representation for module `\_90_lcu_brent_kung'.
Generating RTLIL representation for module `\_90_alu'.
Generating RTLIL representation for module `\_90_macc'.
Generating RTLIL representation for module `\_90_alumacc'.
Generating RTLIL representation for module `$__div_mod_u'.
Generating RTLIL representation for module `$__div_mod_trunc'.
Generating RTLIL representation for module `\_90_div'.
Generating RTLIL representation for module `\_90_mod'.
Generating RTLIL representation for module `$__div_mod_floor'.
Generating RTLIL representation for module `\_90_divfloor'.
Generating RTLIL representation for module `\_90_modfloor'.
Generating RTLIL representation for module `\_90_pow'.
Generating RTLIL representation for module `\_90_demux'.
Generating RTLIL representation for module `\_90_lut'.
Generating RTLIL representation for module `$connect'.
Generating RTLIL representation for module `$input_port'.
Successfully finished Verilog frontend.

2.20.2. Continuing TECHMAP pass.
Using extmapper maccmap for cells of type $macc_v2.
  add \u_array.rows[13].cols[4].u_pe.act_out * \u_array.rows[13].cols[5].u_pe.weight (8x8 bits, signed)
  add \u_array.rows[12].cols[5].u_pe.psum_out (32 bits, signed)
  add \u_array.rows[8].cols[3].u_pe.act_out * \u_array.rows[8].cols[4].u_pe.weight (8x8 bits, signed)
  add \u_array.rows[7].cols[4].u_pe.psum_out (32 bits, signed)
  add \u_array.rows[7].cols[1].u_pe.act_out * \u_array.rows[7].cols[2].u_pe.weight (8x8 bits, signed)
  add \u_array.rows[6].cols[2].u_pe.psum_out (32 bits, signed)
  add \u_array.rows[14].cols[4].u_pe.act_out * \u_array.rows[14].cols[5].u_pe.weight (8x8 bits, signed)
  add \u_array.rows[13].cols[5].u_pe.psum_out (32 bits, signed)
  add \u_array.rows[4].cols[9].u_pe.act_out * \u_array.rows[4].cols[10].u_pe.weight (8x8 bits, signed)
  add \u_array.rows[3].cols[10].u_pe.psum_out (32 bits, signed)
  add \act_in_flat [47:40] * \u_array.rows[5].cols[0].u_pe.weight (8x8 bits, signed)
  add \u_array.rows[4].cols[0].u_pe.psum_out (32 bits, signed)
  add \u_array.rows[3].cols[14].u_pe.act_out * \u_array.rows[3].cols[15].u_pe.weight (8x8 bits, signed)
  add \u_array.rows[2].cols[15].u_pe.psum_out (32 bits, signed)
  add \u_array.rows[0].cols[10].u_pe.act_out * \u_array.rows[0].cols[11].u_pe.weight (8x8 bits, signed)
  add \u_array.rows[0].cols[2].u_pe.act_out * \u_array.rows[0].cols[3].u_pe.weight (8x8 bits, signed)
  add \u_array.rows[5].cols[1].u_pe.act_out * \u_array.rows[5].cols[2].u_pe.weight (8x8 bits, signed)
  add \u_array.rows[4].cols[2].u_pe.psum_out (32 bits, signed)
  add \u_array.rows[13].cols[3].u_pe.act_out * \u_array.rows[13].cols[4].u_pe.weight (8x8 bits, signed)
  add \u_array.rows[12].cols[4].u_pe.psum_out (32 bits, signed)
  add \u_array.rows[9].cols[7].u_pe.act_out * \u_array.rows[9].cols[8].u_pe.weight (8x8 bits, signed)
  add \u_array.rows[8].cols[8].u_pe.psum_out (32 bits, signed)
  add \u_array.rows[3].cols[13].u_pe.act_out * \u_array.rows[3].cols[14].u_pe.weight (8x8 bits, signed)
  add \u_array.rows[2].cols[14].u_pe.psum_out (32 bits, signed)
  add \u_array.rows[15].cols[9].u_pe.act_out * \u_array.rows[15].cols[10].u_pe.weight (8x8 bits, signed)
  add \u_array.rows[14].cols[10].u_pe.psum_out (32 bits, signed)
  add \u_array.rows[5].cols[7].u_pe.act_out * \u_array.rows[5].cols[8].u_pe.weight (8x8 bits, signed)
  add \u_array.rows[4].cols[8].u_pe.psum_out (32 bits, signed)
  add \u_array.rows[0].cols[3].u_pe.act_out * \u_array.rows[0].cols[4].u_pe.weight (8x8 bits, signed)
  add \u_array.rows[4].cols[14].u_pe.act_out * \u_array.rows[4].cols[15].u_pe.weight (8x8 bits, signed)
  add \u_array.rows[3].cols[15].u_pe.psum_out (32 bits, signed)
  add \u_array.rows[7].cols[6].u_pe.act_out * \u_array.rows[7].cols[7].u_pe.weight (8x8 bits, signed)
  add \u_array.rows[6].cols[7].u_pe.psum_out (32 bits, signed)
  add \u_array.rows[3].cols[12].u_pe.act_out * \u_array.rows[3].cols[13].u_pe.weight (8x8 bits, signed)
  add \u_array.rows[2].cols[13].u_pe.psum_out (32 bits, signed)
  add \u_array.rows[6].cols[11].u_pe.act_out * \u_array.rows[6].cols[12].u_pe.weight (8x8 bits, signed)
  add \u_array.rows[5].cols[12].u_pe.psum_out (32 bits, signed)
  add \u_array.rows[13].cols[2].u_pe.act_out * \u_array.rows[13].cols[3].u_pe.weight (8x8 bits, signed)
  add \u_array.rows[12].cols[3].u_pe.psum_out (32 bits, signed)
  add \u_array.rows[1].cols[4].u_pe.act_out * \u_array.rows[1].cols[5].u_pe.weight (8x8 bits, signed)
  add \u_array.rows[0].cols[5].u_pe.psum_out (32 bits, signed)
  add \u_array.rows[4].cols[1].u_pe.act_out * \u_array.rows[4].cols[2].u_pe.weight (8x8 bits, signed)
  add \u_array.rows[3].cols[2].u_pe.psum_out (32 bits, signed)
  add \u_array.rows[15].cols[13].u_pe.act_out * \u_array.rows[15].cols[14].u_pe.weight (8x8 bits, signed)
  add \u_array.rows[14].cols[14].u_pe.psum_out (32 bits, signed)
  add \u_array.rows[13].cols[14].u_pe.act_out * \u_array.rows[13].cols[15].u_pe.weight (8x8 bits, signed)
  add \u_array.rows[12].cols[15].u_pe.psum_out (32 bits, signed)
  add \u_array.rows[4].cols[3].u_pe.act_out * \u_array.rows[4].cols[4].u_pe.weight (8x8 bits, signed)
  add \u_array.rows[3].cols[4].u_pe.psum_out (32 bits, signed)
  add \u_array.rows[3].cols[11].u_pe.act_out * \u_array.rows[3].cols[12].u_pe.weight (8x8 bits, signed)
  add \u_array.rows[2].cols[12].u_pe.psum_out (32 bits, signed)
  add \u_array.rows[15].cols[2].u_pe.act_out * \u_array.rows[15].cols[3].u_pe.weight (8x8 bits, signed)
  add \u_array.rows[14].cols[3].u_pe.psum_out (32 bits, signed)
  add \u_array.rows[9].cols[9].u_pe.act_out * \u_array.rows[9].cols[10].u_pe.weight (8x8 bits, signed)
  add \u_array.rows[8].cols[10].u_pe.psum_out (32 bits, signed)
  add \u_array.rows[8].cols[11].u_pe.act_out * \u_array.rows[8].cols[12].u_pe.weight (8x8 bits, signed)
  add \u_array.rows[7].cols[12].u_pe.psum_out (32 bits, signed)
  add \u_array.rows[13].cols[1].u_pe.act_out * \u_array.rows[13].cols[2].u_pe.weight (8x8 bits, signed)
  add \u_array.rows[12].cols[2].u_pe.psum_out (32 bits, signed)
  add \u_array.rows[13].cols[7].u_pe.act_out * \u_array.rows[13].cols[8].u_pe.weight (8x8 bits, signed)
  add \u_array.rows[12].cols[8].u_pe.psum_out (32 bits, signed)
  add \u_array.rows[3].cols[10].u_pe.act_out * \u_array.rows[3].cols[11].u_pe.weight (8x8 bits, signed)
  add \u_array.rows[2].cols[11].u_pe.psum_out (32 bits, signed)
  add \u_array.rows[11].cols[7].u_pe.act_out * \u_array.rows[11].cols[8].u_pe.weight (8x8 bits, signed)
  add \u_array.rows[10].cols[8].u_pe.psum_out (32 bits, signed)
  add \u_array.rows[5].cols[8].u_pe.act_out * \u_array.rows[5].cols[9].u_pe.weight (8x8 bits, signed)
  add \u_array.rows[4].cols[9].u_pe.psum_out (32 bits, signed)
  add \u_array.rows[11].cols[0].u_pe.act_out * \u_array.rows[11].cols[1].u_pe.weight (8x8 bits, signed)
  add \u_array.rows[10].cols[1].u_pe.psum_out (32 bits, signed)
  add \u_array.rows[7].cols[10].u_pe.act_out * \u_array.rows[7].cols[11].u_pe.weight (8x8 bits, signed)
  add \u_array.rows[6].cols[11].u_pe.psum_out (32 bits, signed)
  add \u_array.rows[14].cols[5].u_pe.act_out * \u_array.rows[14].cols[6].u_pe.weight (8x8 bits, signed)
  add \u_array.rows[13].cols[6].u_pe.psum_out (32 bits, signed)
  add \u_array.rows[3].cols[9].u_pe.act_out * \u_array.rows[3].cols[10].u_pe.weight (8x8 bits, signed)
  add \u_array.rows[2].cols[10].u_pe.psum_out (32 bits, signed)
  add \u_array.rows[7].cols[5].u_pe.act_out * \u_array.rows[7].cols[6].u_pe.weight (8x8 bits, signed)
  add \u_array.rows[6].cols[6].u_pe.psum_out (32 bits, signed)
  add \u_array.rows[13].cols[0].u_pe.act_out * \u_array.rows[13].cols[1].u_pe.weight (8x8 bits, signed)
  add \u_array.rows[12].cols[1].u_pe.psum_out (32 bits, signed)
  add \u_array.rows[1].cols[3].u_pe.act_out * \u_array.rows[1].cols[4].u_pe.weight (8x8 bits, signed)
  add \u_array.rows[0].cols[4].u_pe.psum_out (32 bits, signed)
  add \u_array.rows[0].cols[8].u_pe.act_out * \u_array.rows[0].cols[9].u_pe.weight (8x8 bits, signed)
  add \u_array.rows[8].cols[13].u_pe.act_out * \u_array.rows[8].cols[14].u_pe.weight (8x8 bits, signed)
  add \u_array.rows[7].cols[14].u_pe.psum_out (32 bits, signed)
  add \u_array.rows[5].cols[0].u_pe.act_out * \u_array.rows[5].cols[1].u_pe.weight (8x8 bits, signed)
  add \u_array.rows[4].cols[1].u_pe.psum_out (32 bits, signed)
  add \u_array.rows[3].cols[8].u_pe.act_out * \u_array.rows[3].cols[9].u_pe.weight (8x8 bits, signed)
  add \u_array.rows[2].cols[9].u_pe.psum_out (32 bits, signed)
  add \u_array.rows[15].cols[8].u_pe.act_out * \u_array.rows[15].cols[9].u_pe.weight (8x8 bits, signed)
  add \u_array.rows[14].cols[9].u_pe.psum_out (32 bits, signed)
  add \u_array.rows[9].cols[10].u_pe.act_out * \u_array.rows[9].cols[11].u_pe.weight (8x8 bits, signed)
  add \u_array.rows[8].cols[11].u_pe.psum_out (32 bits, signed)
  add \u_array.rows[4].cols[0].u_pe.act_out * \u_array.rows[4].cols[1].u_pe.weight (8x8 bits, signed)
  add \u_array.rows[3].cols[1].u_pe.psum_out (32 bits, signed)
  add \u_array.rows[5].cols[9].u_pe.act_out * \u_array.rows[5].cols[10].u_pe.weight (8x8 bits, signed)
  add \u_array.rows[4].cols[10].u_pe.psum_out (32 bits, signed)
  add \act_in_flat [111:104] * \u_array.rows[13].cols[0].u_pe.weight (8x8 bits, signed)
  add \u_array.rows[12].cols[0].u_pe.psum_out (32 bits, signed)
  add \u_array.rows[14].cols[14].u_pe.act_out * \u_array.rows[14].cols[15].u_pe.weight (8x8 bits, signed)
  add \u_array.rows[13].cols[15].u_pe.psum_out (32 bits, signed)
  add \u_array.rows[3].cols[7].u_pe.act_out * \u_array.rows[3].cols[8].u_pe.weight (8x8 bits, signed)
  add \u_array.rows[2].cols[8].u_pe.psum_out (32 bits, signed)
  add \u_array.rows[15].cols[1].u_pe.act_out * \u_array.rows[15].cols[2].u_pe.weight (8x8 bits, signed)
  add \u_array.rows[14].cols[2].u_pe.psum_out (32 bits, signed)
  add \u_array.rows[9].cols[11].u_pe.act_out * \u_array.rows[9].cols[12].u_pe.weight (8x8 bits, signed)
  add \u_array.rows[8].cols[12].u_pe.psum_out (32 bits, signed)
  add \u_array.rows[4].cols[13].u_pe.act_out * \u_array.rows[4].cols[14].u_pe.weight (8x8 bits, signed)
  add \u_array.rows[3].cols[14].u_pe.psum_out (32 bits, signed)
  add \u_array.rows[7].cols[13].u_pe.act_out * \u_array.rows[7].cols[14].u_pe.weight (8x8 bits, signed)
  add \u_array.rows[6].cols[14].u_pe.psum_out (32 bits, signed)
  add \u_array.rows[3].cols[6].u_pe.act_out * \u_array.rows[3].cols[7].u_pe.weight (8x8 bits, signed)
  add \u_array.rows[2].cols[7].u_pe.psum_out (32 bits, signed)
  add \act_in_flat [39:32] * \u_array.rows[4].cols[0].u_pe.weight (8x8 bits, signed)
  add \u_array.rows[3].cols[0].u_pe.psum_out (32 bits, signed)
  add \u_array.rows[12].cols[14].u_pe.act_out * \u_array.rows[12].cols[15].u_pe.weight (8x8 bits, signed)
  add \u_array.rows[11].cols[15].u_pe.psum_out (32 bits, signed)
  add \u_array.rows[7].cols[4].u_pe.act_out * \u_array.rows[7].cols[5].u_pe.weight (8x8 bits, signed)
  add \u_array.rows[6].cols[5].u_pe.psum_out (32 bits, signed)
  add \u_array.rows[10].cols[12].u_pe.act_out * \u_array.rows[10].cols[13].u_pe.weight (8x8 bits, signed)
  add \u_array.rows[9].cols[13].u_pe.psum_out (32 bits, signed)
  add \u_array.rows[14].cols[6].u_pe.act_out * \u_array.rows[14].cols[7].u_pe.weight (8x8 bits, signed)
  add \u_array.rows[13].cols[7].u_pe.psum_out (32 bits, signed)
  add \u_array.rows[3].cols[5].u_pe.act_out * \u_array.rows[3].cols[6].u_pe.weight (8x8 bits, signed)
  add \u_array.rows[2].cols[6].u_pe.psum_out (32 bits, signed)
  add \u_array.rows[6].cols[6].u_pe.act_out * \u_array.rows[6].cols[7].u_pe.weight (8x8 bits, signed)
  add \u_array.rows[5].cols[7].u_pe.psum_out (32 bits, signed)
  add \u_array.rows[9].cols[12].u_pe.act_out * \u_array.rows[9].cols[13].u_pe.weight (8x8 bits, signed)
  add \u_array.rows[8].cols[13].u_pe.psum_out (32 bits, signed)
  add \u_array.rows[5].cols[10].u_pe.act_out * \u_array.rows[5].cols[11].u_pe.weight (8x8 bits, signed)
  add \u_array.rows[4].cols[11].u_pe.psum_out (32 bits, signed)
  add \u_array.rows[12].cols[13].u_pe.act_out * \u_array.rows[12].cols[14].u_pe.weight (8x8 bits, signed)
  add \u_array.rows[11].cols[14].u_pe.psum_out (32 bits, signed)
  add \u_array.rows[14].cols[0].u_pe.act_out * \u_array.rows[14].cols[1].u_pe.weight (8x8 bits, signed)
  add \u_array.rows[13].cols[1].u_pe.psum_out (32 bits, signed)
  add \u_array.rows[3].cols[4].u_pe.act_out * \u_array.rows[3].cols[5].u_pe.weight (8x8 bits, signed)
  add \u_array.rows[2].cols[5].u_pe.psum_out (32 bits, signed)
  add \u_array.rows[1].cols[2].u_pe.act_out * \u_array.rows[1].cols[3].u_pe.weight (8x8 bits, signed)
  add \u_array.rows[0].cols[3].u_pe.psum_out (32 bits, signed)
  add \u_array.rows[8].cols[6].u_pe.act_out * \u_array.rows[8].cols[7].u_pe.weight (8x8 bits, signed)
  add \u_array.rows[7].cols[7].u_pe.psum_out (32 bits, signed)
  add \u_array.rows[11].cols[1].u_pe.act_out * \u_array.rows[11].cols[2].u_pe.weight (8x8 bits, signed)
  add \u_array.rows[10].cols[2].u_pe.psum_out (32 bits, signed)
  add \u_array.rows[3].cols[3].u_pe.act_out * \u_array.rows[3].cols[4].u_pe.weight (8x8 bits, signed)
  add \u_array.rows[2].cols[4].u_pe.psum_out (32 bits, signed)
  add \u_array.rows[4].cols[4].u_pe.act_out * \u_array.rows[4].cols[5].u_pe.weight (8x8 bits, signed)
  add \u_array.rows[3].cols[5].u_pe.psum_out (32 bits, signed)
  add \u_array.rows[12].cols[12].u_pe.act_out * \u_array.rows[12].cols[13].u_pe.weight (8x8 bits, signed)
  add \u_array.rows[11].cols[13].u_pe.psum_out (32 bits, signed)
  add \u_array.rows[9].cols[4].u_pe.act_out * \u_array.rows[9].cols[5].u_pe.weight (8x8 bits, signed)
  add \u_array.rows[8].cols[5].u_pe.psum_out (32 bits, signed)
  add \u_array.rows[0].cols[4].u_pe.act_out * \u_array.rows[0].cols[5].u_pe.weight (8x8 bits, signed)
  add \u_array.rows[3].cols[2].u_pe.act_out * \u_array.rows[3].cols[3].u_pe.weight (8x8 bits, signed)
  add \u_array.rows[2].cols[3].u_pe.psum_out (32 bits, signed)
  add \u_array.rows[15].cols[7].u_pe.act_out * \u_array.rows[15].cols[8].u_pe.weight (8x8 bits, signed)
  add \u_array.rows[14].cols[8].u_pe.psum_out (32 bits, signed)
  add \u_array.rows[6].cols[9].u_pe.act_out * \u_array.rows[6].cols[10].u_pe.weight (8x8 bits, signed)
  add \u_array.rows[5].cols[10].u_pe.psum_out (32 bits, signed)
  add \u_array.rows[5].cols[11].u_pe.act_out * \u_array.rows[5].cols[12].u_pe.weight (8x8 bits, signed)
  add \u_array.rows[4].cols[12].u_pe.psum_out (32 bits, signed)
  add \u_array.rows[12].cols[11].u_pe.act_out * \u_array.rows[12].cols[12].u_pe.weight (8x8 bits, signed)
  add \u_array.rows[11].cols[12].u_pe.psum_out (32 bits, signed)
  add \u_array.rows[9].cols[13].u_pe.act_out * \u_array.rows[9].cols[14].u_pe.weight (8x8 bits, signed)
  add \u_array.rows[8].cols[14].u_pe.psum_out (32 bits, signed)
  add \u_array.rows[3].cols[1].u_pe.act_out * \u_array.rows[3].cols[2].u_pe.weight (8x8 bits, signed)
  add \u_array.rows[2].cols[2].u_pe.psum_out (32 bits, signed)
  add \act_in_flat [79:72] * \u_array.rows[9].cols[0].u_pe.weight (8x8 bits, signed)
  add \u_array.rows[8].cols[0].u_pe.psum_out (32 bits, signed)
  add \u_array.rows[11].cols[6].u_pe.act_out * \u_array.rows[11].cols[7].u_pe.weight (8x8 bits, signed)
  add \u_array.rows[10].cols[7].u_pe.psum_out (32 bits, signed)
  add \u_array.rows[14].cols[7].u_pe.act_out * \u_array.rows[14].cols[8].u_pe.weight (8x8 bits, signed)
  add \u_array.rows[13].cols[8].u_pe.psum_out (32 bits, signed)
  add \act_in_flat [87:80] * \u_array.rows[10].cols[0].u_pe.weight (8x8 bits, signed)
  add \u_array.rows[9].cols[0].u_pe.psum_out (32 bits, signed)
  add \u_array.rows[13].cols[13].u_pe.act_out * \u_array.rows[13].cols[14].u_pe.weight (8x8 bits, signed)
  add \u_array.rows[12].cols[14].u_pe.psum_out (32 bits, signed)
  add \u_array.rows[3].cols[0].u_pe.act_out * \u_array.rows[3].cols[1].u_pe.weight (8x8 bits, signed)
  add \u_array.rows[2].cols[1].u_pe.psum_out (32 bits, signed)
  add \u_array.rows[7].cols[3].u_pe.act_out * \u_array.rows[7].cols[4].u_pe.weight (8x8 bits, signed)
  add \u_array.rows[6].cols[4].u_pe.psum_out (32 bits, signed)
  add \u_array.rows[12].cols[10].u_pe.act_out * \u_array.rows[12].cols[11].u_pe.weight (8x8 bits, signed)
  add \u_array.rows[11].cols[11].u_pe.psum_out (32 bits, signed)
  add \u_array.rows[15].cols[10].u_pe.act_out * \u_array.rows[15].cols[11].u_pe.weight (8x8 bits, signed)
  add \u_array.rows[14].cols[11].u_pe.psum_out (32 bits, signed)
  add \u_array.rows[8].cols[4].u_pe.act_out * \u_array.rows[8].cols[5].u_pe.weight (8x8 bits, signed)
  add \u_array.rows[7].cols[5].u_pe.psum_out (32 bits, signed)
  add \u_array.rows[14].cols[2].u_pe.act_out * \u_array.rows[14].cols[3].u_pe.weight (8x8 bits, signed)
  add \u_array.rows[13].cols[3].u_pe.psum_out (32 bits, signed)
  add \u_array.rows[8].cols[10].u_pe.act_out * \u_array.rows[8].cols[11].u_pe.weight (8x8 bits, signed)
  add \u_array.rows[7].cols[11].u_pe.psum_out (32 bits, signed)
  add \act_in_flat [31:24] * \u_array.rows[3].cols[0].u_pe.weight (8x8 bits, signed)
  add \u_array.rows[2].cols[0].u_pe.psum_out (32 bits, signed)
  add \u_array.rows[9].cols[14].u_pe.act_out * \u_array.rows[9].cols[15].u_pe.weight (8x8 bits, signed)
  add \u_array.rows[8].cols[15].u_pe.psum_out (32 bits, signed)
  add \u_array.rows[5].cols[12].u_pe.act_out * \u_array.rows[5].cols[13].u_pe.weight (8x8 bits, signed)
  add \u_array.rows[4].cols[13].u_pe.psum_out (32 bits, signed)
  add \u_array.rows[5].cols[3].u_pe.act_out * \u_array.rows[5].cols[4].u_pe.weight (8x8 bits, signed)
  add \u_array.rows[4].cols[4].u_pe.psum_out (32 bits, signed)
  add \u_array.rows[12].cols[9].u_pe.act_out * \u_array.rows[12].cols[10].u_pe.weight (8x8 bits, signed)
  add \u_array.rows[11].cols[10].u_pe.psum_out (32 bits, signed)
  add \u_array.rows[1].cols[1].u_pe.act_out * \u_array.rows[1].cols[2].u_pe.weight (8x8 bits, signed)
  add \u_array.rows[0].cols[2].u_pe.psum_out (32 bits, signed)
  add \u_array.rows[9].cols[6].u_pe.act_out * \u_array.rows[9].cols[7].u_pe.weight (8x8 bits, signed)
  add \u_array.rows[8].cols[7].u_pe.psum_out (32 bits, signed)
  add \u_array.rows[2].cols[14].u_pe.act_out * \u_array.rows[2].cols[15].u_pe.weight (8x8 bits, signed)
  add \u_array.rows[1].cols[15].u_pe.psum_out (32 bits, signed)
  add \u_array.rows[13].cols[10].u_pe.act_out * \u_array.rows[13].cols[11].u_pe.weight (8x8 bits, signed)
  add \u_array.rows[12].cols[11].u_pe.psum_out (32 bits, signed)
  add \u_array.rows[8].cols[14].u_pe.act_out * \u_array.rows[8].cols[15].u_pe.weight (8x8 bits, signed)
  add \u_array.rows[7].cols[15].u_pe.psum_out (32 bits, signed)
  add \u_array.rows[4].cols[12].u_pe.act_out * \u_array.rows[4].cols[13].u_pe.weight (8x8 bits, signed)
  add \u_array.rows[3].cols[13].u_pe.psum_out (32 bits, signed)
  add \u_array.rows[7].cols[2].u_pe.act_out * \u_array.rows[7].cols[3].u_pe.weight (8x8 bits, signed)
  add \u_array.rows[6].cols[3].u_pe.psum_out (32 bits, signed)
  add \u_array.rows[7].cols[9].u_pe.act_out * \u_array.rows[7].cols[10].u_pe.weight (8x8 bits, signed)
  add \u_array.rows[6].cols[10].u_pe.psum_out (32 bits, signed)
  add \u_array.rows[14].cols[8].u_pe.act_out * \u_array.rows[14].cols[9].u_pe.weight (8x8 bits, signed)
  add \u_array.rows[13].cols[9].u_pe.psum_out (32 bits, signed)
  add \u_array.rows[10].cols[14].u_pe.act_out * \u_array.rows[10].cols[15].u_pe.weight (8x8 bits, signed)
  add \u_array.rows[9].cols[15].u_pe.psum_out (32 bits, signed)
  add \u_array.rows[2].cols[13].u_pe.act_out * \u_array.rows[2].cols[14].u_pe.weight (8x8 bits, signed)
  add \u_array.rows[1].cols[14].u_pe.psum_out (32 bits, signed)
  add \u_array.rows[11].cols[5].u_pe.act_out * \u_array.rows[11].cols[6].u_pe.weight (8x8 bits, signed)
  add \u_array.rows[10].cols[6].u_pe.psum_out (32 bits, signed)
  add \u_array.rows[12].cols[8].u_pe.act_out * \u_array.rows[12].cols[9].u_pe.weight (8x8 bits, signed)
  add \u_array.rows[11].cols[9].u_pe.psum_out (32 bits, signed)
  add \u_array.rows[10].cols[0].u_pe.act_out * \u_array.rows[10].cols[1].u_pe.weight (8x8 bits, signed)
  add \u_array.rows[9].cols[1].u_pe.psum_out (32 bits, signed)
  add \u_array.rows[15].cols[11].u_pe.act_out * \u_array.rows[15].cols[12].u_pe.weight (8x8 bits, signed)
  add \u_array.rows[14].cols[12].u_pe.psum_out (32 bits, signed)
  add \u_array.rows[2].cols[12].u_pe.act_out * \u_array.rows[2].cols[13].u_pe.weight (8x8 bits, signed)
  add \u_array.rows[1].cols[13].u_pe.psum_out (32 bits, signed)
  add \u_array.rows[15].cols[6].u_pe.act_out * \u_array.rows[15].cols[7].u_pe.weight (8x8 bits, signed)
  add \u_array.rows[14].cols[7].u_pe.psum_out (32 bits, signed)
  add \u_array.rows[5].cols[13].u_pe.act_out * \u_array.rows[5].cols[14].u_pe.weight (8x8 bits, signed)
  add \u_array.rows[4].cols[14].u_pe.psum_out (32 bits, signed)
  add \u_array.rows[12].cols[7].u_pe.act_out * \u_array.rows[12].cols[8].u_pe.weight (8x8 bits, signed)
  add \u_array.rows[11].cols[8].u_pe.psum_out (32 bits, signed)
  add \u_array.rows[1].cols[0].u_pe.act_out * \u_array.rows[1].cols[1].u_pe.weight (8x8 bits, signed)
  add \u_array.rows[0].cols[1].u_pe.psum_out (32 bits, signed)
  add \u_array.rows[2].cols[11].u_pe.act_out * \u_array.rows[2].cols[12].u_pe.weight (8x8 bits, signed)
  add \u_array.rows[1].cols[12].u_pe.psum_out (32 bits, signed)
  add \u_array.rows[6].cols[7].u_pe.act_out * \u_array.rows[6].cols[8].u_pe.weight (8x8 bits, signed)
  add \u_array.rows[5].cols[8].u_pe.psum_out (32 bits, signed)
  add \u_array.rows[0].cols[7].u_pe.act_out * \u_array.rows[0].cols[8].u_pe.weight (8x8 bits, signed)
  add \u_array.rows[13].cols[8].u_pe.act_out * \u_array.rows[13].cols[9].u_pe.weight (8x8 bits, signed)
  add \u_array.rows[12].cols[9].u_pe.psum_out (32 bits, signed)
  add \u_array.rows[5].cols[2].u_pe.act_out * \u_array.rows[5].cols[3].u_pe.weight (8x8 bits, signed)
  add \u_array.rows[4].cols[3].u_pe.psum_out (32 bits, signed)
  add \u_array.rows[2].cols[10].u_pe.act_out * \u_array.rows[2].cols[11].u_pe.weight (8x8 bits, signed)
  add \u_array.rows[1].cols[11].u_pe.psum_out (32 bits, signed)
  add \u_array.rows[9].cols[0].u_pe.act_out * \u_array.rows[9].cols[1].u_pe.weight (8x8 bits, signed)
  add \u_array.rows[8].cols[1].u_pe.psum_out (32 bits, signed)
  add \u_array.rows[12].cols[6].u_pe.act_out * \u_array.rows[12].cols[7].u_pe.weight (8x8 bits, signed)
  add \u_array.rows[11].cols[7].u_pe.psum_out (32 bits, signed)
  add \act_in_flat [119:112] * \u_array.rows[14].cols[0].u_pe.weight (8x8 bits, signed)
  add \u_array.rows[13].cols[0].u_pe.psum_out (32 bits, signed)
  add \u_array.rows[10].cols[1].u_pe.act_out * \u_array.rows[10].cols[2].u_pe.weight (8x8 bits, signed)
  add \u_array.rows[9].cols[2].u_pe.psum_out (32 bits, signed)
  add \u_array.rows[5].cols[14].u_pe.act_out * \u_array.rows[5].cols[15].u_pe.weight (8x8 bits, signed)
  add \u_array.rows[4].cols[15].u_pe.psum_out (32 bits, signed)
  add \u_array.rows[4].cols[5].u_pe.act_out * \u_array.rows[4].cols[6].u_pe.weight (8x8 bits, signed)
  add \u_array.rows[3].cols[6].u_pe.psum_out (32 bits, signed)
  add \u_array.rows[2].cols[9].u_pe.act_out * \u_array.rows[2].cols[10].u_pe.weight (8x8 bits, signed)
  add \u_array.rows[1].cols[10].u_pe.psum_out (32 bits, signed)
  add \u_array.rows[9].cols[2].u_pe.act_out * \u_array.rows[9].cols[3].u_pe.weight (8x8 bits, signed)
  add \u_array.rows[8].cols[3].u_pe.psum_out (32 bits, signed)
  add \u_array.rows[7].cols[7].u_pe.act_out * \u_array.rows[7].cols[8].u_pe.weight (8x8 bits, signed)
  add \u_array.rows[6].cols[8].u_pe.psum_out (32 bits, signed)
  add \u_array.rows[10].cols[2].u_pe.act_out * \u_array.rows[10].cols[3].u_pe.weight (8x8 bits, signed)
  add \u_array.rows[9].cols[3].u_pe.psum_out (32 bits, signed)
  add \u_array.rows[9].cols[5].u_pe.act_out * \u_array.rows[9].cols[6].u_pe.weight (8x8 bits, signed)
  add \u_array.rows[8].cols[6].u_pe.psum_out (32 bits, signed)
  add \u_array.rows[12].cols[5].u_pe.act_out * \u_array.rows[12].cols[6].u_pe.weight (8x8 bits, signed)
  add \u_array.rows[11].cols[6].u_pe.psum_out (32 bits, signed)
  add \u_array.rows[10].cols[13].u_pe.act_out * \u_array.rows[10].cols[14].u_pe.weight (8x8 bits, signed)
  add \u_array.rows[9].cols[14].u_pe.psum_out (32 bits, signed)
  add \u_array.rows[2].cols[8].u_pe.act_out * \u_array.rows[2].cols[9].u_pe.weight (8x8 bits, signed)
  add \u_array.rows[1].cols[9].u_pe.psum_out (32 bits, signed)
  add \act_in_flat [15:8] * \u_array.rows[1].cols[0].u_pe.weight (8x8 bits, signed)
  add \u_array.rows[0].cols[0].u_pe.psum_out (32 bits, signed)
  add \u_array.rows[14].cols[9].u_pe.act_out * \u_array.rows[14].cols[10].u_pe.weight (8x8 bits, signed)
  add \u_array.rows[13].cols[10].u_pe.psum_out (32 bits, signed)
  add \u_array.rows[15].cols[14].u_pe.act_out * \u_array.rows[15].cols[15].u_pe.weight (8x8 bits, signed)
  add \u_array.rows[14].cols[15].u_pe.psum_out (32 bits, signed)
  add \u_array.rows[7].cols[12].u_pe.act_out * \u_array.rows[7].cols[13].u_pe.weight (8x8 bits, signed)
  add \u_array.rows[6].cols[13].u_pe.psum_out (32 bits, signed)
  add \u_array.rows[2].cols[7].u_pe.act_out * \u_array.rows[2].cols[8].u_pe.weight (8x8 bits, signed)
  add \u_array.rows[1].cols[8].u_pe.psum_out (32 bits, signed)
  add \u_array.rows[8].cols[0].u_pe.act_out * \u_array.rows[8].cols[1].u_pe.weight (8x8 bits, signed)
  add \u_array.rows[7].cols[1].u_pe.psum_out (32 bits, signed)
  add \u_array.rows[12].cols[4].u_pe.act_out * \u_array.rows[12].cols[5].u_pe.weight (8x8 bits, signed)
  add \u_array.rows[11].cols[5].u_pe.psum_out (32 bits, signed)
  add \u_array.rows[15].cols[5].u_pe.act_out * \u_array.rows[15].cols[6].u_pe.weight (8x8 bits, signed)
  add \u_array.rows[14].cols[6].u_pe.psum_out (32 bits, signed)
  add \u_array.rows[4].cols[7].u_pe.act_out * \u_array.rows[4].cols[8].u_pe.weight (8x8 bits, signed)
  add \u_array.rows[3].cols[8].u_pe.psum_out (32 bits, signed)
  add \act_in_flat [55:48] * \u_array.rows[6].cols[0].u_pe.weight (8x8 bits, signed)
  add \u_array.rows[5].cols[0].u_pe.psum_out (32 bits, signed)
  add \u_array.rows[4].cols[2].u_pe.act_out * \u_array.rows[4].cols[3].u_pe.weight (8x8 bits, signed)
  add \u_array.rows[3].cols[3].u_pe.psum_out (32 bits, signed)
  add \u_array.rows[2].cols[6].u_pe.act_out * \u_array.rows[2].cols[7].u_pe.weight (8x8 bits, signed)
  add \u_array.rows[1].cols[7].u_pe.psum_out (32 bits, signed)
  add \u_array.rows[10].cols[3].u_pe.act_out * \u_array.rows[10].cols[4].u_pe.weight (8x8 bits, signed)
  add \u_array.rows[9].cols[4].u_pe.psum_out (32 bits, signed)
  add \u_array.rows[12].cols[3].u_pe.act_out * \u_array.rows[12].cols[4].u_pe.weight (8x8 bits, signed)
  add \u_array.rows[11].cols[4].u_pe.psum_out (32 bits, signed)
  add \u_array.rows[11].cols[4].u_pe.act_out * \u_array.rows[11].cols[5].u_pe.weight (8x8 bits, signed)
  add \u_array.rows[10].cols[5].u_pe.psum_out (32 bits, signed)
  add \u_array.rows[2].cols[5].u_pe.act_out * \u_array.rows[2].cols[6].u_pe.weight (8x8 bits, signed)
  add \u_array.rows[1].cols[6].u_pe.psum_out (32 bits, signed)
  add \u_array.rows[7].cols[0].u_pe.act_out * \u_array.rows[7].cols[1].u_pe.weight (8x8 bits, signed)
  add \u_array.rows[6].cols[1].u_pe.psum_out (32 bits, signed)
  add \u_array.rows[4].cols[11].u_pe.act_out * \u_array.rows[4].cols[12].u_pe.weight (8x8 bits, signed)
  add \u_array.rows[3].cols[12].u_pe.psum_out (32 bits, signed)
  add \act_in_flat [127:120] * \u_array.rows[15].cols[0].u_pe.weight (8x8 bits, signed)
  add \u_array.rows[14].cols[0].u_pe.psum_out (32 bits, signed)
  add \u_array.rows[0].cols[14].u_pe.act_out * \u_array.rows[0].cols[15].u_pe.weight (8x8 bits, signed)
  add \u_array.rows[14].cols[10].u_pe.act_out * \u_array.rows[14].cols[11].u_pe.weight (8x8 bits, signed)
  add \u_array.rows[13].cols[11].u_pe.psum_out (32 bits, signed)
  add \u_array.rows[8].cols[9].u_pe.act_out * \u_array.rows[8].cols[10].u_pe.weight (8x8 bits, signed)
  add \u_array.rows[7].cols[10].u_pe.psum_out (32 bits, signed)
  add \u_array.rows[2].cols[4].u_pe.act_out * \u_array.rows[2].cols[5].u_pe.weight (8x8 bits, signed)
  add \u_array.rows[1].cols[5].u_pe.psum_out (32 bits, signed)
  add \u_array.rows[10].cols[4].u_pe.act_out * \u_array.rows[10].cols[5].u_pe.weight (8x8 bits, signed)
  add \u_array.rows[9].cols[5].u_pe.psum_out (32 bits, signed)
  add \u_array.rows[12].cols[2].u_pe.act_out * \u_array.rows[12].cols[3].u_pe.weight (8x8 bits, signed)
  add \u_array.rows[11].cols[3].u_pe.psum_out (32 bits, signed)
  add \u_array.rows[15].cols[0].u_pe.act_out * \u_array.rows[15].cols[1].u_pe.weight (8x8 bits, signed)
  add \u_array.rows[14].cols[1].u_pe.psum_out (32 bits, signed)
  add \u_array.rows[8].cols[5].u_pe.act_out * \u_array.rows[8].cols[6].u_pe.weight (8x8 bits, signed)
  add \u_array.rows[7].cols[6].u_pe.psum_out (32 bits, signed)
  add \u_array.rows[6].cols[0].u_pe.act_out * \u_array.rows[6].cols[1].u_pe.weight (8x8 bits, signed)
  add \u_array.rows[5].cols[1].u_pe.psum_out (32 bits, signed)
  add \u_array.rows[8].cols[7].u_pe.act_out * \u_array.rows[8].cols[8].u_pe.weight (8x8 bits, signed)
  add \u_array.rows[7].cols[8].u_pe.psum_out (32 bits, signed)
  add \u_array.rows[2].cols[3].u_pe.act_out * \u_array.rows[2].cols[4].u_pe.weight (8x8 bits, signed)
  add \u_array.rows[1].cols[4].u_pe.psum_out (32 bits, signed)
  add \u_array.rows[8].cols[12].u_pe.act_out * \u_array.rows[8].cols[13].u_pe.weight (8x8 bits, signed)
  add \u_array.rows[7].cols[13].u_pe.psum_out (32 bits, signed)
  add \u_array.rows[7].cols[11].u_pe.act_out * \u_array.rows[7].cols[12].u_pe.weight (8x8 bits, signed)
  add \u_array.rows[6].cols[12].u_pe.psum_out (32 bits, signed)
  add \u_array.rows[12].cols[1].u_pe.act_out * \u_array.rows[12].cols[2].u_pe.weight (8x8 bits, signed)
  add \u_array.rows[11].cols[2].u_pe.psum_out (32 bits, signed)
  add \u_array.rows[0].cols[9].u_pe.act_out * \u_array.rows[0].cols[10].u_pe.weight (8x8 bits, signed)
  add \u_array.rows[2].cols[2].u_pe.act_out * \u_array.rows[2].cols[3].u_pe.weight (8x8 bits, signed)
  add \u_array.rows[1].cols[3].u_pe.psum_out (32 bits, signed)
  add \u_array.rows[10].cols[5].u_pe.act_out * \u_array.rows[10].cols[6].u_pe.weight (8x8 bits, signed)
  add \u_array.rows[9].cols[6].u_pe.psum_out (32 bits, signed)
  add \u_array.rows[13].cols[12].u_pe.act_out * \u_array.rows[13].cols[13].u_pe.weight (8x8 bits, signed)
  add \u_array.rows[12].cols[13].u_pe.psum_out (32 bits, signed)
  add \u_array.rows[5].cols[4].u_pe.act_out * \u_array.rows[5].cols[5].u_pe.weight (8x8 bits, signed)
  add \u_array.rows[4].cols[5].u_pe.psum_out (32 bits, signed)
  add \act_in_flat [63:56] * \u_array.rows[7].cols[0].u_pe.weight (8x8 bits, signed)
  add \u_array.rows[6].cols[0].u_pe.psum_out (32 bits, signed)
  add \u_array.rows[11].cols[3].u_pe.act_out * \u_array.rows[11].cols[4].u_pe.weight (8x8 bits, signed)
  add \u_array.rows[10].cols[4].u_pe.psum_out (32 bits, signed)
  add \u_array.rows[14].cols[1].u_pe.act_out * \u_array.rows[14].cols[2].u_pe.weight (8x8 bits, signed)
  add \u_array.rows[13].cols[2].u_pe.psum_out (32 bits, signed)
  add \u_array.rows[10].cols[6].u_pe.act_out * \u_array.rows[10].cols[7].u_pe.weight (8x8 bits, signed)
  add \u_array.rows[9].cols[7].u_pe.psum_out (32 bits, signed)
  add \u_array.rows[2].cols[1].u_pe.act_out * \u_array.rows[2].cols[2].u_pe.weight (8x8 bits, signed)
  add \u_array.rows[1].cols[2].u_pe.psum_out (32 bits, signed)
  add \u_array.rows[15].cols[4].u_pe.act_out * \u_array.rows[15].cols[5].u_pe.weight (8x8 bits, signed)
  add \u_array.rows[14].cols[5].u_pe.psum_out (32 bits, signed)
  add \u_array.rows[12].cols[0].u_pe.act_out * \u_array.rows[12].cols[1].u_pe.weight (8x8 bits, signed)
  add \u_array.rows[11].cols[1].u_pe.psum_out (32 bits, signed)
  add \u_array.rows[5].cols[6].u_pe.act_out * \u_array.rows[5].cols[7].u_pe.weight (8x8 bits, signed)
  add \u_array.rows[4].cols[7].u_pe.psum_out (32 bits, signed)
  add \u_array.rows[0].cols[13].u_pe.act_out * \u_array.rows[0].cols[14].u_pe.weight (8x8 bits, signed)
  add \u_array.rows[6].cols[1].u_pe.act_out * \u_array.rows[6].cols[2].u_pe.weight (8x8 bits, signed)
  add \u_array.rows[5].cols[2].u_pe.psum_out (32 bits, signed)
  add \u_array.rows[7].cols[14].u_pe.act_out * \u_array.rows[7].cols[15].u_pe.weight (8x8 bits, signed)
  add \u_array.rows[6].cols[15].u_pe.psum_out (32 bits, signed)
  add \u_array.rows[2].cols[0].u_pe.act_out * \u_array.rows[2].cols[1].u_pe.weight (8x8 bits, signed)
  add \u_array.rows[1].cols[1].u_pe.psum_out (32 bits, signed)
  add \u_array.rows[9].cols[3].u_pe.act_out * \u_array.rows[9].cols[4].u_pe.weight (8x8 bits, signed)
  add \u_array.rows[8].cols[4].u_pe.psum_out (32 bits, signed)
  add \u_array.rows[0].cols[5].u_pe.act_out * \u_array.rows[0].cols[6].u_pe.weight (8x8 bits, signed)
  add \u_array.rows[14].cols[11].u_pe.act_out * \u_array.rows[14].cols[12].u_pe.weight (8x8 bits, signed)
  add \u_array.rows[13].cols[12].u_pe.psum_out (32 bits, signed)
  add \act_in_flat [103:96] * \u_array.rows[12].cols[0].u_pe.weight (8x8 bits, signed)
  add \u_array.rows[11].cols[0].u_pe.psum_out (32 bits, signed)
  add \u_array.rows[4].cols[8].u_pe.act_out * \u_array.rows[4].cols[9].u_pe.weight (8x8 bits, signed)
  add \u_array.rows[3].cols[9].u_pe.psum_out (32 bits, signed)
  add \act_in_flat [23:16] * \u_array.rows[2].cols[0].u_pe.weight (8x8 bits, signed)
  add \u_array.rows[1].cols[0].u_pe.psum_out (32 bits, signed)
  add \u_array.rows[10].cols[7].u_pe.act_out * \u_array.rows[10].cols[8].u_pe.weight (8x8 bits, signed)
  add \u_array.rows[9].cols[8].u_pe.psum_out (32 bits, signed)
  add \u_array.rows[14].cols[3].u_pe.act_out * \u_array.rows[14].cols[4].u_pe.weight (8x8 bits, signed)
  add \u_array.rows[13].cols[4].u_pe.psum_out (32 bits, signed)
  add \u_array.rows[4].cols[6].u_pe.act_out * \u_array.rows[4].cols[7].u_pe.weight (8x8 bits, signed)
  add \u_array.rows[3].cols[7].u_pe.psum_out (32 bits, signed)
  add \u_array.rows[1].cols[14].u_pe.act_out * \u_array.rows[1].cols[15].u_pe.weight (8x8 bits, signed)
  add \u_array.rows[0].cols[15].u_pe.psum_out (32 bits, signed)
  add \u_array.rows[6].cols[14].u_pe.act_out * \u_array.rows[6].cols[15].u_pe.weight (8x8 bits, signed)
  add \u_array.rows[5].cols[15].u_pe.psum_out (32 bits, signed)
  add \u_array.rows[5].cols[5].u_pe.act_out * \u_array.rows[5].cols[6].u_pe.weight (8x8 bits, signed)
  add \u_array.rows[4].cols[6].u_pe.psum_out (32 bits, signed)
  add \u_array.rows[11].cols[14].u_pe.act_out * \u_array.rows[11].cols[15].u_pe.weight (8x8 bits, signed)
  add \u_array.rows[10].cols[15].u_pe.psum_out (32 bits, signed)
  add \u_array.rows[6].cols[8].u_pe.act_out * \u_array.rows[6].cols[9].u_pe.weight (8x8 bits, signed)
  add \u_array.rows[5].cols[9].u_pe.psum_out (32 bits, signed)
  add \u_array.rows[6].cols[2].u_pe.act_out * \u_array.rows[6].cols[3].u_pe.weight (8x8 bits, signed)
  add \u_array.rows[5].cols[3].u_pe.psum_out (32 bits, signed)
  add \u_array.rows[1].cols[13].u_pe.act_out * \u_array.rows[1].cols[14].u_pe.weight (8x8 bits, signed)
  add \u_array.rows[0].cols[14].u_pe.psum_out (32 bits, signed)
  add \u_array.rows[13].cols[6].u_pe.act_out * \u_array.rows[13].cols[7].u_pe.weight (8x8 bits, signed)
  add \u_array.rows[12].cols[7].u_pe.psum_out (32 bits, signed)
  add \u_array.rows[4].cols[10].u_pe.act_out * \u_array.rows[4].cols[11].u_pe.weight (8x8 bits, signed)
  add \u_array.rows[3].cols[11].u_pe.psum_out (32 bits, signed)
  add \u_array.rows[0].cols[6].u_pe.act_out * \u_array.rows[0].cols[7].u_pe.weight (8x8 bits, signed)
  add \u_array.rows[13].cols[5].u_pe.act_out * \u_array.rows[13].cols[6].u_pe.weight (8x8 bits, signed)
  add \u_array.rows[12].cols[6].u_pe.psum_out (32 bits, signed)
  add \u_array.rows[11].cols[13].u_pe.act_out * \u_array.rows[11].cols[14].u_pe.weight (8x8 bits, signed)
  add \u_array.rows[10].cols[14].u_pe.psum_out (32 bits, signed)
  add \u_array.rows[15].cols[3].u_pe.act_out * \u_array.rows[15].cols[4].u_pe.weight (8x8 bits, signed)
  add \u_array.rows[14].cols[4].u_pe.psum_out (32 bits, signed)
  add \u_array.rows[1].cols[12].u_pe.act_out * \u_array.rows[1].cols[13].u_pe.weight (8x8 bits, signed)
  add \u_array.rows[0].cols[13].u_pe.psum_out (32 bits, signed)
  add \u_array.rows[8].cols[1].u_pe.act_out * \u_array.rows[8].cols[2].u_pe.weight (8x8 bits, signed)
  add \u_array.rows[7].cols[2].u_pe.psum_out (32 bits, signed)
  add \u_array.rows[6].cols[13].u_pe.act_out * \u_array.rows[6].cols[14].u_pe.weight (8x8 bits, signed)
  add \u_array.rows[5].cols[14].u_pe.psum_out (32 bits, signed)
  add \u_array.rows[14].cols[12].u_pe.act_out * \u_array.rows[14].cols[13].u_pe.weight (8x8 bits, signed)
  add \u_array.rows[13].cols[13].u_pe.psum_out (32 bits, signed)
  add \u_array.rows[11].cols[2].u_pe.act_out * \u_array.rows[11].cols[3].u_pe.weight (8x8 bits, signed)
  add \u_array.rows[10].cols[3].u_pe.psum_out (32 bits, signed)
  add \u_array.rows[6].cols[3].u_pe.act_out * \u_array.rows[6].cols[4].u_pe.weight (8x8 bits, signed)
  add \u_array.rows[5].cols[4].u_pe.psum_out (32 bits, signed)
  add \u_array.rows[1].cols[11].u_pe.act_out * \u_array.rows[1].cols[12].u_pe.weight (8x8 bits, signed)
  add \u_array.rows[0].cols[12].u_pe.psum_out (32 bits, signed)
  add \u_array.rows[10].cols[9].u_pe.act_out * \u_array.rows[10].cols[10].u_pe.weight (8x8 bits, signed)
  add \u_array.rows[9].cols[10].u_pe.psum_out (32 bits, signed)
  add \u_array.rows[11].cols[12].u_pe.act_out * \u_array.rows[11].cols[13].u_pe.weight (8x8 bits, signed)
  add \u_array.rows[10].cols[13].u_pe.psum_out (32 bits, signed)
  add \u_array.rows[9].cols[1].u_pe.act_out * \u_array.rows[9].cols[2].u_pe.weight (8x8 bits, signed)
  add \u_array.rows[8].cols[2].u_pe.psum_out (32 bits, signed)
  add \u_array.rows[1].cols[10].u_pe.act_out * \u_array.rows[1].cols[11].u_pe.weight (8x8 bits, signed)
  add \u_array.rows[0].cols[11].u_pe.psum_out (32 bits, signed)
  add \u_array.rows[0].cols[12].u_pe.act_out * \u_array.rows[0].cols[13].u_pe.weight (8x8 bits, signed)
  add \u_array.rows[7].cols[8].u_pe.act_out * \u_array.rows[7].cols[9].u_pe.weight (8x8 bits, signed)
  add \u_array.rows[6].cols[9].u_pe.psum_out (32 bits, signed)
  add \u_array.rows[8].cols[8].u_pe.act_out * \u_array.rows[8].cols[9].u_pe.weight (8x8 bits, signed)
  add \u_array.rows[7].cols[9].u_pe.psum_out (32 bits, signed)
  add \u_array.rows[11].cols[11].u_pe.act_out * \u_array.rows[11].cols[12].u_pe.weight (8x8 bits, signed)
  add \u_array.rows[10].cols[12].u_pe.psum_out (32 bits, signed)
  add \u_array.rows[6].cols[10].u_pe.act_out * \u_array.rows[6].cols[11].u_pe.weight (8x8 bits, signed)
  add \u_array.rows[5].cols[11].u_pe.psum_out (32 bits, signed)
  add \u_array.rows[1].cols[9].u_pe.act_out * \u_array.rows[1].cols[10].u_pe.weight (8x8 bits, signed)
  add \u_array.rows[0].cols[10].u_pe.psum_out (32 bits, signed)
  add \act_in_flat [95:88] * \u_array.rows[11].cols[0].u_pe.weight (8x8 bits, signed)
  add \u_array.rows[10].cols[0].u_pe.psum_out (32 bits, signed)
  add \u_array.rows[13].cols[11].u_pe.act_out * \u_array.rows[13].cols[12].u_pe.weight (8x8 bits, signed)
  add \u_array.rows[12].cols[12].u_pe.psum_out (32 bits, signed)
  add \act_in_flat [7:0] * \u_array.rows[0].cols[0].u_pe.weight (8x8 bits, signed)
  add \u_array.rows[9].cols[8].u_pe.act_out * \u_array.rows[9].cols[9].u_pe.weight (8x8 bits, signed)
  add \u_array.rows[8].cols[9].u_pe.psum_out (32 bits, signed)
  add \u_array.rows[6].cols[4].u_pe.act_out * \u_array.rows[6].cols[5].u_pe.weight (8x8 bits, signed)
  add \u_array.rows[5].cols[5].u_pe.psum_out (32 bits, signed)
  add \u_array.rows[1].cols[8].u_pe.act_out * \u_array.rows[1].cols[9].u_pe.weight (8x8 bits, signed)
  add \u_array.rows[0].cols[9].u_pe.psum_out (32 bits, signed)
  add \u_array.rows[0].cols[11].u_pe.act_out * \u_array.rows[0].cols[12].u_pe.weight (8x8 bits, signed)
  add \u_array.rows[11].cols[10].u_pe.act_out * \u_array.rows[11].cols[11].u_pe.weight (8x8 bits, signed)
  add \u_array.rows[10].cols[11].u_pe.psum_out (32 bits, signed)
  add \u_array.rows[10].cols[10].u_pe.act_out * \u_array.rows[10].cols[11].u_pe.weight (8x8 bits, signed)
  add \u_array.rows[9].cols[11].u_pe.psum_out (32 bits, signed)
  add \u_array.rows[0].cols[0].u_pe.act_out * \u_array.rows[0].cols[1].u_pe.weight (8x8 bits, signed)
  add \u_array.rows[14].cols[13].u_pe.act_out * \u_array.rows[14].cols[14].u_pe.weight (8x8 bits, signed)
  add \u_array.rows[13].cols[14].u_pe.psum_out (32 bits, signed)
  add \u_array.rows[10].cols[8].u_pe.act_out * \u_array.rows[10].cols[9].u_pe.weight (8x8 bits, signed)
  add \u_array.rows[9].cols[9].u_pe.psum_out (32 bits, signed)
  add \u_array.rows[1].cols[7].u_pe.act_out * \u_array.rows[1].cols[8].u_pe.weight (8x8 bits, signed)
  add \u_array.rows[0].cols[8].u_pe.psum_out (32 bits, signed)
  add \u_array.rows[8].cols[2].u_pe.act_out * \u_array.rows[8].cols[3].u_pe.weight (8x8 bits, signed)
  add \u_array.rows[7].cols[3].u_pe.psum_out (32 bits, signed)
  add \u_array.rows[15].cols[12].u_pe.act_out * \u_array.rows[15].cols[13].u_pe.weight (8x8 bits, signed)
  add \u_array.rows[14].cols[13].u_pe.psum_out (32 bits, signed)
  add \u_array.rows[11].cols[9].u_pe.act_out * \u_array.rows[11].cols[10].u_pe.weight (8x8 bits, signed)
  add \u_array.rows[10].cols[10].u_pe.psum_out (32 bits, signed)
  add \u_array.rows[6].cols[12].u_pe.act_out * \u_array.rows[6].cols[13].u_pe.weight (8x8 bits, signed)
  add \u_array.rows[5].cols[13].u_pe.psum_out (32 bits, signed)
  add \u_array.rows[1].cols[6].u_pe.act_out * \u_array.rows[1].cols[7].u_pe.weight (8x8 bits, signed)
  add \u_array.rows[0].cols[7].u_pe.psum_out (32 bits, signed)
  add \u_array.rows[0].cols[1].u_pe.act_out * \u_array.rows[0].cols[2].u_pe.weight (8x8 bits, signed)
  add \u_array.rows[13].cols[9].u_pe.act_out * \u_array.rows[13].cols[10].u_pe.weight (8x8 bits, signed)
  add \u_array.rows[12].cols[10].u_pe.psum_out (32 bits, signed)
  add \act_in_flat [71:64] * \u_array.rows[8].cols[0].u_pe.weight (8x8 bits, signed)
  add \u_array.rows[7].cols[0].u_pe.psum_out (32 bits, signed)
  add \u_array.rows[6].cols[5].u_pe.act_out * \u_array.rows[6].cols[6].u_pe.weight (8x8 bits, signed)
  add \u_array.rows[5].cols[6].u_pe.psum_out (32 bits, signed)
  add \u_array.rows[1].cols[5].u_pe.act_out * \u_array.rows[1].cols[6].u_pe.weight (8x8 bits, signed)
  add \u_array.rows[0].cols[6].u_pe.psum_out (32 bits, signed)
  add \u_array.rows[10].cols[11].u_pe.act_out * \u_array.rows[10].cols[12].u_pe.weight (8x8 bits, signed)
  add \u_array.rows[9].cols[12].u_pe.psum_out (32 bits, signed)
  add \u_array.rows[11].cols[8].u_pe.act_out * \u_array.rows[11].cols[9].u_pe.weight (8x8 bits, signed)
  add \u_array.rows[10].cols[9].u_pe.psum_out (32 bits, signed)
Using extmapper simplemap for cells of type $sdffe.
Using extmapper simplemap for cells of type $sdff.
Using template $paramod\_90_fa\WIDTH=32'00000000000000000000000000100000 for cells of type $fa.
Using template $paramod$fbc7873bff55778c0b3173955b7e4bce1d9d6834\_90_alu for cells of type $alu.
Using extmapper simplemap for cells of type $and.
Using extmapper simplemap for cells of type $not.
Using template $paramod\_90_fa\WIDTH=32'00000000000000000000000000010000 for cells of type $fa.
Using template $paramod$6df0329addda9228fcc2546de2aaf14ad26c98e1\_90_alu for cells of type $alu.
Using extmapper simplemap for cells of type $xor.
Using extmapper simplemap for cells of type $or.
Using extmapper simplemap for cells of type $mux.
Using extmapper simplemap for cells of type $pos.
Using template $paramod\_90_lcu_brent_kung\WIDTH=32'00000000000000000000000000100000 for cells of type $lcu.
Using template $paramod\_90_lcu_brent_kung\WIDTH=32'00000000000000000000000000010000 for cells of type $lcu.
No more expansions possible.
<suppressed ~54301 debug messages>

2.21. Executing OPT pass (performing simple optimizations).

2.21.1. Executing OPT_EXPR pass (perform const folding).
Optimizing module top.
<suppressed ~106448 debug messages>

2.21.2. Executing OPT_MERGE pass (detect identical cells).
Finding identical cells in module `\top'.
Computing hashes of 390368 cells of `\top'.
Finding duplicate cells in `\top'.
Computing hashes of 350176 cells of `\top'.
Finding duplicate cells in `\top'.
Computing hashes of 325088 cells of `\top'.
Finding duplicate cells in `\top'.
Computing hashes of 306656 cells of `\top'.
Finding duplicate cells in `\top'.
Computing hashes of 293344 cells of `\top'.
Finding duplicate cells in `\top'.
Computing hashes of 288640 cells of `\top'.
Finding duplicate cells in `\top'.
Computing hashes of 280384 cells of `\top'.
Finding duplicate cells in `\top'.
Computing hashes of 272416 cells of `\top'.
Finding duplicate cells in `\top'.
Computing hashes of 268576 cells of `\top'.
Finding duplicate cells in `\top'.
Computing hashes of 261376 cells of `\top'.
Finding duplicate cells in `\top'.
Computing hashes of 260896 cells of `\top'.
Finding duplicate cells in `\top'.
Computing hashes of 260656 cells of `\top'.
Finding duplicate cells in `\top'.
Computing hashes of 260208 cells of `\top'.
Finding duplicate cells in `\top'.
Computing hashes of 259760 cells of `\top'.
Finding duplicate cells in `\top'.
Computing hashes of 259536 cells of `\top'.
Finding duplicate cells in `\top'.
Computing hashes of 259120 cells of `\top'.
Finding duplicate cells in `\top'.
Computing hashes of 258544 cells of `\top'.
Finding duplicate cells in `\top'.
Computing hashes of 258384 cells of `\top'.
Finding duplicate cells in `\top'.
Computing hashes of 258272 cells of `\top'.
Finding duplicate cells in `\top'.
Computing hashes of 258240 cells of `\top'.
Finding duplicate cells in `\top'.
Computing hashes of 258208 cells of `\top'.
Finding duplicate cells in `\top'.
<suppressed ~396480 debug messages>
Removed a total of 132160 cells.

2.21.3. Executing OPT_DFF pass (perform DFF optimizations).

2.21.4. Executing OPT_CLEAN pass (remove unused cells and wires).
Finding unused cells or wires in module \top..
Removed 13776 unused cells and 37408 unused wires.
<suppressed ~13777 debug messages>

2.21.5. Finished fast OPT passes.

2.22. Executing ABC pass (technology mapping using ABC).

2.22.1. Extracting gate netlist of module `\top' to `<abc-temp-dir>/input.blif'..

2.22.1.1. Executed ABC.
Extracted 232528 gates and 244048 wires to a netlist network with 11520 inputs and 7936 outputs.
Running ABC script: <abc-temp-dir>/abc.script
ABC: UC Berkeley, ABC 1.01 (compiled Sep 12 2026 05:01:00)
ABC: abc 01> empty
ABC: abc 01> source <abc-temp-dir>/abc.script
ABC: + read_blif <abc-temp-dir>/input.blif 
ABC: + read_library <abc-temp-dir>/stdcells.genlib 
ABC: + strash 
ABC: + &get -n 
ABC: + &fraig -x 
ABC: + &put 
ABC: + scorr 
ABC: Warning: The network is combinational (run "fraig" or "fraig_sweep").
ABC: + dc2 
ABC: + dretime 
ABC: + strash 
ABC: + &get -n 
ABC: + &dch -f 
ABC: + &nf 
ABC: + &put 
ABC: + write_blif <abc-temp-dir>/output.blif 
ABC: 
ABC: YOSYS_ABC_DONE 

2.22.1.2. Re-integrating ABC results.
ABC RESULTS:               AND cells:    26880
ABC RESULTS:            ANDNOT cells:     4659
ABC RESULTS:               MUX cells:      814
ABC RESULTS:              NAND cells:    85742
ABC RESULTS:               NOR cells:      447
ABC RESULTS:               NOT cells:      257
ABC RESULTS:                OR cells:     7520
ABC RESULTS:             ORNOT cells:     5339
ABC RESULTS:              XNOR cells:    20953
ABC RESULTS:               XOR cells:    53109
ABC RESULTS:        internal signals:   224592
ABC RESULTS:           input signals:    11520
ABC RESULTS:          output signals:     7936
Removing temp directory.
Removing global temp directory.

2.23. Executing OPT pass (performing simple optimizations).

2.23.1. Executing OPT_EXPR pass (perform const folding).
Optimizing module top.

2.23.2. Executing OPT_MERGE pass (detect identical cells).
Finding identical cells in module `\top'.
Computing hashes of 217624 cells of `\top'.
Finding duplicate cells in `\top'.
Computing hashes of 217384 cells of `\top'.
Finding duplicate cells in `\top'.
Computing hashes of 217144 cells of `\top'.
Finding duplicate cells in `\top'.
Computing hashes of 216680 cells of `\top'.
Finding duplicate cells in `\top'.
Computing hashes of 216006 cells of `\top'.
Finding duplicate cells in `\top'.
Computing hashes of 215599 cells of `\top'.
Finding duplicate cells in `\top'.
Computing hashes of 215227 cells of `\top'.
Finding duplicate cells in `\top'.
Computing hashes of 214937 cells of `\top'.
Finding duplicate cells in `\top'.
Computing hashes of 214668 cells of `\top'.
Finding duplicate cells in `\top'.
Computing hashes of 214562 cells of `\top'.
Finding duplicate cells in `\top'.
Computing hashes of 214370 cells of `\top'.
Finding duplicate cells in `\top'.
Computing hashes of 214248 cells of `\top'.
Finding duplicate cells in `\top'.
<suppressed ~10128 debug messages>
Removed a total of 3376 cells.

2.23.3. Executing OPT_DFF pass (perform DFF optimizations).

2.23.4. Executing OPT_CLEAN pass (remove unused cells and wires).
Finding unused cells or wires in module \top..
Removed 0 unused cells and 54384 unused wires.
<suppressed ~1 debug messages>

2.23.5. Finished fast OPT passes.

2.24. Executing HIERARCHY pass (managing design hierarchy).
Attribute `top' found on module `top'. Setting top module to top.

2.24.1. Analyzing design hierarchy..
Top module:  \top

2.24.2. Analyzing design hierarchy..
Top module:  \top
Removed 0 unused modules.

2.25. Printing statistics.

=== top ===

        +----------Local Count, excluding submodules.
        | 
   199257 wires
   297038 wire bits
     2833 public wires
    54534 public wire bits
        6 ports
     2691 port bits
   214248 cells
     4648   $_ANDNOT_
    26496   $_AND_
      814   $_MUX_
    84502   $_NAND_
      447   $_NOR_
      257   $_NOT_
     5148   $_ORNOT_
     7338   $_OR_
     2048   $_SDFFE_PP0P_
     9616   $_SDFF_PP0_
    20308   $_XNOR_
    52626   $_XOR_

2.26. Executing CHECK pass (checking for obvious problems).
Checking module top...
Found and reported 0 problems.

3. Executing DFFLIBMAP pass (mapping DFF/DLATCH cells to sequential cells from liberty file).
  cell sg13g2_dfrbpq_1 (noninv, pins=4, area=48.99) is a direct match for cell type $_DFF_PN0_.
  cell sg13g2_dlhq_1 (noninv, pins=3, area=30.84) is a direct match for cell type $_DLATCH_P_.
  cell sg13g2_dllrq_1 (noninv, pins=4, area=29.03) is a direct match for cell type $_DLATCH_NN0_.
  cell sg13g2_dlhrq_1 (noninv, pins=4, area=27.22) is a direct match for cell type $_DLATCH_PN0_.
  final dff/dlatch cell mappings:
    unmapped dff/dlatch cell: $_DFF_N_
    unmapped dff/dlatch cell: $_DFF_P_
    unmapped dff/dlatch cell: $_DFF_NN0_
    unmapped dff/dlatch cell: $_DFF_NN1_
    unmapped dff/dlatch cell: $_DFF_NP0_
    unmapped dff/dlatch cell: $_DFF_NP1_
    \sg13g2_dfrbpq_1 _DFF_PN0_ (.CLK( C), .D( D), .Q( Q), .RESET_B( R));
    unmapped dff/dlatch cell: $_DFF_PN1_
    unmapped dff/dlatch cell: $_DFF_PP0_
    unmapped dff/dlatch cell: $_DFF_PP1_
    unmapped dff/dlatch cell: $_DFFE_NN_
    unmapped dff/dlatch cell: $_DFFE_NP_
    unmapped dff/dlatch cell: $_DFFE_PN_
    unmapped dff/dlatch cell: $_DFFE_PP_
    unmapped dff/dlatch cell: $_DFFSR_NNN_
    unmapped dff/dlatch cell: $_DFFSR_NNP_
    unmapped dff/dlatch cell: $_DFFSR_NPN_
    unmapped dff/dlatch cell: $_DFFSR_NPP_
    unmapped dff/dlatch cell: $_DFFSR_PNN_
    unmapped dff/dlatch cell: $_DFFSR_PNP_
    unmapped dff/dlatch cell: $_DFFSR_PPN_
    unmapped dff/dlatch cell: $_DFFSR_PPP_
    unmapped dff/dlatch cell: $_DLATCH_N_
    \sg13g2_dlhq_1 _DLATCH_P_ (.D( D), .GATE( E), .Q( Q));
    \sg13g2_dllrq_1 _DLATCH_NN0_ (.D( D), .GATE_N( E), .Q( Q), .RESET_B( R));
    unmapped dff/dlatch cell: $_DLATCH_NN1_
    unmapped dff/dlatch cell: $_DLATCH_NP0_
    unmapped dff/dlatch cell: $_DLATCH_NP1_
    \sg13g2_dlhrq_1 _DLATCH_PN0_ (.D( D), .GATE( E), .Q( Q), .RESET_B( R));
    unmapped dff/dlatch cell: $_DLATCH_PN1_
    unmapped dff/dlatch cell: $_DLATCH_PP0_
    unmapped dff/dlatch cell: $_DLATCH_PP1_
    unmapped dff/dlatch cell: $_DLATCHSR_NNN_
    unmapped dff/dlatch cell: $_DLATCHSR_NNP_
    unmapped dff/dlatch cell: $_DLATCHSR_NPN_
    unmapped dff/dlatch cell: $_DLATCHSR_NPP_
    unmapped dff/dlatch cell: $_DLATCHSR_PNN_
    unmapped dff/dlatch cell: $_DLATCHSR_PNP_
    unmapped dff/dlatch cell: $_DLATCHSR_PPN_
    unmapped dff/dlatch cell: $_DLATCHSR_PPP_

3.1. Executing DFFLEGALIZE pass (convert FFs and LATCHes to types supported by the target).
<suppressed ~4 debug messages>
Mapping DFF/DLATCH cells in module `\top':
  mapped 11664 $_DFF_PN0_ cells to \sg13g2_dfrbpq_1 cells.

4. Executing ABC pass (technology mapping using ABC).

4.1. Extracting gate netlist of module `\top' to `<abc-temp-dir>/input.blif'..
ABC: using cached merged SCL: /tmp/yosys-liberty-scl-cache-1000/yosys_merged_0a0e92c0.scl (1 files)

4.1.1. Executed ABC.
Extracted 216296 gates and 229627 wires to a netlist network with 13330 inputs and 11664 outputs.
Running ABC script: <abc-temp-dir>/abc.script
ABC: UC Berkeley, ABC 1.01 (compiled Sep 12 2026 05:01:00)
ABC: abc 01> empty
ABC: abc 01> source <abc-temp-dir>/abc.script
ABC: + read_blif <abc-temp-dir>/input.blif 
ABC: + read_scl /tmp/yosys-liberty-scl-cache-1000/yosys_merged_0a0e92c0.scl 
ABC: + strash 
ABC: + &get -n 
ABC: + &fraig -x 
ABC: + &put 
ABC: + scorr 
ABC: Warning: The network is combinational (run "fraig" or "fraig_sweep").
ABC: + dc2 
ABC: + dretime 
ABC: + retime -o -D 3000 
ABC: + strash 
ABC: + &get -n 
ABC: + &dch -f 
ABC: + &nf -D 3000 
ABC: + &put 
ABC: + write_blif <abc-temp-dir>/output.blif 
ABC: 
ABC: YOSYS_ABC_DONE 

4.1.2. Re-integrating ABC results.
ABC RESULTS:     sg13g2_a21o_1 cells:     4042
ABC RESULTS:    sg13g2_a21oi_1 cells:    18009
ABC RESULTS:   sg13g2_a221oi_1 cells:      249
ABC RESULTS:    sg13g2_a22oi_1 cells:     3956
ABC RESULTS:     sg13g2_and2_1 cells:     5260
ABC RESULTS:     sg13g2_and3_1 cells:     2061
ABC RESULTS:     sg13g2_and4_1 cells:     1651
ABC RESULTS:      sg13g2_inv_1 cells:    10417
ABC RESULTS:     sg13g2_mux2_1 cells:      181
ABC RESULTS:    sg13g2_nand2_1 cells:    20221
ABC RESULTS:   sg13g2_nand2b_1 cells:    13040
ABC RESULTS:    sg13g2_nand3_1 cells:     4235
ABC RESULTS:   sg13g2_nand3b_1 cells:      694
ABC RESULTS:    sg13g2_nand4_1 cells:     1152
ABC RESULTS:     sg13g2_nor2_1 cells:    19698
ABC RESULTS:    sg13g2_nor2b_1 cells:    12056
ABC RESULTS:     sg13g2_nor3_1 cells:     5005
ABC RESULTS:     sg13g2_nor4_1 cells:      305
ABC RESULTS:    sg13g2_o21ai_1 cells:    17910
ABC RESULTS:      sg13g2_or2_1 cells:     4452
ABC RESULTS:      sg13g2_or3_1 cells:     1725
ABC RESULTS:      sg13g2_or4_1 cells:        1
ABC RESULTS:    sg13g2_xnor2_1 cells:    35856
ABC RESULTS:     sg13g2_xor2_1 cells:    19020
ABC RESULTS:        internal signals:   204633
ABC RESULTS:           input signals:    13330
ABC RESULTS:          output signals:    11664
Removing temp directory.
Removing global temp directory.
Removed 0 unused cells and 223466 unused wires.

5. Printing statistics.

=== top ===

        +----------Local Count, excluding submodules.
        |        +-Local Area, excluding submodules.
        |        | 
   204029        - wires
   255730        - wire bits
     2833        - public wires
    54534        - public wire bits
        6        - ports
     2691        - port bits
   212860 2.64E+06 cells
     4042 5.13E+04   sg13g2_a21o_1
    18009 1.63E+05   sg13g2_a21oi_1
      249 3.61E+03   sg13g2_a221oi_1
     3956 4.29E+04   sg13g2_a22oi_1
     5260 4.77E+04   sg13g2_and2_1
     2061 2.62E+04   sg13g2_and3_1
     1651  2.4E+04   sg13g2_and4_1
    11664 5.71E+05   sg13g2_dfrbpq_1
    10417 5.67E+04   sg13g2_inv_1
      181 3.28E+03   sg13g2_mux2_1
    20221 1.47E+05   sg13g2_nand2_1
    13040 1.18E+05   sg13g2_nand2b_1
     4235 3.84E+04   sg13g2_nand3_1
      694 8.81E+03   sg13g2_nand3b_1
     1152 1.25E+04   sg13g2_nand4_1
    19698 1.43E+05   sg13g2_nor2_1
    12056 1.09E+05   sg13g2_nor2b_1
     5005 4.54E+04   sg13g2_nor3_1
      305 3.32E+03   sg13g2_nor4_1
    17910 1.62E+05   sg13g2_o21ai_1
     4452 4.04E+04   sg13g2_or2_1
     1725 2.19E+04   sg13g2_or3_1
        1   14.515   sg13g2_or4_1
    35856  5.2E+05   sg13g2_xnor2_1
    19020 2.76E+05   sg13g2_xor2_1

   Chip area for module '\top': 2637712.274400
     of which used for sequential elements: 571405.363200 (21.66%)

6. Executing Verilog backend.

6.1. Executing BMUXMAP pass.

6.2. Executing DEMUXMAP pass.
Dumping module `\top'.

End of script. Logfile hash: 958477eacf, time: 115.99s, user: 51.90s, system: 5.76s, MEM: 877.85 MB peak
Yosys 0.69+24 (git sha1 d0e71cfb7-dirty, Release, Clang /usr/bin/clang++ 21.1.8)
Time spent: 63% 2x abc (83 sec), 8% 16x opt_merge (11 sec), ...
